Workbook
Name SlicerCache_Table_2_Col_15: #N/A
Name SlicerCache_Table_2_Col_4: #N/A
Name SlicerCache_Table_4_Col_15: #N/A
Name SlicerCache_Table_4_Col_4: #N/A
Name SlicerCache_Table_6_Col_26: #N/A
Name SlicerCache_Table_6_Col_4: #N/A
Name SlicerCache_Table_7_Col_15: #N/A
Name SlicerCache_Table_7_Col_4: #N/A
Name SlicerCache_Table_8_Col_15: #N/A
Name SlicerCache_Table_8_Col_23: #N/A
Name SlicerCache_Table_8_Col_4: #N/A
Name SlicerCache_Table_9_Col_15: #N/A
Name SlicerCache_Table_9_Col_23: #N/A
Name SlicerCache_Table_9_Col_4: #N/A

Sheet Sheet1
A1: 번호 | B1: 고유번호 | C1: 인원수 | D1: 지역 | E1: 팀 | F1: 지역총괄팀장 | G1: 담당팀장 | H1: 팀장 | I1: 구역장 | J1: 부구역장(1) | K1: 부구역장(2) | L1: 부구역장(3) | M1: 구역 | N1: 새신자 | O1: 직책 | P1: 겸직 | Q1: 부서 | R1: 이름(KR) | S1: 이름(RU) | T1: 성별 | U1: 생년월일 | V1: (만)나이 | W1: 전화번호 | X1: 직분 | Y1: 등록상태 | Z1: 국적 | AA1: 국가 | AB1: 도시명 | AC1: 출결 여부 | AD1: 사유/기간 | AE1: 센터기수 | AF1: 기타사항 | AG1: 변경전 지역 | AH1: десятина-1 | AI1: 금액 | AJ1: 메모
A2: 1 | B2: 00360527-00006 | C2: 42 | D2: 국내성도 | E2: 국내_장년 | F2: 00350330-00205 | G2: 김세진 | H2: 00360527-00006 | I2: 00360830-00345 | J2: x | K2: x | M2: 1구역 | O2: 국내총괄팀장 | P2: 구역장 | Q2: 2장년 | R2: 김세진 | S2: Ким Сергей | T2: 남 | U2: 32431 | V2: 37 | W2: 010.6640.3437 | X2: 집사 | Y2: 총회등록 | Z2: 우즈베키스탄/한국(국적취득) | AA2: 한국 | AB2: 서울특별시 | AG2: 국내성도
A3: 2 | B3: 00360830-00345 | C3: 39 | D3: 국내성도 | E3: 국내_장년 | F3: 00350330-00205 | G3: 김세진 | H3: 00360527-00006 | I3: 00360830-00345 | J3: x | K3: x | M3: 1구역 | O3: 구역장 | Q3: 2장년 | R3: 허드미트리 | S3: Хе Дмитрий | T3: 남 | U3: 32370 | V3: 37 | W3: 010-9575-8815 | X3: 집사 | Y3: 총회등록 | Z3: 우즈베키스탄 | AA3: 한국 | AB3: 서울특별시 | AG3: 국내성도
A4: 3 | B4: 00291129-00211 | C4: 36 | D4: 해외개척 | E4: 국내_장년 | F4: 00350330-00205 | G4: 김세진 | H4: 00360527-00006 | I4: 00360830-00345 | J4: x | K4: x | M4: 1구역 | Q4: 2장년 | R4: 김에두아르드 | S4: Ким Эдуард | T4: 남 | U4: 29900 | V4: 44 | W4: 010-2426-2496/(+1(506) 898-3709) | X4: 집사 | Y4: 총회등록 | Z4: 우크라이나 | AA4: 캐나다 | AB4: 프레더릭턴 | AG4: 해외개척
A5: 4 | B5: 00360830-00344 | C5: 33 | D5: 국내성도 | E5: 국내_장년 | F5: 00350330-00205 | G5: 김세진 | H5: 00360527-00006 | I5: 00360830-00345 | J5: x | K5: x | M5: 1구역 | Q5: 2장년 | R5: 이드미트리 | S5: Ли Дмитрий | T5: 남 | U5: 32279 | V5: 37 | W5: 010-2351-0933 | X5: 집사 | Y5: 총회등록 | Z5: 우즈베키스탄 | AA5: 한국 | AB5: 서울특별시 | AG5: 국내성도
A6: 5 | B6: 00320813-00008 | C6: 30 | D6: 국내성도 | E6: 국내_장년 | F6: 00350330-00205 | G6: 김세진 | H6: 00360527-00006 | I6: 00360830-00345 | J6: x | K6: x | M6: 1구역 | Q6: 2장년 | R6: 박뱌체슬라브 | S6: Пак Вячеслав | T6: 남 | U6: 31456 | V6: 39 | W6: 010-4374-0713 | X6: 집사 | Y6: 총회등록 | Z6: 우즈베키스탄 | AA6: 한국 | AB6: 서울특별시 | AG6: 국내성도
A7: 6 | B7: 00371218-00469 | C7: 27 | D7: 국내성도 | E7: 국내_장년 | F7: 00350330-00205 | G7: 김세진 | H7: 00360527-00006 | I7: 00360830-00345 | J7: x | K7: x | M7: 1구역 | Q7: 2장년 | R7: 한세묜세묘노비치 | S7: Хан Семён | T7: 남 | U7: 33599 | V7: 34 | W7: 010-8433-2802 | X7: 집사 | Y7: 총회등록 | Z7: 우즈베키스탄 | AA7: 한국 | AB7: 서울특별시 | AG7: 국내성도
A8: 7 | B8: 00360810-00494 | C8: 24 | D8: 국내성도 | E8: 국내_장년 | F8: 00350330-00205 | G8: 김세진 | H8: 00360527-00006 | I8: 00360830-00345 | J8: x | K8: x | M8: 1구역 | Q8: 2장년 | R8: 오가이디미트리 | S8: Огай Дмитрий | T8: 남 | U8: 31780 | V8: 39 | W8: 010-4333-4896 | X8: 집사 | Y8: 총회등록 | Z8: 우즈베키스탄 | AA8: 한국 | AB8: 전라남도 | AG8: 국내성도
A9: 8 | B9: 00371217-01048 | C9: 21 | D9: 국내성도 | E9: 국내_장년 | F9: 00350330-00205 | G9: 김세진 | H9: 00360527-00006 | I9: 00360830-00345 | J9: x | K9: x | M9: 1구역 | O9: 새신자팀장 | P9: 구역장 | Q9: 2장년 | R9: 강블라디미르파블로비치 | S9: Кан Владимир | T9: 남 | U9: 33031 | V9: 35 | W9: 010-5820-6557 | X9: 집사 | Y9: 총회등록 | Z9: 러시아 | AA9: 한국 | AB9: 서울특별시 | AG9: 국내성도
A10: 9 | B10: 00390826-00075 | C10: 18 | D10: 국내성도 | E10: 국내_청년 | F10: 00350330-00205 | G10: 김세진 | H10: 00360527-00006 | I10: 00390826-00075 | J10: x | K10: x | M10: 2구역 | O10: 구역장 | Q10: 4청년 | R10: 김세르게이발레리예비치 | S10: Ким Сергей Валерьевич | T10: 남 | U10: 32305 | V10: 37 | W10: 010-8441-1728 | X10: 문도 | Y10: 총회등록 | Z10: 러시아 | AA10: 한국 | AB10: 경기도 | AE10: 147-1기 | AG10: 국내성도
A11: 10 | B11: 00311023-00027 | C11: 15 | D11: 국내성도 | E11: 국내_청년 | F11: 00350330-00205 | G11: 김세진 | H11: 00360527-00006 | I11: 00390826-00075 | J11: x | K11: x | M11: 2구역 | Q11: 4청년 | R11: 주유리 | S11: Дю Юрий | T11: 남 | U11: 32377 | V11: 37 | W11: 010-3141-8193 | X11: 문도 | Y11: 총회등록 | Z11: 러시아 | AA11: 한국 | AB11: 서울특별시 | AG11: 국내성도
A12: 11 | B12: 00390826-00117 | C12: 12 | D12: 국내성도 | E12: 국내_청년 | F12: 00350330-00205 | G12: 김세진 | H12: 00360527-00006 | I12: 00390826-00075 | J12: x | K12: x | M12: 2구역 | Q12: 4청년 | R12: 손이고르아루투로비치 | S12: Сон Игорь Артурович | T12: 남 | U12: 36739 | V12: 25 | W12: 010-97112243 | X12: 성도 | Y12: 총회등록 | Z12: 우즈베키스탄 | AA12: 한국 | AB12: 서울특별시 | AE12: 147-4기 | AG12: 국내성도
A13: 12 | B13: 00360830-00347 | C13: 9 | D13: 국내성도 | E13: 국내_청년 | F13: 00350330-00205 | G13: 김세진 | H13: 00360527-00006 | I13: 00390826-00075 | J13: x | K13: x | M13: 2구역 | Q13: 4청년 | R13: 강파벨 | S13: Кан Павел | T13: 남 | U13: 33538 | V13: 34 | W13: 010-5552-2710 | X13: 성도 | Y13: 교회등록 | Z13: 카자흐스탄 | AA13: 한국 | AB13: 경상북도 | AC13: 출결제외 | AD13: 신앙유약 | AG13: 국내성도
A14: 13 | B14: 00400227-01416 | C14: 6 | D14: 국내성도 | E14: 국내_청년 | F14: 00350330-00205 | G14: 김세진 | H14: 00360527-00006 | I14: 00390826-00075 | J14: x | K14: x | M14: 2구역 | Q14: 4청년 | R14: 김예브게니알렉산드로비치 | S14: Ким Евгений Александрович | T14: 남 | U14: 33400 | V14: 34 | W14: 7-747-455-6934 | X14: 성도 | Y14: 입교 | Z14: 카자흐스탄 | AA14: 카자흐스탄 | AB14: 알마티 | AC14: 출결제외 | AD14: 신앙유약 | AE14: 149-1기 | AG14: 국내성도
A15: 14 | B15: 00261225-00087 | C15: 3 | D15: 국내성도 | E15: 국내_부녀 | F15: 00350330-00205 | G15: 차소연 | H15: 00341026-00033 | I15: 00261225-00087 | J15: 00290520-00027 | K15: x | M15: 1구역 | O15: 구역장 | Q15: 3부녀 | R15: 최승미 | S15: Цой Виктория(ЦойСынгМи) | T15: 여 | U15: 31249 | V15: 40 | W15: 010-8921-3985 | X15: 집사 | Y15: 총회등록 | Z15: 우즈베키스탄 | AA15: 한국 | AB15: 서울특별시 | AG15: 국내성도
A16: 15 | B16: 00290520-00027 | C16: 6 | D16: 국내성도 | E16: 국내_부녀 | F16: 00350330-00205 | G16: 차소연 | H16: 00341026-00033 | I16: 00261225-00087 | J16: 00290520-00027 | K16: x | M16: 1구역 | O16: 부구역장 | Q16: 3부녀 | R16: 정갈리나 | S16: Тен Галина | T16: 여 | U16: 29183 | V16: 46 | W16: 010-5329-6884 | X16: 집사 | Y16: 총회등록 | Z16: 카자흐스탄 | AA16: 한국 | AB16: 서울특별시 | AG16: 국내성도
A17: 16 | B17: 00361031-00487 | C17: 9 | D17: 국내성도 | E17: 국내_부녀 | F17: 00350330-00205 | G17: 차소연 | H17: 00341026-00033 | I17: 00261225-00087 | J17: 00290520-00027 | K17: x | M17: 1구역 | Q17: 3부녀 | R17: 최릴리야 | S17: Цой Лилия | T17: 여 | U17: 33815 | V17: 33 | W17: 010-7550-5848 | X17: 집사 | Y17: 총회등록 | Z17: 우즈베키스탄 | AA17: 한국 | AB17: 인천광역시 | AG17: 국내성도
A18: 17 | B18: 00311023-00028 | C18: 12 | D18: 국내성도 | E18: 국내_부녀 | F18: 00350330-00205 | G18: 차소연 | H18: 00341026-00033 | I18: 00261225-00087 | J18: 00290520-00027 | K18: x | M18: 1구역 | Q18: 3부녀 | R18: 박옐레나 | S18: Пак Елена | T18: 여 | U18: 32547 | V18: 36 | W18: 010-5615-2266 | X18: 집사 | Y18: 총회등록 | Z18: 우즈베키스탄 | AA18: 한국 | AB18: 경기도 | AG18: 국내성도
A19: 18 | B19: 00280508-00022 | C19: 15 | D19: 국내성도 | E19: 국내_부녀 | F19: 00350330-00205 | G19: 차소연 | H19: 00341026-00033 | I19: 00261225-00087 | J19: 00290520-00027 | K19: x | M19: 1구역 | Q19: 3부녀 | R19: 엘리나바투크흐티나 | S19: Батухтина Элина | T19: 여 | U19: 31504 | V19: 39 | W19: 010-4593-5238 | X19: 문도 | Y19: 총회등록 | Z19: 우크라이나 | AA19: 한국 | AB19: 서울특별시 | AC19: 출결제외 | AD19: 신앙유약 | AG19: 국내성도
A20: 19 | B20: 00360830-00346 | C20: 18 | D20: 국내성도 | E20: 국내_부녀 | F20: 00350330-00205 | G20: 차소연 | H20: 00341026-00033 | I20: 00360830-00346 | J20: 00350330-00153 | K20: x | M20: 2구역 | O20: 구역장 | Q20: 3부녀 | R20: 김예카테리나 | S20: Ким Екатерина | T20: 여 | U20: 33312 | V20: 34 | W20: 010-5877-6557 | X20: 집사 | Y20: 총회등록 | Z20: 우즈베키스탄 | AA20: 한국 | AB20: 서울특별시 | AG20: 국내성도
A21: 20 | B21: 00350330-00153 | C21: 21 | D21: 국내성도 | E21: 국내_부녀 | F21: 00350330-00205 | G21: 차소연 | H21: 00341026-00033 | I21: 00360830-00346 | J21: 00350330-00153 | K21: x | M21: 2구역 | O21: 부구역장 | Q21: 3부녀 | R21: 문발레리야 | S21: Мун Валерия | T21: 여 | U21: 32771 | V21: 36 | W21: 010-7296-2009 | X21: 집사 | Y21: 총회등록 | Z21: 카자흐스탄 | AA21: 한국 | AB21: 서울특별시 | AG21: 국내성도
A22: 21 | B22: 00371217-01047 | C22: 24 | D22: 국내성도 | E22: 국내_부녀 | F22: 00350330-00205 | G22: 차소연 | H22: 00341026-00033 | I22: 00360830-00346 | J22: 00350330-00153 | K22: x | M22: 2구역 | O22: 새신자팀장 | P22: 구역장 | Q22: 3부녀 | R22: 칸타코바안나일리니치나 | S22: Кантакова Анна | T22: 여 | U22: 31722 | V22: 39 | W22: 010-2887-6167 | X22: 집사 | Y22: 총회등록 | Z22: 러시아 | AA22: 한국 | AB22: 서울특별시 | AG22: 국내성도
A23: 22 | B23: 00340624-00330 | C23: 27 | D23: 국내성도 | E23: 국내_부녀 | F23: 00350330-00205 | G23: 차소연 | H23: 00341026-00033 | I23: 00360830-00346 | J23: 00350330-00153 | K23: x | M23: 2구역 | Q23: 3부녀 | R23: 최유나 | S23: Цой Ольга | T23: 여 | U23: 31062 | V23: 41 | W23: 010-2570-6278 | X23: 집사 | Y23: 총회등록 | Z23: 한국 | AA23: 한국 | AB23: 서울특별시 | AG23: 국내성도
A24: 23 | B24: 00270903-00002 | C24: 30 | D24: 국내성도 | E24: 국내_부녀 | F24: 00350330-00205 | G24: 차소연 | H24: 00341026-00033 | I24: 00360830-00346 | J24: 00350330-00153 | K24: x | M24: 2구역 | Q24: 3부녀 | R24: 정류드밀라 | S24: Тен Людмила | T24: 여 | U24: 30208 | V24: 43 | W24: 010-7624-7907 | X24: 집사 | Y24: 총회등록 | Z24: 카자흐스탄 | AA24: 한국 | AB24: 서울특별시 | AG24: 국내성도
A25: 24 | B25: 00310314-00227 | C25: 33 | D25: 국내성도 | E25: 국내_부녀 | F25: 00350330-00205 | G25: 차소연 | H25: 00341026-00033 | I25: 00360830-00346 | J25: 00350330-00153 | K25: x | M25: 2구역 | Q25: 3부녀 | R25: 한옐레나 | S25: Хан Елена | T25: 여 | U25: 31075 | V25: 41 | W25: 010-8285-1011 | X25: 집사 | Y25: 총회등록 | Z25: 러시아 | AA25: 한국 | AB25: 서울특별시 | AC25: 출결제외 | AD25: 신앙유약 | AG25: 국내성도
A26: 25 | B26: 00320813-00009 | C26: 36 | D26: 국내성도 | E26: 국내_부녀 | F26: 00350330-00205 | G26: 차소연 | H26: 00341026-00033 | I26: 00360830-00346 | J26: 00350330-00153 | K26: x | M26: 2구역 | Q26: 3부녀 | R26: 이다리야B | S26: Ли Дарья | T26: 여 | U26: 31736 | V26: 39 | W26: 010-4045-1523 | X26: 문도 | Y26: 총회등록 | Z26: 우즈베키스탄 | AA26: 한국 | AB26: 서울특별시 | AC26: 출결제외 | AD26: 신앙유약 | AG26: 국내성도
A27: 26 | B27: 00341026-00033 | C27: 39 | D27: 국내성도 | E27: 국내_부녀 | F27: 00350330-00205 | G27: 차소연 | H27: 00341026-00033 | I27: 00341026-00033 | J27: 00270104-00035 | K27: 00371218-00466 | M27: 3구역 | O27: 팀장 | P27: 구역장 | Q27: 3부녀 | R27: 차소연 | S27: Ча Лариса | T27: 여 | U27: 30625 | V27: 42 | W27: 010-2882-8927 | X27: 집사 | Y27: 총회등록 | Z27: 한국 | AA27: 한국 | AB27: 전라남도 | AG27: 국내성도
A28: 27 | B28: 00270104-00035 | C28: 42 | D28: 국내성도 | E28: 국내_부녀 | F28: 00350330-00205 | G28: 차소연 | H28: 00341026-00033 | I28: 00341026-00033 | J28: 00270104-00035 | K28: 00371218-00466 | M28: 3구역 | O28: 부구역장 | Q28: 3부녀 | R28: 굴나라사드코바 | S28: Садыкова Гульнара | T28: 여 | U28: 30935 | V28: 41 | W28: 010-6406-8815 | X28: 집사 | Y28: 총회등록 | Z28: 키르기스스탄 | AA28: 한국 | AB28: 서울특별시 | AG28: 국내성도
A29: 28 | B29: 00371218-00466 | C29: 45 | D29: 국내성도 | E29: 국내_부녀 | F29: 00350330-00205 | G29: 차소연 | H29: 00341026-00033 | I29: 00341026-00033 | J29: 00270104-00035 | K29: 00371218-00466 | M29: 3구역 | O29: 부구역장 | Q29: 3부녀 | R29: 이이리나라디오노브나 | S29: Ли Ирина | T29: 여 | U29: 33662 | V29: 33 | W29: 010-2394-2802 | X29: 집사 | Y29: 총회등록 | Z29: 우즈베키스탄 | AA29: 한국 | AB29: 서울특별시 | AG29: 국내성도
A30: 29 | B30: 00371218-00453 | C30: 48 | D30: 국내성도 | E30: 국내_부녀 | F30: 00350330-00205 | G30: 차소연 | H30: 00341026-00033 | I30: 00341026-00033 | J30: 00270104-00035 | K30: 00371218-00466 | M30: 3구역 | Q30: 1자문 | R30: 김류드밀라 | S30: Ким Людмила | T30: 여 | U30: 18173 | V30: 76 | W30: 010-9692-4972 | X30: 성도 | Y30: 총회등록 | Z30: 우즈베키스탄 | AA30: 한국 | AB30: 경기도 | AG30: 국내성도
A31: 30 | B31: 00350330-00148 | C31: 51 | D31: 국내성도 | E31: 국내_부녀 | F31: 00350330-00205 | G31: 차소연 | H31: 00341026-00033 | I31: 00341026-00033 | J31: 00270104-00035 | K31: 00371218-00466 | M31: 3구역 | Q31: 3부녀 | R31: 주숙자 | S31: Дю Светлана | T31: 여 | U31: 21465 | V31: 67 | W31: 010-5567-8193 | X31: 집사 | Y31: 총회등록 | Z31: 러시아 | AA31: 한국 | AB31: 서울특별시 | AG31: 국내성도
A32: 31 | B32: 00390826-00066 | C32: 54 | D32: 국내성도 | E32: 국내_부녀 | F32: 00350330-00205 | G32: 차소연 | H32: 00341026-00033 | I32: 00341026-00033 | J32: 00270104-00035 | K32: 00371218-00466 | M32: 3구역 | Q32: 3부녀 | R32: 박이리나빅토로브나 | S32: Пак Ирина Викторовна | T32: 여 | U32: 24988 | V32: 57 | W32: 010-5201-5526 | X32: 성도 | Y32: 입교 | Z32: 키르기스스탄 | AA32: 한국 | AB32: 충청북도 | AE32: 147-1기 | AG32: 국내성도
A33: 32 | B33: 00390826-00069 | C33: 57 | D33: 국내성도 | E33: 국내_부녀 | F33: 00350330-00205 | G33: 차소연 | H33: 00341026-00033 | I33: 00341026-00033 | J33: 00270104-00035 | K33: 00371218-00466 | M33: 3구역 | Q33: 3부녀 | R33: 이소피야 | S33: Ли София (LISOFIIA) | T33: 여 | U33: 25896 | V33: 55 | W33: 010-8205-9722 | X33: 성도 | Y33: 총회등록 | Z33: 키르기스스탄 | AA33: 한국 | AB33: 인천광역시 | AE33: 147-1기 | AG33: 국내성도
A34: 33 | B34: 00400819-00001 | C34: 60 | D34: 국내성도 | E34: 국내_부녀 | F34: 00350330-00205 | G34: 차소연 | H34: 00341026-00033 | I34: 00341026-00033 | J34: 00270104-00035 | K34: 00371218-00466 | M34: 3구역 | Q34: 3부녀 | R34: 두드키나스베틀라나미하일로브나 | S34: ДУДКИНА СВЕТЛАНА МИХАЙЛОВНА | T34: 여 | U34: 22442 | V34: 64 | W34: 010-2213-7839 | X34: 성도 | Y34: 입교 | Z34: 러시아 | AA34: 한국 | AB34: 경기도 | AE34: 151-1기 | AG34: 국내성도
A35: 34 | B35: 00410325-00429 | C35: 63 | D35: 우즈베키스탄(타슈켄트) | E35: 국내_부녀 | F35: 00350330-00205 | G35: 차소연 | H35: 00341026-00033 | I35: 00341026-00033 | J35: 00270104-00035 | K35: 00371218-00466 | M35: 3구역 | N35: 새신자 | Q35: 1자문 | R35: 박인가니콜라예브나 | S35: PAK IN-GA NIKOLAYEVNA | T35: 여 | U35: 19444 | V35: 72 | W35: 010-9589-6878 | X35: 성도 | Y35: 입교 | Z35: 우즈베키스탄 | AA35: 한국 | AB35: 광주 | AE35: 153-5기 | AG35: 국내성도
A36: 35 | B36: 00410325-00430 | C36: 66 | D36: 국내성도 | E36: 국내_부녀 | F36: 00350330-00205 | G36: 차소연 | H36: 00341026-00033 | I36: 00341026-00033 | J36: 00270104-00035 | K36: 00371218-00466 | M36: 3구역 | N36: 새신자 | Q36: 3부녀 | R36: 출리나율리야그리고리예브나 | S36: Чулина Юлия Григорьевна | T36: 여 | U36: 35278 | V36: 29 | W36: 010-8441-1321 | X36: 성도 | Y36: 입교 | Z36: 러시아 | AA36: 한국 | AB36: 군산 | AE36: 153-5기 | AG36: 국내성도
A37: 36 | B37: 00400227-01414 | C37: 69 | D37: 국내성도 | E37: 국내_부녀 | F37: 00350330-00205 | G37: 차소연 | H37: 00341026-00033 | I37: 00341026-00033 | J37: 00270104-00035 | K37: 00371218-00466 | M37: 3구역 | Q37: 4청년 | R37: 리알렉시나블라딜레노브나 | S37: Ли Алексина Владиленовна | T37: 여 | U37: 33012 | V37: 35 | W37: 010-4244-3010 | X37: 성도 | Y37: 교회등록 | Z37: 카자흐스탄 | AA37: 한국 | AE37: 149-1기 | AG37: 국내성도
A38: 37 | B38: 00400227-01392 | C38: 72 | D38: 국내성도 | E38: 국내_부녀 | F38: 00350330-00205 | G38: 차소연 | H38: 00341026-00033 | I38: 00341026-00033 | J38: 00270104-00035 | K38: 00371218-00466 | M38: 3구역 | Q38: 3부녀 | R38: 리스베틀라나아나톨리예브나 | S38: Ли Светлана Анатольевна | T38: 여 | U38: 23079 | V38: 62 | W38: 010-2117-9127 | X38: 성도 | Y38: 입교 | Z38: 카자흐스탄 | AA38: 한국 | AB38: 경기도 | AD38: 신앙유약(24-01-16) | AE38: 149-1기 | AG38: 국내성도
A39: 38 | B39: 00400530-00093 | C39: 75 | D39: 국내성도 | E39: 국내_부녀 | F39: 00350330-00205 | G39: 차소연 | H39: 00341026-00033 | I39: 00341026-00033 | J39: 00270104-00035 | K39: 00371218-00466 | M39: 3구역 | Q39: 1자문 | R39: 이림마니콜라예브나 | S39: Ли Римма Николаевна | T39: 여 | U39: 19818 | V39: 71 | W39: 998-90-290-3254 | X39: 성도 | Y39: 입교 | Z39: 우즈베키스탄 | AA39: 한국 | AB39: 경기도 | AC39: 출결제외 | AE39: 150-4기 | AG39: 국내성도
A40: 38 | B40: 00350720-00084 | C40: 77 | E40: 국내_부녀 | F40: 00350330-00205 | G40: 차소연 | H40: 00341026-00033 | I40: 00341026-00033 | M40: 3-2구역 | P40: 베드로지파 | R40: 최라리라 | S40: Цой Лариса
A41: 38 | B41: 00360416-00114 | C41: 79 | E41: 국내_부녀 | F41: 00350330-00205 | G41: 차소연 | H41: 00341026-00033 | I41: 00341026-00033 | M41: 3-2구역 | P41: 베드로지파 | R41: 채인나 | S41: Цай Инна
A42: 38 | B42: 00361022-00117 | C42: 81 | E42: 국내_부녀 | F42: 00350330-00205 | G42: 차소연 | H42: 00341026-00033 | I42: 00341026-00033 | M42: 3-2구역 | P42: 베드로지파 | R42: 보흐크세니아 | S42: Вох Ксения
A43: 38 | B43: 00390623-00107 | C43: 83 | E43: 국내_부녀 | F43: 00350330-00205 | G43: 차소연 | H43: 00341026-00033 | I43: 00341026-00033 | M43: 3-2구역 | P43: 베드로지파 | R43: 김이솔다 | S43: Ким Изольда | T43: 여 | AA43: 한국
A44: 39 | B44: 00180613-00005 | C44: 86 | D44: 우크라이나(키이우) | E44: 국내_부녀 | F44: 00350330-00205 | G44: 차소연 | H44: 00341026-00033 | I44: 00180613-00005 | J44: 00261114-00053 | K44: x | M44: 4구역 | O44: 임원 | P44: 구역장 | Q44: 0교역 | R44: 이진모 | S44: Ли Джин Мо | T44: 남 | U44: 28737 | V44: 47 | W44: 010-7562-1362 | X44: 교역 | Y44: 총회등록 | Z44: 한국 | AA44: 한국 | AG44: 우크라이나(키이우)
A45: 40 | B45: 00261114-00053 | C45: 87 | E45: 국내_부녀 | F45: 00350330-00205 | G45: 차소연 | H45: 00341026-00033 | I45: 00180613-00005 | J45: 00261114-00053 | K45: x | M45: 4구역 | P45: 부구역장 | R45: 박지민 | T45: 남 | U45: 31732 | V45: 39 | W45: 010-2058-7374 | X45: 교역 | Y45: 총회등록 | AA45: 한국 | AB45: 경기도
A46: 41 | B46: 00311023-00025 | C46: 90 | D46: 국내성도 | E46: 국내_부녀 | F46: 00350330-00205 | G46: 차소연 | H46: 00341026-00033 | I46: 00180613-00005 | J46: 00261114-00053 | K46: x | M46: 4구역 | O46: 구역장 | Q46: 1자문 | R46: 최트로핌 | S46: Цой Трофим | T46: 남 | U46: 19202 | V46: 73 | W46: 010-8318-5207 | X46: 집사 | Y46: 총회등록 | Z46: 우즈베키스탄 | AA46: 한국 | AB46: 경기도 | AG46: 국내성도
A47: 42 | B47: 00311023-00026 | C47: 93 | D47: 국내성도 | E47: 국내_부녀 | F47: 00350330-00205 | G47: 차소연 | H47: 00341026-00033 | I47: 00180613-00005 | J47: 00261114-00053 | K47: x | M47: 4구역 | O47: 부구역장 | Q47: 1자문 | R47: 최라리사 | S47: Цой Лариса | T47: 여 | U47: 19466 | V47: 72 | W47: 010-8217-5304 | X47: 집사 | Y47: 총회등록 | Z47: 우즈베키스탄 | AA47: 한국 | AB47: 경기도 | AG47: 국내성도
A48: 43 | B48: 00400530-00092 | C48: 96 | D48: 국내성도 | E48: 국내_부녀 | F48: 00350330-00205 | G48: 차소연 | H48: 00341026-00033 | I48: 00180613-00005 | J48: 00261114-00053 | K48: x | M48: 4구역 | Q48: 1자문 | R48: 박모이세이 | S48: Пак Моисей | T48: 남 | U48: 19784 | V48: 71 | W48: 010-4074-3821 | X48: 성도 | Y48: 교회등록 | Z48: 우즈베키스탄 | AA48: 한국 | AB48: 경기도 | AE48: 150-4기 | AG48: 국내성도
A49: 44 | B49: 00360830-00342 | C49: 99 | D49: 국내성도 | E49: 국내_부녀 | F49: 00350330-00205 | G49: 차소연 | H49: 00341026-00033 | I49: 00180613-00005 | J49: 00261114-00053 | K49: x | M49: 4구역 | Q49: 3부녀 | R49: 쿠즈올가 | S49: Кузь Ольга | T49: 여 | U49: 22276 | V49: 65 | W49: 010-2186-2669 | X49: 성도 | Y49: 총회등록 | Z49: 우크라이나 | AA49: 한국 | AB49: 서울특별시 | AG49: 국내성도
A50: 45 | B50: 00360423-00596 | C50: 102 | D50: 해외개척 | E50: 국내_부녀 | F50: 00350330-00205 | G50: 차소연 | H50: 00341026-00033 | I50: 00180613-00005 | J50: 00261114-00053 | K50: x | M50: 4구역 | Q50: 3부녀 | R50: 강예카테리나 | S50: Кан Екатеринa | T50: 여 | U50: 33959 | V50: 33 | W50: 77479550557/010-8088-0311(한국번호) | X50: 성도 | Y50: 입교 | Z50: 카자흐스탄 | AA50: 카자흐스탄 | AB50: 알마티 | AC50: 출결제외 | AD50: 신앙유약 | AG50: 해외개척
A51: 46 | B51: 00281228-00434 | C51: 105 | D51: 국내성도 | E51: 국내_부녀 | F51: 00350330-00205 | G51: 차소연 | H51: 00341026-00033 | I51: 00281228-00434 | J51: 00230828-00053 | K51: x | M51: 5구역 | O51: 구역장 | Q51: 3부녀 | R51: 홍수정 | S51: Хонг Су Жонг | T51: 여 | U51: 29276 | V51: 45 | W51: 010-6406-0466 | X51: 집사 | Y51: 총회등록 | Z51: 한국 | AA51: 한국 | AB51: 경기도 | AG51: 국내성도
A52: 47 | B52: 00230828-00053 | C52: 108 | D52: 국내성도 | E52: 국내_부녀 | F52: 00350330-00205 | G52: 차소연 | H52: 00341026-00033 | I52: 00281228-00434 | J52: 00230828-00053 | K52: x | M52: 5구역 | O52: 부구역장 | Q52: 3부녀 | R52: 박소정 | S52: Пак Со Джон | T52: 여 | U52: 30920 | V52: 41 | W52: 010-4316-0828 | X52: 집사 | Y52: 총회등록 | Z52: 한국 | AA52: 한국 | AB52: 경기도 | AG52: 국내성도
A53: 48 | B53: 00271115-00181 | C53: 111 | D53: 국내성도 | E53: 국내_부녀 | F53: 00350330-00205 | G53: 차소연 | H53: 00341026-00033 | I53: 00281228-00434 | J53: 00230828-00053 | K53: x | M53: 5구역 | O53: 통번역팀장 | Q53: 3부녀 | R53: 김옥사나 | S53: Ким Оксана | T53: 여 | U53: 31700 | V53: 39 | W53: 010-5635-1510 | X53: 집사 | Y53: 총회등록 | Z53: 우즈베키스탄 | AA53: 한국 | AB53: 서울특별시 | AG53: 국내성도
A54: 49 | B54: 00280103-00165 | C54: 113 | D54: 국내성도 | E54: 국내_부녀 | F54: 00350330-00205 | G54: 차소연 | H54: 00341026-00033 | I54: 00281228-00434 | J54: 00230828-00053 | K54: x | M54: 5구역 | O54: 교육행정서기 | Q54: 3부녀 | R54: 이지영 | T54: 여 | U54: 30683 | V54: 42 | W54: 010-6701-0334 | X54: 집사 | Y54: 총회등록 | Z54: 한국 | AA54: 한국 | AB54: 경기도 | AG54: 국내성도
A55: 50 | B55: 00231212-00123 | C55: 115 | D55: 국내성도 | E55: 국내_부녀 | F55: 00350330-00205 | G55: 차소연 | H55: 00341026-00033 | I55: 00281228-00434 | J55: 00230828-00053 | K55: x | M55: 5구역 | O55: 부서기 | P55: 해선부서무 | Q55: 3부녀 | R55: 임영선 | T55: 여 | U55: 29107 | V55: 46 | W55: 010-7157-2339 | X55: 집사 | Y55: 총회등록 | Z55: 한국 | AA55: 한국 | AB55: 서울특별시 | AG55: 국내성도
A56: 51 | B56: 00371201-00514 | C56: 117 | D56: 국내성도 | E56: 국내_부녀 | F56: 00350330-00205 | G56: 차소연 | H56: 00341026-00033 | I56: 00281228-00434 | J56: 00230828-00053 | K56: x | M56: 5구역 | O56: 부서기 | P56: 해선부서무 | Q56: 3부녀 | R56: 안소연 | T56: 여 | U56: 29445 | V56: 45 | W56: 010-3066-7285 | X56: 집사 | Y56: 총회등록 | Z56: 한국 | AA56: 한국 | AB56: 서울특별시 | AG56: 국내성도
A57: 52 | B57: 00300725-00027 | C57: 120 | D57: 국내성도 | E57: 국내_부녀 | F57: 00350330-00205 | G57: 차소연 | H57: 00341026-00033 | I57: 00281228-00434 | J57: 00230828-00053 | K57: x | M57: 5구역 | Q57: 3부녀 | R57: 김스베틀라나 | S57: Ким Светлана | T57: 여 | U57: 31496 | V57: 39 | X57: 집사 | Y57: 총회등록 | Z57: 우크라이나 | AA57: 캐나다 | AB57: 프레더릭턴 | AC57: 출결제외 | AD57: 신앙유약(24-03-08) | AG57: 국내성도
A58: 53 | B58: 00180506-00010 | C58: 122 | D58: 국내성도 | E58: 국내_부녀 | F58: 00350330-00205 | G58: 차소연 | H58: 00341026-00033 | I58: 00180506-00010 | J58: 00280830-00123 | K58: x | M58: 6구역 | O58: 구역장 | P58: 국제부교육부장 | Q58: 3부녀 | R58: 김현진 | T58: 여 | U58: 27958 | V58: 49 | W58: 010-2374-8001 | X58: 집사 | Y58: 총회등록 | Z58: 한국 | AA58: 한국 | AB58: 경기도 | AG58: 국내성도
A59: 54 | B59: 00280830-00123 | C59: 124 | D59: 국내성도 | E59: 국내_부녀 | F59: 00350330-00205 | G59: 차소연 | H59: 00341026-00033 | I59: 00180506-00010 | J59: 00280830-00123 | K59: x | M59: 6구역 | O59: 부구역장 | P59: 국제부청년서기 | Q59: 3부녀 | R59: 이수현 | T59: 여 | U59: 30623 | V59: 42 | W59: 010-7183-3854 | X59: 집사 | Y59: 총회등록 | Z59: 한국 | AA59: 한국 | AB59: 서울특별시 | AG59: 국내성도
A60: 55 | B60: 00231128-00010 | C60: 126 | D60: 국내성도 | E60: 국내_부녀 | F60: 00350330-00205 | G60: 차소연 | H60: 00341026-00033 | I60: 00180506-00010 | J60: 00280830-00123 | K60: x | M60: 6구역 | Q60: 1자문 | R60: 김완희 | T60: 여 | U60: 19533 | V60: 72 | W60: 010-9080-1384 | X60: 집사 | Y60: 총회등록 | Z60: 한국 | AA60: 한국 | AB60: 경기도 | AG60: 국내성도
A61: 56 | B61: 00231009-00031 | C61: 128 | D61: 국내성도 | E61: 국내_부녀 | F61: 00350330-00205 | G61: 차소연 | H61: 00341026-00033 | I61: 00180506-00010 | J61: 00280830-00123 | K61: x | M61: 6구역 | Q61: 3부녀 | R61: 김희영 | T61: 여 | U61: 26302 | V61: 54 | W61: 010-8960-7214 | X61: 집사 | Y61: 총회등록 | Z61: 한국 | AA61: 한국 | AB61: 경기도 | AG61: 국내성도
A62: 57 | B62: 00270624-00034 | C62: 130 | D62: 국내성도 | E62: 국내_부녀 | F62: 00350330-00205 | G62: 차소연 | H62: 00341026-00033 | I62: 00180506-00010 | J62: 00280830-00123 | K62: x | M62: 6구역 | Q62: 3부녀 | R62: 유지헌 | T62: 여 | U62: 29493 | V62: 45 | W62: 010-9876-7374 | X62: 집사 | Y62: 총회등록 | Z62: 한국 | AA62: 한국 | AB62: 경기도 | AG62: 국내성도
A63: 58 | B63: 00240610-00045 | C63: 132 | D63: 국내성도 | E63: 국내_부녀 | F63: 00350330-00205 | G63: 차소연 | H63: 00341026-00033 | I63: 00180506-00010 | J63: 00280830-00123 | K63: x | M63: 6구역 | Q63: 3부녀 | R63: 정희정 | T63: 여 | U63: 28181 | V63: 48 | W63: 010-3590-6766 | X63: 집사 | Y63: 총회등록 | Z63: 한국 | AA63: 한국 | AB63: 경기도 | AG63: 국내성도
A64: 59 | B64: 00230515-00016 | C64: 134 | D64: 국내성도 | E64: 국내_부녀 | F64: 00350330-00205 | G64: 차소연 | H64: 00341026-00033 | I64: 00180506-00010 | J64: 00280830-00123 | K64: x | M64: 6구역 | Q64: 3부녀 | R64: 이은정 | T64: 여 | U64: 30002 | V64: 43 | W64: 010-3246-7458 | X64: 집사 | Y64: 총회등록 | Z64: 한국 | AA64: 한국 | AB64: 경기도 | AG64: 국내성도
A65: 60 | B65: 00360830-00341 | C65: 137 | D65: 국내성도 | E65: 국내_부녀 | F65: 00350330-00205 | G65: 차소연 | H65: 00341026-00033 | I65: 00360830-00341 | J65: 00410822-00001 | K65: x | M65: 7구역 | O65: 구역장 | Q65: 3부녀 | R65: 한엘자 | S65: Хан Эльза | T65: 여 | U65: 20944 | V65: 68 | W65: 010-8939-1957 | X65: 집사 | Y65: 총회등록 | Z65: 우즈베키스탄 | AA65: 한국 | AB65: 서울특별시 | AG65: 국내성도
A66: 61 | B66: 00410822-00001 | C66: 140 | D66: 국내성도 | E66: 국내_부녀 | F66: 00350330-00205 | G66: 차소연 | H66: 00341026-00033 | I66: 00360830-00341 | J66: 00410822-00001 | K66: x | M66: 7구역 | N66: 새신자 | O66: 부구역장 | Q66: 3부녀 | R66: 박스베틀라나발레리야노브나 | S66: Pak Svetlana Valerlyanovna | T66: 여 | U66: 23254 | V66: 62 | W66: 010-4766-1953 | X66: 성도 | Y66: 입교 | Z66: 우즈베키스탄 | AA66: 한국 | AE66: 155기
A67: 62 | B67: 00410822-01058 | C67: 143 | D67: 해외개척 | E67: 국내_부녀 | F67: 00350330-00205 | G67: 차소연 | H67: 00341026-00033 | I67: 00360830-00341 | J67: 00410822-00001 | K67: x | M67: 7구역 | N67: 새신자 | Q67: 3부녀 | R67: 토포로브스카야류드밀라 | S67: Топоровская Людмила Александровна | T67: 여 | U67: 22122 | V67: 65 | W67: 7-962-121-0324 | X67: 성도 | Y67: 입교 | Z67: 러시아 | AA67: 러시아 | AB67: 사할린 | AE67: 155-3기
A68: 63 | B68: 00410822-01063 | C68: 146 | D68: 해외개척 | E68: 국내_부녀 | F68: 00350330-00205 | G68: 차소연 | H68: 00341026-00033 | I68: 00360830-00341 | J68: 00410822-00001 | K68: x | M68: 7구역 | N68: 새신자 | Q68: 3부녀 | R68: 바그뉵나탈리야이바노브나 | S68: Багнюк Наталья Ивановна | T68: 여 | U68: 23214 | V68: 62 | W68: 7-901-937-1421 | X68: 성도 | Y68: 입교 | Z68: 러시아 | AA68: 러시아 | AB68: 사할린 | AE68: 155-3기
A69: 64 | B69: 00410822-01066 | C69: 149 | D69: 해외개척 | E69: 국내_부녀 | F69: 00350330-00205 | G69: 차소연 | H69: 00341026-00033 | I69: 00360830-00341 | J69: 00410822-00001 | K69: x | M69: 7구역 | N69: 새신자 | Q69: 3부녀 | R69: 도로페예바올가이바노브나 | S69: Дорофеева Ольга Ивановна | T69: 여 | U69: 24232 | V69: 59 | W69: 7-950-589-3071 | X69: 성도 | Y69: 입교 | Z69: 러시아 | AA69: 러시아 | AB69: 케메로보 | AE69: 155-3기
A70: 65 | B70: 00350330-00205 | C70: 152 | D70: 국내성도 | E70: 국내_청년 | F70: 00350330-00205 | G70: 자카르첸코마리야 | H70: 00310314-00231 | I70: 00350330-00205 | J70: 00291224-00082 | K70: x | M70: 1구역 | O70: 총서기 | P70: 구역장 | Q70: 4청년 | R70: 이시우 | S70: Ли Щи У | T70: 여 | U70: 31799 | V70: 39 | W70: 010-4552-5245 | X70: 문도 | Y70: 총회등록 | Z70: 한국 | AA70: 한국 | AB70: 서울특별시 | AG70: 국내성도
A71: 66 | B71: 00291224-00082 | C71: 154 | D71: 국내성도 | E71: 국내_청년 | F71: 00350330-00205 | G71: 자카르첸코마리야 | H71: 00310314-00231 | I71: 00350330-00205 | J71: 00291224-00082 | K71: x | M71: 1구역 | O71: 부구역장 | P71: CIS교육과장 | Q71: 4청년 | R71: 박지호 | T71: 남 | U71: 33136 | V71: 35 | W71: 010-9057-2977 | X71: 문도 | Y71: 총회등록 | Z71: 한국 | AA71: 한국 | AB71: 경기도 | AG71: 국내성도
A72: 67 | B72: 00361031-00488 | C72: 157 | D72: 국내성도 | E72: 국내_청년 | F72: 00350330-00205 | G72: 자카르첸코마리야 | H72: 00310314-00231 | I72: 00350330-00205 | J72: 00291224-00082 | K72: x | M72: 1구역 | Q72: 4청년 | R72: 주마리나 | S72: Дюгай Марина | T72: 여 | U72: 33947 | V72: 33 | W72: 010-9287-0992 | X72: 문도 | Y72: 총회등록 | Z72: 우즈베키스탄 | AA72: 한국 | AB72: 경기도 | AG72: 국내성도
A73: 68 | B73: 00371218-00468 | C73: 160 | D73: 국내성도 | E73: 국내_청년 | F73: 00350330-00205 | G73: 자카르첸코마리야 | H73: 00310314-00231 | I73: 00350330-00205 | J73: 00291224-00082 | K73: x | M73: 1구역 | Q73: 4청년 | R73: 김따띠야나게오르게브나 | S73: Ким Татьяна | T73: 여 | U73: 33488 | V73: 34 | W73: 010-4390-0907 | X73: 문도 | Y73: 총회등록 | Z73: 우즈베키스탄 | AA73: 한국 | AB73: 경기도 | AG73: 국내성도
A74: 69 | B74: 00350330-00155 | C74: 163 | D74: 국내성도 | E74: 국내_청년 | F74: 00350330-00205 | G74: 자카르첸코마리야 | H74: 00310314-00231 | I74: 00350330-00205 | J74: 00291224-00082 | K74: x | M74: 1구역 | O74: 새신자팀장 | Q74: 4청년 | R74: 배알리나 | S74: Бе Алина | T74: 여 | U74: 34403 | V74: 31 | W74: 010-6370-4971 | X74: 문도 | Y74: 총회등록 | Z74: 러시아 | AA74: 한국 | AB74: 서울특별시 | AG74: 국내성도
A75: 70 | B75: 00361105-00044 | C75: 165 | D75: 국내성도 | E75: 국내_청년 | F75: 00350330-00205 | G75: 자카르첸코마리야 | H75: 00310314-00231 | I75: 00350330-00205 | J75: 00291224-00082 | K75: x | M75: 1구역 | P75: 국제부서무 | Q75: 4청년 | R75: 이정주 | T75: 여 | U75: 34867 | V75: 30 | W75: 010-4940-5463 | X75: 문도 | Y75: 총회등록 | Z75: 일본 | AA75: 한국 | AB75: 서울특별시 | AG75: 국내성도
A76: 71 | B76: 00350330-00154 | C76: 167 | E76: 국내_청년 | F76: 00350330-00205 | G76: 자카르첸코마리야 | H76: 00310314-00231 | I76: 00350330-00205 | J76: 00291224-00082 | K76: x | M76: 1구역 | O76: 팀장 | P76: 구역장 | R76: 스미르노바예브게니야 | S76: Смирнова Евгения | T76: 여 | U76: 33065 | V76: 35 | W76: 010-6654-0035 | X76: 문도 | Y76: 총회등록 | Z76: 러시아 | AA76: 한국 | AB76: 서울특별시 | AC76: 중복
A77: 72 | B77: 00301028-00371 | C77: 170 | D77: 국내성도 | E77: 국내_청년 | F77: 00350330-00205 | G77: 자카르첸코마리야 | H77: 00310314-00231 | I77: 00301028-00371 | J77: 00340624-00331 | K77: x | M77: 2구역 | O77: 지역장 | P77: 구역장 | Q77: 4청년 | R77: 진실혜 | S77: Чжин Щиль Хе | T77: 여 | U77: 31978 | V77: 38 | W77: 010-2949-9771 | X77: 문도 | Y77: 총회등록 | Z77: 한국 | AA77: 한국 | AB77: 서울특별시 | AG77: 국내성도
A78: 73 | B78: 00340624-00331 | C78: 173 | D78: 국내성도 | E78: 국내_청년 | F78: 00350330-00205 | G78: 자카르첸코마리야 | H78: 00310314-00231 | I78: 00301028-00371 | J78: 00340624-00331 | K78: x | M78: 2구역 | O78: 부구역장 | Q78: 4청년 | R78: 한올가 | S78: Хан Ольга | T78: 여 | U78: 32578 | V78: 36 | W78: 010-3012-6255 | X78: 문도 | Y78: 총회등록 | Z78: 러시아 | AA78: 한국 | AB78: 서울특별시 | AG78: 국내성도
A79: 74 | B79: 00300823-00110 | C79: 176 | D79: 국내성도 | E79: 국내_청년 | F79: 00350330-00205 | G79: 자카르첸코마리야 | H79: 00310314-00231 | I79: 00301028-00371 | J79: 00340624-00331 | K79: x | M79: 2구역 | Q79: 4청년 | R79: 김올가 | S79: Ким Ольга | T79: 여 | U79: 33222 | V79: 35 | W79: 010-2206-1590 | X79: 문도 | Y79: 총회등록 | Z79: 우즈베키스탄 | AA79: 한국 | AB79: 서울특별시 | AC79: 출결제외 | AD79: 신앙유약(41/3/27) | AG79: 국내성도
A80: 75 | B80: 00301028-00336 | C80: 179 | D80: 국내성도 | E80: 국내_청년 | F80: 00350330-00205 | G80: 자카르첸코마리야 | H80: 00310314-00231 | I80: 00301028-00371 | J80: 00340624-00331 | K80: x | M80: 2구역 | Q80: 4청년 | R80: 남마르가리따 | S80: Нам Маргарита | T80: 여 | U80: 32025 | V80: 38 | W80: 010-9291-9908 | X80: 문도 | Y80: 총회등록 | Z80: 우즈베키스탄 | AA80: 한국 | AB80: 서울특별시 | AC80: 출결제외 | AD80: 신앙유약 | AG80: 국내성도
A81: 76 | B81: 00330526-00005 | C81: 182 | D81: 해외개척 | E81: 국내_청년 | F81: 00350330-00205 | G81: 자카르첸코마리야 | H81: 00310314-00231 | I81: 00301028-00371 | J81: 00340624-00331 | K81: x | M81: 2구역 | Q81: 4청년 | R81: 한블라디슬라브 | S81: Хан Владислав | T81: 남 | U81: 33674 | V81: 33 | W81: 010-7696-1311 | X81: 문도 | Y81: 총회등록 | Z81: 우즈베키스탄 | AA81: 카자흐스탄 | AB81: 알마티 | AC81: 출결제외 | AD81: 신앙유약 | AG81: 해외개척
A82: 77 | B82: 00310314-00231 | C82: 185 | D82: 국내성도 | E82: 국내_청년 | F82: 00350330-00205 | G82: 자카르첸코마리야 | H82: 00310314-00231 | I82: 00310314-00231 | J82: x | K82: x | M82: 3구역 | O82: 청년회팀장 | P82: 구역장 | Q82: 4청년 | R82: 자카르첸코마리야 | S82: Захарченко Мария | T82: 여 | U82: 34746 | V82: 30 | W82: 010-4467-2226 | X82: 문도 | Y82: 총회등록 | Z82: 우크라이나 | AA82: 한국 | AB82: 서울특별시 | AG82: 국내성도
A83: 78 | B83: 00350820-00002 | C83: 188 | D83: 러시아(모스크바) | E83: 국내_청년 | F83: 00350330-00205 | G83: 자카르첸코마리야 | H83: 00310314-00231 | I83: 00310314-00231 | J83: x | K83: x | M83: 3구역 | Q83: 4청년 | R83: 똔키흐발레리야 | S83: Тонких Валерия | T83: 여 | U83: 34094 | V83: 32 | W83: 79299344309 | X83: 문도 | Y83: 총회등록 | Z83: 러시아 | AA83: 러시아 | AB83: 모스크바 | AG83: 러시아(모스크바)
A84: 79 | B84: 00371218-00473 | C84: 191 | D84: 우크라이나(키이우) | E84: 국내_청년 | F84: 00350330-00205 | G84: 자카르첸코마리야 | H84: 00310314-00231 | I84: 00310314-00231 | J84: x | K84: x | M84: 3구역 | Q84: 4청년 | R84: 포보로즈뉴크드므트로올렉산드로브츠 | S84: Дмитрий Поворознюк | T84: 남 | U84: 36875 | V84: 25 | W84: 380988779801 | X84: 성도 | Y84: 총회등록 | Z84: 우크라이나 | AA84: 우크라이나 | AB84: 키예프 | AG84: 우크라이나(키이우)
A85: 80 | B85: 00390826-00077 | C85: 194 | D85: 우크라이나(키이우) | E85: 국내_청년 | F85: 00350330-00205 | G85: 자카르첸코마리야 | H85: 00310314-00231 | I85: 00310314-00231 | J85: x | K85: x | M85: 3구역 | O85: 새신자부구역장 | Q85: 4청년 | R85: 멜느크세르기발레리요브츠 | S85: Мельник Сергій Валерійович | T85: 남 | U85: 36083 | V85: 27 | W85: 38-068-345-4752 | X85: 문도 | Y85: 총회등록 | Z85: 우크라이나 | AA85: 체코 | AB85: 믈라다볼레슬라프 | AE85: 147-1기 | AG85: 우크라이나(키이우)
A86: 81 | B86: 00371218-00471 | C86: 197 | D86: 국내성도 | E86: 국내_청년 | F86: 00350330-00205 | G86: 자카르첸코마리야 | H86: 00310314-00231 | I86: 00310314-00231 | J86: x | K86: x | M86: 3구역 | Q86: 4청년 | R86: 박알리나루슬라노브나 | S86: Пак Алина | T86: 여 | U86: 43861 | V86: 5 | W86: 010-9757-3012 | X86: 문도 | Y86: 총회등록 | Z86: 카자흐스탄 | AA86: 한국 | AB86: 서울특별시 | AG86: 국내성도
A87: 82 | B87: 00391111-00165 | C87: 200 | D87: 해외개척 | E87: 국내_청년 | F87: 00350330-00205 | G87: 자카르첸코마리야 | H87: 00310314-00231 | I87: 00310314-00231 | J87: x | K87: x | M87: 3구역 | O87: 새신자구역장 | Q87: 4청년 | R87: 틴옐레나비탈리예브나 | S87: Тин Елена | T87: 여 | U87: 36505 | V87: 26 | W87: 010-5936-0014 | X87: 문도 | Y87: 총회등록 | Z87: 카자흐스탄 | AA87: 한국 | AB87: 경기도 | AE87: 148-1기 | AG87: 국내성도
A88: 83 | B88: 00300725-00026 | C88: 203 | D88: 러시아(크림공화국) | E88: 크림공화국 | F88: 00300725-00026 | G88: 이다리야A | H88: 00300725-00026 | I88: 00300725-00026 | J88: 00310314-00223 | K88: x | M88: 1구역 | O88: 팀장 | P88: 구역장 | Q88: 1자문 | R88: 이다리야A | S88: Ли Дарья(лидер) | T88: 여 | U88: 18512 | V88: 75 | W88: +7 978 604 30 83 | X88: 집사 | Y88: 총회등록 | Z88: 러시아 | AA88: 러시아(크림) | AB88: 크림반도 옥탸브리스크 | AG88: 크림공화국
A89: 84 | B89: 00310314-00223 | C89: 206 | D89: 러시아(크림공화국) | E89: 크림공화국 | F89: 00300725-00026 | G89: 이다리야A | H89: 00300725-00026 | I89: 00300725-00026 | J89: 00310314-00223 | K89: x | M89: 1구역 | O89: 새신자구역장 | P89: 부구역장 | Q89: 1자문 | R89: 우사초브빅토르 | S89: Усачев Виктор | T89: 남 | U89: 19232 | V89: 73 | W89: 38)066-167-5845/+7978 745 06 30 | X89: 집사 | Y89: 총회등록 | Z89: 러시아 | AA89: 러시아(크림) | AB89: 크림반도 옥탸브리스크 | AG89: 크림공화국
A90: 85 | B90: 00310314-00224 | C90: 209 | D90: 러시아(크림공화국) | E90: 크림공화국 | F90: 00300725-00026 | G90: 이다리야A | H90: 00300725-00026 | I90: 00300725-00026 | J90: 00310314-00223 | K90: x | M90: 1구역 | O90: 새신자구역장 | Q90: 1자문 | R90: 모르구노바올가 | S90: Моргунова Ольга | T90: 여 | U90: 19598 | V90: 72 | W90: +7978 801 61 93 | X90: 집사 | Y90: 총회등록 | Z90: 러시아 | AA90: 러시아(크림) | AB90: 크림반도 얄타 | AG90: 크림공화국
A91: 86 | B91: 00371218-00464 | C91: 212 | D91: 러시아(크림공화국) | E91: 크림공화국 | F91: 00300725-00026 | G91: 이다리야A | H91: 00300725-00026 | I91: 00300725-00026 | J91: 00310314-00223 | K91: x | M91: 1구역 | O91: 새신자구역장 | Q91: 2장년 | R91: 셰르바코프드미트리발레리예비치 | S91: Щербаков Дмитрий | T91: 남 | U91: 31834 | V91: 38 | W91: +7978 013 80 16 | X91: 집사 | Y91: 총회등록 | Z91: 러시아 | AA91: 러시아(크림) | AB91: 예이스크 | AG91: 크림공화국 | AI91: 1450 | AJ91: 루블(계좌입금)
A92: 87 | B92: 00310314-00225 | C92: 215 | D92: 러시아(크림공화국) | E92: 크림공화국 | F92: 00300725-00026 | G92: 이다리야A | H92: 00300725-00026 | I92: 00300725-00026 | J92: 00310314-00223 | K92: x | M92: 1구역 | O92: 새신자팀장 | Q92: 3부녀 | R92: 최타이시아 | S92: Цой Таисия | T92: 여 | U92: 20283 | V92: 70 | W92: +7978 940 32 85 | X92: 집사 | Y92: 총회등록 | Z92: 러시아 | AA92: 러시아(크림) | AB92: 크림반도 옥탸브리스크 | AG92: 크림공화국
A93: 88 | B93: 00361031-00504 | C93: 218 | D93: 러시아(크림공화국) | E93: 크림공화국 | F93: 00300725-00026 | G93: 이다리야A | H93: 00300725-00026 | I93: 00300725-00026 | J93: 00310314-00223 | K93: x | M93: 1구역 | O93: 새신자팀장 | Q93: 3부녀 | R93: 셰르바코바아나스타시야 | S93: Щербакова Анастасия | T93: 여 | U93: 29437 | V93: 45 | W93: +7 978 816 63 53 | X93: 집사 | Y93: 총회등록 | Z93: 러시아 | AA93: 러시아(크림) | AB93: 크림반도 얄타 | AG93: 크림공화국
A94: 89 | B94: 00340624-00329 | C94: 221 | D94: 러시아(크림공화국) | E94: 크림공화국 | F94: 00300725-00026 | G94: 이다리야A | H94: 00300725-00026 | I94: 00300725-00026 | J94: 00310314-00223 | K94: x | M94: 1구역 | O94: 새신자구역장 | Q94: 3부녀 | R94: 실리나나탈리야 | S94: Силина Наталья | T94: 여 | U94: 29090 | V94: 46 | W94: + 7978 565 78 36 | X94: 집사 | Y94: 총회등록 | Z94: 러시아 | AA94: 러시아(크림) | AB94: 크림반도 얄타 | AG94: 크림공화국
A95: 90 | B95: 00330526-00003 | C95: 224 | D95: 러시아(크림공화국) | E95: 크림공화국 | F95: 00300725-00026 | G95: 이다리야A | H95: 00300725-00026 | I95: 00300725-00026 | J95: 00310314-00223 | K95: x | M95: 1구역 | O95: 새신자구역장 | Q95: 3부녀 | R95: 셀륜안토니나 | S95: Селюн Антонина | T95: 여 | U95: 24204 | V95: 59 | W95: + 7978 968 15 02 | X95: 집사 | Y95: 총회등록 | Z95: 러시아 | AA95: 러시아(크림) | AB95: 크림반도 옥탸브리스크 | AG95: 크림공화국
A96: 91 | B96: 00360423-00594 | C96: 227 | D96: 러시아(크림공화국) | E96: 크림공화국 | F96: 00300725-00026 | G96: 이다리야A | H96: 00300725-00026 | I96: 00300725-00026 | J96: 00310314-00223 | K96: x | M96: 1구역 | O96: 새신자구역장 | Q96: 3부녀 | R96: 페트리쉬나타티아나 | S96: Петришина Татьяна | T96: 여 | U96: 25307 | V96: 56 | W96: + 7978 509 07 52 | X96: 집사 | Y96: 총회등록 | Z96: 러시아 | AA96: 러시아(크림) | AB96: 크림반도 옥탸브리스크 | AG96: 크림공화국
A97: 92 | B97: 00360423-00591 | C97: 230 | D97: 러시아(크림공화국) | E97: 크림공화국 | F97: 00300725-00026 | G97: 이다리야A | H97: 00300725-00026 | I97: 00360423-00591 | J97: 00371218-00452 | K97: x | M97: 2구역 | O97: 구역장 | Q97: 1자문 | R97: 칸니베츠류드밀라 | S97: Канивец Людмила | T97: 여 | U97: 18745 | V97: 74 | W97: +7978 778 74 31 | X97: 집사 | Y97: 총회등록 | Z97: 러시아 | AA97: 러시아(크림) | AB97: 크림반도 옥탸브리스크 | AG97: 크림공화국
A98: 93 | B98: 00371218-00452 | C98: 233 | D98: 러시아(크림공화국) | E98: 크림공화국 | F98: 00300725-00026 | G98: 이다리야A | H98: 00300725-00026 | I98: 00360423-00591 | J98: 00371218-00452 | M98: 2구역 | O98: 부구역장 | Q98: 1자문 | R98: 사모쉬키나이리나니콜라예브나 | S98: Самошкина Ирина Николаевна | T98: 여 | U98: 18004 | V98: 76 | W98: +7978 760 75 02 | X98: 집사 | Y98: 총회등록 | Z98: 러시아 | AA98: 러시아(크림) | AB98: 크림반도 얄타 | AG98: 크림공화국
A99: 94 | B99: 00320813-00003 | C99: 236 | D99: 러시아(크림공화국) | E99: 크림공화국 | F99: 00300725-00026 | G99: 이다리야A | H99: 00300725-00026 | I99: 00360423-00591 | J99: 00371218-00452 | M99: 2구역 | Q99: 1자문 | R99: 예기얀발렌티나 | S99: Егиян Валентина | T99: 여 | U99: 19128 | V99: 73 | W99: +7978 738 85 04 | X99: 집사 | Y99: 총회등록 | Z99: 러시아 | AA99: 러시아(크림) | AB99: 크림반도 얄타 | AG99: 크림공화국
A100: 95 | B100: 00361031-00502 | C100: 239 | D100: 러시아(크림공화국) | E100: 크림공화국 | F100: 00300725-00026 | G100: 이다리야A | H100: 00300725-00026 | I100: 00360423-00591 | J100: 00371218-00452 | M100: 2구역 | Q100: 1자문 | R100: 페트렌코스베틀라나 | S100: Петренко Светлана | T100: 여 | U100: 18579 | V100: 75 | W100: +7978 7051889 | X100: 집사 | Y100: 총회등록 | Z100: 러시아 | AA100: 러시아(크림) | AB100: 크림반도 얄타 | AG100: 크림공화국
...

Sheet 전체조직도 10월
AE2: 요한지파 과천교회 국제부 CIS & 해외선교부 러시아어권지역 조직도
AU4: 2024.10.10 기준
AG6: CIS지역 & 러시아지역
AB7: CIS 지역 | AG7: 부장 | AH7: 이진모 | AM7: 러시아지역&카자흐스탄알마티,우크라이나키이우
AB8: 총무 | AD8: 박지민 | AM8: 총서무 | AP8: 이시우
AB9: 지역장 | AD9: 진실혜 | AM9: 부서기/서무 | AP9: 임영선
AB10: 총서기 | AD10: 이시우 | AM10: 부서기/서무 | AP10: 안소연
AB11: 회계 | AD11: 이난희
Z14: 전도과장 | AA14: 진실혜 | AC14: 교육과장 | AD14: 박지호 | AM14: 섭외과장 | AP14: 이시우 | AR14: 문화과장 | AS14: 박지호 | AU14: 센터서무 | AV14: 박소정
Z15: 전도서기 | AA15: 최유담 | AC15: 교육서기 | AD15: 이지영 | AM15: 신앙관리과장 | AP15: 안윤희 | AR15: 온라인컨텐츠과장 | AS15: 스미르노바예브게니야 | AU15: 센터부서무 | AV15: 김형구
Z16: 전도서기 | AA16: 명민수 | AC16: 교육과운영서기 | AD16: 최지선 | AM16: 신앙관리과서기 | AP16: 이은지 | AR16: 기획과장 | AS16: 김요환 | AU16: 센터부서무 | AV16: 정재홍
Z17: 전도서기 | AA17: 이수지 | AC17: 교육과운영서기 | AD17: 차성숙 | AR17: 통번역과장 | AS17: 김옥사나
AC18: 교육과부서기 | AD18: 김지연
AC19: 교육과부서기 | AD19: 김효정
AD23: CIS 국내
AG26: 국내거주
AG27: 장년팀장: 김세진 & 부녀팀장: 차소연 & 청년팀장:자카르첸코마리야
W30: 장: CIS01 | X30: =COUNTA(X31:X43) -> 7 | Z30: 부: CIS01 | AA30: =COUNTA(AA31:AA41) -> 5 | AC30: 부: CIS02 | AD30: =COUNTA(AD31:AD41) -> 7 | AF30: 자: CIS01 부: CIS03 | AG30: =COUNTA(AG31:AG43) -> 13 | AI30: 부: CIS04 | AJ30: =COUNTA(AJ31:AJ41) -> 4 | AL30: 부: CIS05 | AM30: =COUNTA(AM31:AM41) -> 8 | AO30: 부: CIS06 | AP30: =COUNTA(AP31:AP41) -> 7 | AR30: 부: CIS07 | AS30: =COUNTA(AS31:AS41) -> 5 | AU30: 청: CIS01 | AV30: =COUNTA(AV31:AV41) -> 7 | AX30: 청: CIS02 | AY30: =COUNTA(AY31:AY41) -> 5 | BA30: 청: CIS03 | BB30: =COUNTA(BB31:BB41) -> 2 | BD30: 청장: CIS04 | BE30: =COUNTA(BE31:BE43) -> 5 | BM30: 파견 | BN30: =COUNTA(BN31:BN43) -> 11
W31: 김세진 | X31: 장년 | Z31: 최승미 | AA31: 부녀 | AB31: 구역장 | AC31: 김예카테리나 | AD31: 부녀 | AE31: 구역장 | AF31: 차소연 | AG31: 부녀 | AH31: 구역장 | AI31: 이진모 | AK31: 구역장 | AL31: 홍수정 | AM31: 부녀 | AN31: 구역장 | AO31: 김현진 | AP31: 부녀 | AQ31: 구역장 | AR31: 한엘자 | AS31: 부녀 | AT31: 구역장 | AU31: 이시우 | AV31: 청년 | AW31: 구역장 | AX31: 진실혜 | AY31: 청년 | AZ31: 구역장 | BA31: 자카르첸코마리야 | BB31: 청년 | BC31: 구역장 | BD31: 김세르게이발레리예비치 | BE31: 청년 | BM31: 김요환(22.04) | BN31: 사당
W32: 허드미트리 | X32: 장년 | Y32: 구역장 | Z32: 정갈리나 | AA32: 부녀 | AB32: 부구역장 | AC32: 문발레리야 | AD32: 부녀 | AE32: 부구역장 | AF32: 굴나라사드코바 | AG32: 부녀 | AH32: 부구역장 | AI32: 박지민 | AL32: 박소정 | AM32: 부녀 | AN32: 부구역장 | AO32: 이수현 | AP32: 부녀 | AQ32: 부구역장 | AR32: 박스베틀라나발레리야노브나 | AS32: 부녀 | AU32: 박지호 | AV32: 청년 | AW32: 부구역장 | AX32: 한올가 | AY32: 청년 | AZ32: 부구역장 | BA32: 박알리나루슬라노브나 | BB32: 청년 | BD32: 주유리 | BE32: 청년 | BM32: 최유담(22.12.22) | BN32: 약수
W33: 이드미트리 | X33: 장년 | Y33: 부구역장 | Z33: 최릴리야 | AA33: 부녀 | AC33: 칸타코바안나일리니치나 | AD33: 부녀 | AF33: 이이리나라디오노브나 | AG33: 부녀 | AH33: 부구역장 | AI33: 최트로핌 | AJ33: 자문 | AL33: 김민정 | AM33: 부녀 | AO33: 김완희 | AP33: 자문 | AR33: 토포로브스카야류드밀라 | AS33: 부녀 | AU33: 주마리나 | AV33: 청년 | AX33: 🔺김올가 | AY33: 청년 | BA33: 틴옐레나비탈리예브나 | BD33: 손이고르아루투로비치 | BE33: 청년 | BM33: 명민수(23.01.05) | BN33: 군포
W34: 박뱌체슬라브 | X34: 장년 | Z34: 박옐레나 | AA34: 부녀 | AC34: 최유나 | AD34: 부녀 | AF34: 김류드밀라 | AG34: 자문 | AI34: 최라리사 | AJ34: 자문 | AL34: 김옥사나 | AM34: 부녀 | AO34: 김희영 | AP34: 부녀 | AR34: 바그뉵나탈리야이바노브나 | AS34: 부녀 | AU34: 배알리나 | AV34: 청년 | AX34: 🔺남마르가리따 | AY34: 청년 | BA34: 똔키흐발레리야 | BD34: 🔺김예브게니알렉산드로비치 | BE34: 청년 | BM34: 김효정(23.06.20) | BN34: 서울역
W35: 한세묜세묘노비치 | X35: 장년 | Z35: 🔺엘리나바투크흐티나 | AA35: 부녀 | AC35: 정류드밀라 | AD35: 부녀 | AF35: 주숙자 | AG35: 부녀 | AI35: 박모이세이 | AJ35: 자문 | AL35: 이지영 | AM35: 부녀 | AN35: 부구역장 | AO35: 유지헌 | AP35: 부녀 | AR35: 도로페예바올가이바노브나 | AS35: 부녀 | AU35: 김따띠야나게오르게브나 | AV35: 청년 | AX35: 🔺안혜림 | AY35: 청년 | BA35: 스테파노바아나스타시야 | BD35: 🔺강파벨 | BE35: 청년 | BM35: 김형구(23.05.01) | BN35: 신사
W36: 오가이디미트리 | X36: 장년 | AC36: 🔺한옐레나 | AD36: 부녀 | AF36: 박이리나빅토로브나 | AG36: 부녀 | AI36: 쿠즈올가 | AJ36: 부녀 | AL36: 임영선 | AM36: 부녀 | AO36: 정희정 | AP36: 부녀 | AU36: 이정주 | AV36: 청년 | AX36: 🔺한블라디슬라브 | BA36: 포보로즈뉴크드므트로올렉산드로브츠 | BM36: 정재홍(23.05.01) | BN36: 안양
W37: 강블라디미르파블로비치 | X37: 장년 | AC37: 🔺이다리야B | AD37: 부녀 | AF37: 이소피아 | AG37: 부녀 | AI37: 🔺강예카테리나 | AL37: 안소연 | AM37: 부녀 | AO37: 이은정 | AP37: 부녀 | AU37: 스미르노바예브게니야 | AV37: 청년 | BA37: 멜느크세르기발레리요브츠 | BM37: 이난희 | BN37: 안양
W38: 김에두아르드 | AF38: 리알렉시나블라딜레노브나 | AG38: 청년 | AL38: 🔺김스베틀라나 | AM38: 부녀 | BM38: 김지연 | BN38: 안양
AF39: 두드키나스베트라나 | AG39: 부녀 | BM39: 이수지 | BN39: 안양
AF40: 리스베틀라나아나톨리예브나 | AG40: 부녀 | BM40: 안윤희 | BN40: 군포
AF41: 🔺이림마니콜라예브나 Ли Римма Николаевна | AG41: 자문 | BM41: 이은지 | BN41: 인덕원
AF42: 박인가니콜라예브나 | AG42: 자문
AF43: 출리나율리야그리고리예브나 | AG43: 부녀
AC46: 해외선교부
BM47: 우크라이나키이우지역 | CG47: 카자흐스탄알마티지역 | DB47: 카자흐스탄악토베지역
CS49: =SUM(CD55,CG55,CJ55,CM55,CP55,CS55) -> 33
H51: 러시아크림공화국 팀장: 이다리야A | AC51: 러시아 모스크바지역 해외지역 강사: | AX51: 우즈베키스탄(타슈켄트) 팀장: 박류드밀라 | BN51: 강사: 이진모 | CH51: 카자흐스탄팀장: 기블레르마리나 | DD51: 팀장:후사이노바베라
H52: 통역: 배알리나 | R52: =SUM(F55,I55,L55,O55) -> 25 | AX52: 통역: 배알리나 | BN52: 팀장: 자카르첸코마리야 | CH52: 통역:
AJ54: c
E55: (크림반도) 사명자구역 CIS01 | F55: =COUNTA(F56:F64) -> 9 | H55: (크림반도) CIS02 | I55: =COUNTA(I56:I63) -> 5 | K55: (크림반도) CIS03 | L55: =COUNTA(L56:L62) -> 6 | N55: (크림반도) CIS04 | O55: =COUNTA(O56:O62) -> 5 | Q55: (크림반도) 사랑구역 CIS05 | R55: 8 | W55: (러시아) CIS01 | X55: =COUNTA(X56:X63) -> 5 | Z55: (러시아) CIS02 | AA55: =COUNTA(AA56:AA62) -> 6 | AC55: (러시아) CIS03 | AD55: 13 | AF55: (러시아) CIS04 | AG55: =COUNTA(AG56:AG68) -> 8 | AI55: (러시아) CIS05 | AJ55: =COUNTA(AJ56:AJ66) -> 7 | AL55: (러시아) CIS06 | AM55: =COUNTA(AM56:AM66) -> 8 | AO55: (러시아) CIS07 | AP55: =COUNTA(AP56:AP71) -> 4 | AU55: 우즈베키스탄(타슈켄트) CIS01 | AV55: =COUNTA(AV56:AV66) -> 7 | AX55: 우즈베키스탄(타슈켄트) 사명자 CIS02 | AY55: =COUNTA(AY56:AY66) -> 3 | BA55: 우즈베키스탄(타슈켄트) CIS03 | BB55: 5 | BM55: (우크라이나) CIS01 | BN55: =COUNTA(BN56:BN65) -> 7 | BP55: (우크라이나) CIS02 | BQ55: =COUNTA(BQ56:BQ65) -> 5 | BZ55: (카자흐스탄) CIS01 | CA55: =COUNTA(CA56:CA63) -> 6 | CC55: (카자흐스탄) CIS02 | CD55: =COUNTA(CD56:CD63) -> 3 | CF55: (카자흐스탄) CIS03 | CG55: =COUNTA(CG56:CG63) -> 7 | CI55: (카자흐스탄) CIS04 | CJ55: =COUNTA(CJ56:CJ63) -> 6 | CL55: (카자흐스탄) CIS05 | CM55: =COUNTA(CM56:CM66) -> 10 | CO55: (카자흐스탄) 사명자구역 CIS06 | CP55: =COUNTA(CP56:CP66) -> 7 | DA55: (카자흐스탄) 사명자구역 CIS01 | DB55: =COUNTA(DB56:DB63) -> 5 | DD55: (카자흐스탄) CIS02 | DE55: =COUNTA(DE56:DE63) -> 6 | DG55: (카자흐스탄) CIS03 | DH55: =COUNTA(DH56:DH63) -> 5 | DJ55: =SUM(DB55,DE55,DH55) -> 16
E56: 이다리야A | F56: 자문 | G56: 팀장 | H56: 칸니베츠류드밀라 | I56: 자문 | J56: 구역장 | K56: 솔로도브닉안드레이 | L56: 장년 | M56: 구역장 | N56: 마의코마르가리따 | O56: 부녀 | P56: 구역장 | Q56: 이다리야A | R56: 자문 | W56: 스미르노바예브게니야 | X56: 청년 | Y56: 구역장 | Z56: 부하리놉알렉세이유리예비치 | AA56: 장년 | AB56: 새신자구역장 | AC56: 코르네예바예카테리나유리예브나(크림부) | AD56: 부녀 | AE56: 새신자구역장 | AF56: 소히보바예카테리나알렉세예브나 Сохибова Екатерина Алексеевна | AG56: 부녀 | AH56: 구역장 | AI56: 모르구노바올가 | AK56: 구역장장 | AL56: 셀륜안토니나 | AN56: 구역장장 | AO56: 주마리나(청-한국) | AU56: 박류드밀라 | AV56: 자문 | AW56: 팀장 | AX56: 박류드밀라 | AZ56: 팀장 | BA56: 박류드밀라 | BC56: 팀장 | BM56: 쿨르느츠빅토리아 | BN56: 청년 | BO56: 팀장 | BP56: 쿨르느츠빅토리아 | BR56: 구역장 | BZ56: 최트로핌 | CB56: 구역장 | CC56: 최아파나시니콜라예비치 | CD56: 자문 | CE56: 구역장 | CF56: 미로노바마리나아나톨리예브나 | CG56: 부녀 | CH56: 구역장 | CI56: 칼가노바류드밀라 | CJ56: 자문 | CK56: 구역장 | CL56: 조니나(카.자) | CN56: 구역장 | CO56: 기블레르마리나 | CP56: 부녀 | CQ56: 팀장 | DA56: 후사이노바베라발렌티노브나 | DB56: 부녀 | DC56: 팀장 | DD56: 쿠자흐메토바사라아흐메토브나 | DE56: 부녀 | DF56: 구역장 | DG56: 나우루즈바옙아흐마디아타튜르코비치(카.새청) | DH56: 청년 | DI56: 새신자구역장
E57: 우사초브빅토르 | F57: 자문 | G57: 새구 | H57: 페트렌코스베틀라나 | I57: 자문 | J57: 부구역장 | K57: 칸니베츠겐나디 | L57: 자문 | N57: 블라슈크알라니콜라예브나 | O57: 부녀 | P57: 부구역장 | Q57: 보츠코바나탈리야아나톨리예브나 | W57: 디야츠코바야나유리예브나 Дьячкова Яна Юрьевн | X57: 청년 | Y57: 부구역장 | Z57: 예브도키몹로만예브게니예비치 | AA57: 장년 | AC57: 바세니나올가알렉산드로브나 Васенина Ольга Александровна | AD57: 부녀 | AE57: 부구역장장 | AF57: 예브도키모바나탈리야세르게예브나 Евдокимова Наталья Сергеевна | AG57: 부녀 | AH57: 부구역장 | AI57: 무하메토바리다이스마길로브나 | AJ57: 자문 | AL57: 키셀레바아나스타시야아나톨리예브나(38) | AM57: 부녀 | AO57: 🔺타토얀그레타바가노브나 Татоян Грета | AP57: 부녀 | AU57: 김플로라 | AV57: 자문 | AX57: 김엘리자베따(우즈벡) | AY57: 부녀 | BA57: 한예카테리나발렌티노브나 Хан Екатерина | BB57: 부녀 | BM57: 안토넨코뱌체슬라브볼로드므로브 | BN57: 장년 | BO57: 새신자구역장 | BP57: 돌가카테르나볼로드므리브나 Долга Катерина Владимировна | BQ57: 청년 | BZ57: 이알렉세이 | CA57: 장년 | CB57: 부구역장 | CC57: 제놉 빅토르 페트로비치 Зенов Виктор Петрович | CD57: 자문 | CF57: 예고로바류드밀라 | CG57: 부녀 | CI57: 헤가이타마라 | CJ57: 자문 | CK57: 부구역장 | CL57: 아만졸로바굴미라아미로브나(카자흐) | CM57: 부녀 | CN57: 부구역장 | CO57: 조니나 | CP57: 자문 | DA57: 마흐무토바줄피야얄쿠노브나 Махмутова Зульфия Ялкуновна | DB57: 청년 | DD57: 칸라리사표도로브나(부구님) | DE57: 자문 | DF57: 부구역장 | DG57: 나우루즈바옙 키릴 아타튜르코비치(카자흐) | DH57: 청년 | DI57: 새신자구역장
E58: 모르구노바올가 | F58: 자문 | G58: 새구 | H58: 예기얀발렌티나 | I58: 자문 | K58: 오삿치데니스니콜라예비치 | L58: 장년 | N58: 추이코라리사세묘노브나 | O58: 자문 | Q58: 스미르노바올레나빅토리브나 | W58: 디야츠코바빅토리야유리예브나 | X58: 청년 | Z58: 🔺즈가넨코세르게이알렉산드로비치 | AA58: 장년 | AC58: 디야츠코바예카테리나유리예브나 Дьячкова Екатерина Юрьевна | AD58: 부녀 | AF58: 질린스카야옐레나레오니도브나 | AG58: 부녀 | AI58: 코발축류드밀라빅토로브나 | AJ58: 자문 | AL58: 아브라모바아가브닉발레리예브나(35) | AM58: 부녀 | AO58: 🔺쵸르나야스베틀라나알렉산드로브나 Чёрная Светлана | AP58: 부녀 | AU58: 박바딤 | AV58: 자문 | AX58: 박지나이다엔디노브나 | AY58: 부녀 | BA58: 발로바타티야나티모페예브나 | BB58: 자문 | BM58: 체첼니즈카한나 | BN58: 부녀 | BP58: 칼라챤갈르나카미브나 Калачян Галина Камівна | BQ58: 청년 | BR58: 새신자구역장 | BZ58: 코로봅이고르블라디미로비치 Коробов Игорь | CA58: 장년 | CC58: 🔺두비닌발레리발렌티노비치 | CD58: 장년 | CF58: 안알렉산드라게로브나 | CG58: 부녀 | CI58: 최라리사 | CK58: 부구역장 | CL58: 스기브녜바 류드밀라 미하일로브나 카키모브나 Сгибнева Людмила Михайловна | CM58: 자문 | CO58: 로마노바소피야 | CP58: 자문 | DA58: 🔺이브라기모바나시야 Ибрагимова Насия Ахметовна | DB58: 부녀 | DD58: 나우루즈바예바아이자다카키모브나 | DE58: 자문 | DG58: 라리오놉 다울렛 알렉세예비치(카자흐) | DH58: 청년
E59: 셰르바코프드미트리발레리예비치 | F59: 장년 | G59: 새팀 | H59: 사모쉬키나이리나니콜라예브나 | I59: 자문 | K59: 보론코프이반드미트로비치 | L59: 청년 | N59: 라브준율리야므콜라이브나 | O59: 부녀 | Q59: 파니나옐레나유리예브나 | W59: 페트로샨아스믹이쉬하노브나 Петросян Асмик Ишхановна | X59: 청년 | Z59: 🔺피스쿠놉알렉산드르올레고비치 Пискунов Александр Олегович | AA59: 청년 | AC59: 솔로도브닉나탈리야알렉산드로브나 Солодовник Наталья Александровна | AD59: 부녀 | AF59: 미나소바갈리나예브게니예브나 | AG59: 부녀 | AI59: 노우르리디야알렉산드르로브나(69) | AJ59: 부녀 | AL59: 크레호바예카테리나안드레예브나(32) | AM59: 부녀 | AO59: 🔺마코베치카카테르나올렉산드리브나 Маковецька Катерина Олександрівна | AP59: 부녀 | AU59: 문엘리자벳 | AV59: 자문 | AX59: 오레나 | AY59: 부녀 | BA59: 🔺판밀라찬바노브나 | BB59: 자문 | BM59: 보즈제니코바나탈랴올렉산드리브나 | BN59: 청년 | BP59: 두브냑 야나 페트리브나 | BQ59: 청년 | BZ59: 최비싸리온드미트리예비치 Цой Виссарион | CA59: 장년 | CF59: 마흐피로바굴자르라흐메트자노브나 Махпирова Гульзар Рахметжановна | CG59: 부녀 | CI59: 류리따 | CJ59: 자문 | CL59: 최스베틀라나알렉세예브나 Цой Светлана Алексеевна | CM59: 부녀 | CO59: 시도로바나일랴 | CP59: 부녀 | DA59: 🔺록테바올레샤세르게예브나 Локтева Олеся Сергеевна | DB59: 청년 | DD59: 추파히나나탈리야알렉산드로브나 | DE59: 자문 | DG59: 🔺부르케예바디아나블라디미로브나 Буркеева Диана Владимировна | DH59: 청년
E60: 최타이시아 | F60: 부녀 | G60: 새팀 | H60: 마슬렌코바나탈리야 | I60: 부녀 | K60: 라흐마툴린안드레이자비로비치 | L60: 장년 | N60: 🔺오사드차클라브디야므콜라이브나 | O60: 청년 | W60: 벨로굽일리야안드레예비치 Белогуб Илья Андреевич | X60: 청년 | Z60: 🔺가바이둘린라딕라쉬토비치 | AA60: 장년 | AC60: 포미체바올레샤아다모브나 Фомичева Олеся Адамовна | AD60: 부녀 | AF60: 넵스카야타티야나스타니슬라보브나 Невская Татьяна Станиславовна | AG60: 부녀 | AI60: 페드첸코옐레나알렉산드로브나 | AJ60: 부녀 | AL60: 시들랴레비치크세니야겐나디예브나(29) | AM60: 부녀 | AO60: 🔺우마로바마디나알리세로브나 Умарова Мадина Алишеровна | AP60: 청년 | AU60: 투르수노브슈흐라트쇼디베코비치 | AV60: 장년 | BA60: 🔺반소피야 Пан София | BB60: 자문 | BM60: 🔺부트르멘코발렌트나세르기이브나 | BN60: 청년 | BP60: 본다르보그다나야로슬라비브나 Богдана Бондар | BQ60: 청년 | BZ60: 🔺사그데옙티모페이불라토비치 | CA60: 장년 | CF60: 크르그조바나즈굴 | CG60: 부녀 | CI60: 두비니나베라블라디미로브나 | CJ60: 부녀 | CL60: 아크피로바주흐라사드코브나 Акпирова Зухра Садыковна | CM60: 부녀 | CO60: 코메코바아이트쿨오티즈바예브나 | CP60: 부녀 | DA60: 🔺발타바예바미람굴이르기즈크즈 Балтабаева Мирамгул Иргизкызы | DB60: 청년 | DD60: 하잠쿨로바굴나라아른바사로브나 | DE60: 부녀 | DF60: 새신자구역장장 | DG60: 테도조이드제(152-4)
E61: 셰르바코바아나스타시야 | F61: 부녀 | G61: 새구 | K61: 우튼코이반비탈리예비치 Утынко Иван Витальевич | L61: 장년 | Z61: 🔺바쉴롭안드레이블라디미로비치 | AA61: 장년 | AC61: 그리고랸나탈리야이고례브나 Григорян Наталья Игоревна | AD61: 부녀 | AF61: 카사트키나옐레나게오르기예브나 Касаткина Елена Георгиевна | AG61: 부녀 | AI61: 보츠코바나탈리야아나톨리예브나 | AJ61: 부녀 | AL61: 니껠리디야빅토로브나(25) | AM61: 부녀 | AU61: 아사도바마쉬후라노시로브나 | AV61: 부녀 | BA61: 🔺박올가페트로브나 Пак Ольга Петровна | BB61: 부녀 | BM61: 🔺체렙니나빅토리야뱌체슬라비브나 | BN61: 부녀 | BP61: 🔺예키모바알렉산드라바디모브나 Екимова Александра | BQ61: 청년 | BZ61: 🔺코메콥누르벡쉰그스칸지예비치 Комеков Нурбек Шынгысказиевич | CA61: 장년 | CF61: 🔺마네소바옐레나블라디미로브나 | CG61: 부녀 | CI61: 오그녜바이리나블라디미로브나 | CJ61: 부녀 | CL61: 주코바마리나겐나디예브나 Жукова Марина Геннадьевна | CM61: 부녀 | CO61: 쁠레솝스키흐타티야나보리소브나 | CP61: 부녀 | DD61: 🔺카라쵸바타티야나빅토로브나 | DE61: 부녀 | DG61: 구레옙이반빅토로비치(152-4)
E62: 실리나나탈리야 | F62: 부녀 | G62: 새구 | AC62: 🔺샤틴스카이테엘랴나유리예브나 Шатинскайте Эляна Юрьевна | AD62: 부녀 | AF62: 무라비요바나탈리야알렉산드로브나 Муравьёва Наталья Александровна | AG62: 부녀 | AI62: 프로코피예바타티야나표도로브나(58) | AJ62: 부녀 | AL62: 파르추루치야게오르기이(36) | AM62: 청년 | AU62: 구반코바발렌티나발레리예브나 | AV62: 청년 | AW62: 부구역장 | BM62: 🔺메드베드스키요스프므하일로브츠 | BN62: 청년 | BZ62: 🔺마네소브알렉산드르샤무라토비치 | CA62: 장년 | CF62: 🔺아슬라노바소피야사비로브나 | CG62: 청년 | CI62: 🔺아브두라흐마노바베네라지누로브나 | CJ62: 부녀 | CL62: 쿨리니츠알라(카자) | CM62: 부녀 | CO62: 사그데예바레기나아르슬란베코브나 | CP62: 부녀 | DG62: 기블레르이고르로마노비치 Киблер Игорь (학생) | DH62: 학생
E63: 셀륜안토니나 | F63: 부녀 | G63: 새구 | AC63: 아미르하냔루시네오비코브나 Амирханян Лусине Овиковна | AD63: 부녀 | AE63: 새신자구역장 | AF63: 알비나볼로토바 | AG63: 부녀 | AI63: 파니나옐레나유리예브나 | AJ63: 부녀 | AL63: 오코네쉬니코바일리나세르게예브나(26) | AM63: 청년 | CL63: 🔺사드바카소바라자트예심카노브나 Садвакасова Лазат Есимкановна | CM63: 부녀
E64: 페트리쉬나타티아나 | F64: 부녀 | G64: 새구 | AC64: 브라기나예브게니야빅토로브나 Брагина Евгения Викторовна | AD64: 부녀 | AL64: 스토야노바류보브파블로브나(25) | AM64: 청년 | CL64: 🔺움베탈리나랴자트샹게레예브나 Умбеталина Ляззат Шангереевна | CM64: 부녀
AC65: 김옐리자베타페트로브나 Ким Елизавета Петровна | AD65: 부녀 | CL65: 🔺샤이마르다노바 오라즈비베 샤이호브나 Шаймарданова Оразбибе | CM65: 부녀
AC66: 벨로굽이리나이바노브나 Белогуб Ирина Ивановна | AD66: 부녀 | CL66: 김글라피라니콜라예브나(구님) | CM66: 부녀
AC67: 굴리나마리나알렉산드로브나 Гулина Марина Александровна | AD67: 부녀 | AI67: 러시아 | AL67: 러시아&독일&폴란드&터키 | AO67: 러시아&독일&폴란드&터키
AC68: 🔺스테파시나올가빅토로브나 Стефашина Ольга Викторовна | AD68: 부녀 | AI68: 러시아&독일&폴란드&터키
H71: 크림새신자팀 | AC71: 모스크바 새신자팀 | AX71: 새신자 | BJ71: 우크라이나 새신자1팀 | BT71: 우크라이나 새신자2팀 | CG71: 카자흐스탄새팀장: 쁠레솝스키흐타티야나보리소브나 | DB71: 새신자 2팀 카자흐스탄 악토베
H72: 크림새신자팀장: 셰르바코바아나스타시야 | AC72: 팀장: 페트로샨아스믹이쉬하노브나 | AX72: 우즈벡새신자팀장: 김엘리자베따 | BJ72: 우크라이나새신자팀장: 트로얀라르사아나톨리이브나 | BT72: 우크라이나청년새신자팀장: 자카르첸코마리야 | CG72: 통역: | DB72: 카자흐스탄새팀장: 나우루즈바예바미르굴비심바예브나
Q73: =SUM(F75,I75,L75,O75) -> 27 | CQ73: =SUM(CD75,CG75,CJ75,CM75,CP75) -> 29
E75: 새 : CIS01 | F75: =COUNTA(F76:F89) -> 13 | H75: 새 : CIS02 | I75: =COUNTA(I76:I91) -> 4 | K75: 새 : CIS03 | L75: =COUNTA(L76:L90) -> 10 | Z75: 새 : CIS01 | AA75: =COUNTA(AA76:AA86) -> 10 | AC75: 새 : CIS02 | AD75: =COUNTA(AD76:AD91) -> 9 | AF75: 새 : CIS15=>3 | AG75: =COUNTA(AG76:AG86) -> 5 | AI75: 새 : CIS4 | AJ75: =COUNTA(AJ76:AJ86) -> 1 | AL75: 학생회 5 | AM75: =COUNTA(AM76:AM90) -> 8 | AU75: 새 : CIS01 | AV75: =COUNTA(AV76:AV86) -> 3 | AX75: 새 : CIS02 | AY75: 6 | BA75: 새 : CIS03 | BB75: =COUNTA(BB76:BB86) -> 4 | BG75: 새 : CIS01 | BH75: =COUNTA(BH76:BH91) -> 8 | BJ75: 새 : CIS01 | BK75: =COUNTA(BK76:BK91) -> 11 | BM75: 새 : CIS2 | BN75: =COUNTA(BN76:BN91) -> 4 | BP75: 새 : CIS3 | BQ75: =COUNTA(BQ76:BQ91) -> 6 | BS75: 새 : CIS4 | BT75: =COUNTA(BT76:BT91) -> 13 | BV75: 새 : CIS5 | BW75: =COUNTA(BW76:BW91) -> 11 | CF75: 카자흐(새)01 | CG75: =COUNTA(CG76:CG86) -> 8 | CI75: 카자흐(새)02 | CJ75: =COUNTA(CJ76:CJ86) -> 10 | CL75: 카자흐(새)03 | CM75: =COUNTA(CM76:CM87) -> 11 | DA75: 새 : CIS01 | DB75: =COUNTA(DB76:DB86) -> 5 | DD75: 새 : CIS02 | DE75: =COUNTA(DE76:DE86) -> 10 | DG75: 새 : CIS03 | DH75: =COUNTA(DH76:DH86) -> 10 | DJ75: 새 : CIS04 | DK75: =COUNTA(DK76:DK89) -> 13
E76: 셰르바코바아나스타시야(크림부녀) | G76: 구역장 | H76: 코비젭아르툠올레고비치 Кобызев Артем Олегович | I76: 장년 | J76: 구역장 | K76: 바흐티나올가빅토로브나 Бахтина Ольга Викторовна | L76: 부녀 | M76: 구역장 | Z76: 페트로샨아스믹이쉬하노브나 | AC76: 스테파노바아나스타시야(청-러시아) | AE76: 구역장 | AF76: 틴옐레나비탈리예브나 | AH76: 구역장장 | AI76: 나우루즈바옙아흐마디아타튜르코비치 | AL76: 쁠레솝스키흐루피나스타니슬라보브나 | AN76: 구역장 | AU76: 김엘리자베따 | AW76: 팀장 | AX76: 오레나 | BA76: 박지나이다 | BG76: 트로얀라르사아나톨리이브나 Троян Лариса Анатоліївна | BH76: 부녀 | BI76: 팀장 | BJ76: 트로얀라르사아나톨리이브나 Троян Лариса Анатоліївна | BL76: 구역장 | BM76: 강블라디미르파블로비치 | BO76: 구역장 | BP76: 안토넨코 뱌체슬라브(우크) | BR76: 구역장 | BS76: 예구폽빅토르발레리예비치 | BT76: 청년 | BU76: 구역장 | BV76: 랴부쉬즈갈르나므콜라이브나 Рябущиць Галина Миколаївна | BW76: 청년 | BX76: 구역장 | CF76: 로마노바소피야 | CH76: 구역장 | CI76: 코메코바아이트쿨오티즈바예브나 | CK76: 구역장 | CL76: 쁠레솝스키흐타티야나보리소브나 | CN76: 구역장 | DA76: 나우루즈바예바미르굴비심바예브나(카자흐부녀) | DC76: 새신자팀장 | DD76: 시도로바나일랴(카자흐) | DG76: 하잠쿨로바굴나라아른바사로브나 | DJ76: 를끼나나탈리야블라디미로브나 (부-카자흐)
E77: 술타냔레일리샤리포브나 | F77: 부녀 | H77: 바르나콥니콜라이겐나디예비치 Варнаков Николай | I77: 장년 | J77: 부구역장 | K77: 콜로드코마리야레오니도브나 Колодко Мария Леонидовна | L77: 부녀 | M77: 부구역장 | Z77: 코브제바아나스타시야세르게예브나 | AA77: 부녀 | AC77: 레온테바예브게니야예브게니예브나 Леонтьева Евгения | AD77: 학생 | AF77: 유르코바폴리나발레리예브나 | AG77: 부녀 | AI77: 구레옙이반빅토로비치 | AJ77: 학생 | AL77: 톡토수놉이브라임누를란베코비치 | AM77: 청년 | AU77: 누르무함베토바알튼이스마일로브나(64) | AV77: 부녀 | AX77: 레임바예바줌라드아흐마도브나(96) | AY77: 청년 | AZ77: 부구역장 | BA77: 아브드라자코바로자자느베코브나 | BB77: 부녀 | BC77: 부구역장 | BG77: 라자렌쿠스베틀라나블라디미르 | BH77: 부녀 | BJ77: 판텔레예바니나바슬리브나 | BK77: 부녀 | BL77: 부구역장 | BM77: 트로얀볼로드므르이바노브치 Троян Володимир | BN77: 장년 | BO77: 구역장 | BP77: 스브스툰므콜라보르소브치 Свистун Николай Борисович | BQ77: 장년 | BR77: 부구역장 | BS77: 크라브체냐마리야페트리브나 | BT77: 청년 | BU77: 부구역장 | BV77: 크라베츠마르가르타아르테미브나 Кравець Маргарита Артемівна | BW77: 학생 | BX77: 부구역장 | CF77: 아크노바알마하이룰라예브나 | CG77: 자문 | CI77: 에티크파예바마디나바킷하노브나 | CJ77: 부녀 | CL77: 크루프스카야다나타블라디슬라보브나 Крупская Даната Владиславовн | CM77: 자문 | DA77: 예브바사로바타티야나페트로브나 | DB77: 부녀 | DC77: 부구역장 | DD77: 그리바노바갈리나바실리예브나 | DE77: 자문 | DG77: 주수포바자늘칸 | DH77: 부녀 | DI77: 새신자구역장 | DJ77: 김릴리야미하일로브나 Ким Лилия Михайловна | DK77: 부녀 | DL77: 새신자부구역장장
E78: 무로바안나알렉산드로브나 | F78: 부녀 | H78: 투르차니노브예브게니이빅토로비치 Турчанинов Евгений Викторович | I78: 장년 | K78: 정스베틀라나페트로브나 Чжен Светлана Петровна | L78: 부녀 | Z78: 오스파놉미람(26) | AA78: 청년 | AC78: 곤차로바수산나삼벨로브나 Гончарова Сусанна Самвеловна | AD78: 부녀 | AF78: 울키나빅토리야뱌체슬라보브나 | AG78: 청년 | AL78: 아만겔드예바아델리나우자로브나 | AM78: 학생 | AU78: 샤르쉐날리예바로자몰도이사예브나(62) | AV78: 부녀 | AX78: 예센쿨로바베라빅토로브나(92) | AY78: 부녀 | BA78: 바이스마코바자말칸아마노브나 | BB78: 부녀 | BG78: 이바노바발렌트나세르기이브나 | BH78: 부녀 | BJ78: 막발라무샴바제 | BK78: 부녀 | BM78: 보구즈키예브게니파블로브치 | BN78: 장년 | BP78: 쁠레솝스키흐스타니슬라프이바노비치 Плесовских Станислав Иванович | BQ78: 장년 | BS78: 마카예바알리나비탈리이브나 | BT78: 청년 | BV78: 므쉬신마르타이바니브나 Мищишин Марта Іванівна | BW78: 청년 | CF78: 박안나알렉세예브나 | CG78: 자문 | CI78: 마트모바누르굴아이트무하메토브나 | CJ78: 부녀 | CL78: 쿠르만세이토바굴잔가브둘가비토브나 Курмансеитова Гульжан Габдул- Габитовна | CM78: 부녀 | DA78: 막시모바나탈리야이고레브나 | DB78: 부녀 | DC78: 부구역장 | DD78: 보떼율리야니콜라예브나 | DE78: 부녀 | DG78: 가우프갈리나미하일로브나 | DH78: 부녀 | DJ78: 이디리소바아나라아산베코브나 Идирисова Анара | DK78: 부녀
E79: 🔺바쉴로바빅토리야세르게예브나 | F79: 부녀 | H79: 루킨미하일니콜라예비치 Лукин Михаил Николаевич | I79: 장년 | K79: 우포로바지나이다바실리예브나 Упорова Зинаида Васильевна | L79: 부녀 | Z79: 보브로바디아나스테파노브나 | AA79: 청년 | AC79: 라트셰바아나스타시야알렉산드로브나 Латышева Анастасия Александровна | AD79: 청년 | AF79: 레임바예바말리카아흐마도브나 | AG79: 청년 | AL79: 예구폽안드레이발레리예비치 | AM79: 학생 | AU79: 테미르바예바아이굴므르자크마토브나 | AV79: 부녀 | AX79: 이스마일로바루나라마라토브나(93) | AY79: 부녀 | BA79: 데니셴코올레샤니콜라예브나 | BB79: 부녀 | BG79: 골로브코나디야느크포리브나 | BH79: 자문 | BJ79: 모로즈이르나므하일리브나(151-2새신자) | BK79: 부녀 | BM79: 스네즈크이우스틈비탈리요브치 | BN79: 청년 | BP79: 스크리프첸코표트르알렉세예비치 Скрипченко Петр Алексеевич | BQ79: 장년 | BR79: 카자흐스탄 | BS79: 구스토바예브게니야세르기이브나 | BT79: 청년 | BV79: 소보바스네자나알렉산드로브나 Собова Снежана Александровна | BW79: 청년 | CF79: 길료바류보프아르툐모브나 | CG79: 자문 | CI79: 주마니야조바줄디즈자크실르코브나 | CJ79: 부녀 | CL79: 에르나자로바비비누르쿨라마노브나 Ерназарова Бибинур | CM79: 부녀 | DA79: 브치코바아나스타시야아나톨리예브나(89) | DB79: 부녀 | DD79: 구레예바루자알렉산드로브나 | DE79: 부녀 | DG79: 니그메토바보타고즈샤키로브나 | DH79: 부녀 | DJ79: 스코로호드스베틀라나유리예브나 Скороход Светлана Юрьевна | DK79: 부녀
E80: 포플라브스카야림마뱌체슬라보브나 | F80: 청년 | K80: 트루비즈나류드밀라니콜라예브나 Трубицына Людмила Николаевна | L80: 부녀 | Z80: 유집축마르가리타루슬라노브나 | AA80: 청년 | AC80: 포폽키릴게오르기에비치 Попов Кирилл Георгиевич | AD80: 청년 | AF80: 🔺풀라토바자리나알리쉐로브나 | AG80: 부녀 | AL80: 바세닌키릴알렉산드로비치 | AM80: 학생 | AX80: 레임바예바마무라아흐마도브나(96) | AY80: 청년 | BA80: 수윰쿨로바즐드즈칸도올론카노브나 | BB80: 부녀 | BG80: 베르겔레스류보브올렉산드리브나 | BH80: 자문 | BJ80: 🔺다즈카야올가세르기이브나 Дацкая Ольга Сергіївна | BK80: 부녀 | BL80: 구역장장 | BM80: 🔺코스텐코므하일로바슬료브치 | BN80: 청년 | BP80: 파블렌코이르나페트리브나 Павленко Ірина Петрівна | BQ80: 부녀 | BS80: 바이츠게오르기이유리예비치 Вайц Георгий | BT80: 학생 | BV80: 수호노스디나므콜라이브나 Сухонос Діна Миколаївна | BW80: 청년 | CF80: 🔺알라야로바마리암바이라모브나 | CG80: 자문 | CI80: 아크피로바아르지굴아마노브나 | CJ80: 부녀 | CL80: 먀스냔키나마리나유리예브나 Марина Юрьевна | CM80: 부녀 | DA80: 체르노브스카야마리야안드레예브나 | DB80: 부녀 | DD80: 다울렛무라토바마리야나우랄바예브나 | DE80: 부녀 | DG80: 세르듁올가이오시포브나 | DH80: 부녀 | DJ80: 네샤딤알라아나톨리예브나 Нещадим Алла Анатольевна | DK80: 부녀 | DL80: 새신자구역장장
E81: 포플라브스카야마르가리타뱌체슬라보브나 | F81: 청년 | K81: 야코블레바류보브겐나디예브나 Яковлева Любовь Геннадьевна | L81: 부녀 | Z81: 즈나멘스키올렉올레고비치 | AA81: 청년 | AC81: 코스튜츠콥안드레이블라디미로비치 Костючков Андрей Владимирович | AD81: 청년 | AF81: 브도비나비올레따비탈리예브나 | AG81: 학생 | AL81: 자프마리야유리이브나 | AM81: 학생 | AX81: 일테랴코바아나스타시야유리예브나 Ильтерякова | AY81: 부녀 | BG81: 골로브코릴리야아나톨리이브나 | BH81: 부녀 | BJ81: 🔺트리포노바빅토리야빅토로브나(우크) | BK81: 부녀 | BP81: 보고몰로바예브게니야므콜라이브나 Богомолова Евгения Николаевна | BQ81: 부녀 | BS81: 파틀라흐나자르빅토로비치 Патлах Назар | BT81: 학생 | BV81: 지노브예바올레샤올렉산드리브나 Зінов'єва Олеся Олександрівн | BW81: 청년 | CF81: 아뱌예바베라페트로브나 | CG81: 자문 | CI81: 칼루바예바알트나샤르자크실르코브나 | CJ81: 부녀 | CL81: 사타로바투르두부부주마카드로브나 Сатарова Турду Жумакадыровна | CM81: 부녀 | DA81: 보로비코바스베틀라나블라디미로브나 | DB81: 부녀 | DD81: 티쉬코바엘레나니콜라예브나(74) | DE81: 부녀 | DG81: 드로즈도바타티야나아나톨리예브나 | DH81: 부녀 | DJ81: 클라브디노바타티야나바실리예브나 Клавдинова Татьяна Васильевна | DK81: 부녀
E82: 클로츠코바스베틀라나안드레예브나 | F82: 청년 | K82: 흐리샤노비치타티야나블라디미로브나 Хрищанович Татьяна Владимировна | L82: 부녀 | Z82: 이바노바일로나이디베코브나 | AA82: 청년 | AC82: 우포로바지나이다바실리예브나 Упорова Зинаида Васильевна | AD82: 청년 | AL82: 유레비치티모페이예브게니예비치 | AM82: 학생 | AX82: 🔺박타밀라아드하모브나 PAK TAMILLA ADXAMOVNA | AY82: 청년 | BG82: 른늑카테르나이바노브나 | BH82: 부녀 | BJ82: 폴리모노프나탈리야 야코블레브나 Фолимонова Наталья | BK82: 부녀 | BP82: 빌르이볼로드므르아나톨리요브치(153-5기) | BQ82: 장년 | BS82: 바즐축드므트로안드리요브치 | BT82: 청년 | BV82: 드라군타티야나드미트리예브나 | BW82: 청년 | CF82: 에티크파예바굴판 가브둘-가비토브나 | CG82: 부녀 | CI82: 스트륙이리나알렉산드로브나 | CJ82: 부녀 | CL82: 주마예바부룰뷰뷰주마카드로브나 Жумаева Бурул Джумакадыровна | CM82: 부녀 | DD82: 나자르베코바쿨자안(54) | DE82: 부녀 | DF82: 새신자구역장 | DG82: 샤드치네바이리나드미트리예브나 | DH82: 부녀 | DJ82: 마카예바아나스타시야빅토로브나 Макаева Анастасия Викторовна | DK82: 부녀
E83: 안드리엔코베로니카안드레예브나 | F83: 청년 | K83: 세르바코바라이사미하일로브나 Щербакова Раиса Михайловна | L83: 부녀 | Z83: 바나루아드리아나투도로비치 | AA83: 학생 | AC83: 사무센코마리나유리예브나 | AD83: 부녀 | AL83: 타라슉빅토리야이바니브나 | AM83: 학생 | BG83: 마르말륙마리나블라디미로브나 | BH83: 부녀 | BS83: 바즐축비탈리안드리요브치 | BT83: 청년 | BV83: 볼로튝블라다이바노브나 Болотюк Влада Ивановна | BW83: 청년 | CF83: 니코노바이리나유리예브나 | CG83: 부녀 | CI83: 🔺타이셰바나탈리야그리고리예브나 | CJ83: 부녀 | CL83: 미하일륙이리나페오도시예브나 Михайлюк Ирина Феодосьевна | CM83: 자문 | DD83: 투르순쿨로바로자투두쿨로브나(63) | DE83: 부녀 | DF83: 새신자부구역장 | DG83: 아임베코바마랄예르키노브나 | DH83: 부녀 | DJ83: 콘드라티예바옥사나이바노브나 Кондратьева Оксана Ивановна | DK83: 부녀
E84: 🔺오브친니코바안나아나톨리예브나 | F84: 청년 | K84: 베르드니코바나탈리야바실리예브나 Бердникова Наталья Васильевна | L84: 부녀 | Z84: 소바친스키키릴안드레예비치 | AA84: 학생 | AC84: 바라노바다리야세르게예브나 | AD84: 청년 | AM84: 학생 | BJ84: 일킵갈리나바실리브나 | BK84: 청년 | BL84: 부구역장 | BS84: 바즐축올렉산드르안드리요브치 | BT84: 청년 | BV84: 🔺마르첸코율리야올레고브나 Марченко Юлия | BW84: 학생 | CF84: 메델하노바사파르쿨우알리하노브나 | CG84: 부녀 | CI84: 🔺룹스류드밀라발렌티노브나 | CJ84: 부녀 | CL84: 프르샤즈뉵류샤므콜라이브나 Присяжнюк Люся Николаевна | CM84: 부녀 | DD84: 리순세르게이알렉산드로비치 | DE84: 장년 | DG84: 쉐페르스베틀라나세르게예브나 | DH84: 부녀 | DJ84: 베케토바라리사자케나브나 Бекетова Лариса | DK84: 부녀
E85: 🔺페트로샨츠카리나이쉬하노브나 | F85: 청년 | K85: 피오투흐예카테리나바디모브나(154-4) | L85: 부녀 | Z85: 도브간알렉산드라알렉산드로브나 | AA85: 학생 | AC85: 🔺안토뉴크마리야이바노브나 Антонюк Мария | AD85: 학생 | BJ85: 코발렌코 류보브 이바니브나 Коваленко Любов Іванівна | BK85: 자문 | BS85: 🔺아켄치즈베로니카블라디미로브나 | BT85: 청년 | BV85: 🔺루드첸코올가므콜라이브나 Рудченко Ольга Миколаївна | BW85: 부녀 | CI85: 🔺누를르바예바숄판쿠르마셰브나 | CJ85: 부녀 | CL85: 사야피나안젤리카비탈리예브나 Саяпина Анжелика Витальевна | CM85: 부녀 | DD85: 리순라리사미하일로브나 | DE85: 부녀 | DG85: 사루아로바만주라미람벡크즈 | DH85: 청년 | DJ85: 니자메디노바구젤야알림쟈노브나 Низамединова Гузеля Алимжановна | DK85: 부녀
E86: 게크셀타티야나세르게예브나 | F86: 부녀 | Z86: 라브준예바올렉산드리브나 | AA86: 학생 | BJ86: 랴쉔코스비틀라나야키브나 | BK86: 자문 | BS86: 🔺바흐롬조다무하마드 | BT86: 청년 | BV86: 🔺죠흐마르나세르기이브나 Дзьох Марина Сергiiвна | BW86: 청년 | CI86: 🔺바크트한굴나즈알마스크지 | CJ86: 부녀 | CL86: 실베스트로바넬리페트로브나 | CM86: 자문 | DD86: 🔺벨렌코바베라드미트리예브나 | DE86: 자문 | DG86: 🔺두이센베코바로자아나톨리예브나 | DH86: 부녀 | DJ86: 이스라일로바나즈굴오스판바예브나 Исраилова Назгуль Оспанбаевна | DK86: 부녀
E87: 에세날리예바메에림오무르베코브나 | F87: 청년 | BJ87: 마누엘안토니오올레나레오니디브나 | BK87: 부녀 | BS87: 🔺두스토바사브리나잠셰도브나 | BT87: 청년 | CL87: 토흐타로바파리다술레이메노브나 | CM87: 부녀 | DJ87: 자카노바아이나쉬발라베코브나 Жаканова Айнаш Балабековна | DK87: 부녀
E88: 진졸리야마디나테이무라조브나 | F88: 청년 | BJ88: 본다렌코올가세르게예브나 Бондаренко Ольга | BK88: 부녀 | BS88: 🔺알림조다마흐부바토지딘 | BT88: 청년 | DJ88: 🔺카나피나인나세르게예브나 Канафина Инна Сергеевна | DK88: 부녀
E89: 파세츠닉안나블라디미로브나 | F89: 청년 | CL89: 부구확인필요 | DJ89: 🔺모로조바타티야나빅토로브나 Морозова Татьяна Викторовна | DK89: 부녀
AJ94: CIS 해외개척지새신자
N98: 우크라이나리비우지역 (강사): 변인나 | AM98: 새신자 총괄팀장 : 배알리나
H101: 새신자 3-1팀 | T101: 새신자 3-2팀 | AG101: 새신자 6팀 | BD101: 새신자 7팀
H102: 새신자팀장: 칸타코바안나일리니치나 | T102: 팀장: 최타이시아 | AG102: 팀장: 배알리나 | BD102: 팀장: 배알리나
E105: 새 : CIS01 | F105: =COUNTA(F106:F120) -> 11 | H105: 새 : CIS02 | I105: =COUNTA(I106:I122) -> 7 | K105: 새 : CIS03 | L105: =COUNTA(L106:L120) -> 8 | T105: 새 : CIS04 | U105: =COUNTA(U106:U120) -> 6 | W105: 새 : CIS05 | X105: =COUNTA(X106:X118) -> 10 | Z105: 새 : CIS06 | AA105: =COUNTA(AA106:AA118) -> 9 | AF105: 새 : CIS18 | AG105: =COUNTA(AG106:AG116) -> 10 | AI105: 새 : CIS19 | AJ105: =COUNTA(AJ106:AJ116) -> 4 | AL105: 새 : CIS20 | AM105: =COUNTA(AM106:AM116) -> 3 | AR105: 새 : CIS21 | AS105: =COUNTA(AS106:AS118) -> 2 | AU105: 새 : CIS22 | AV105: =COUNTA(AV106:AV118) -> 7 | AX105: 새 : CIS23 | AY105: =COUNTA(AY106:AY118) -> 5 | BA105: 새 : CIS24 | BB105: =COUNTA(BB106:BB118) -> 5 | BD105: 새 : CIS25 | BE105: =COUNTA(BE106:BE118) -> 7 | BG105: 새 : CIS26 | BH105: =COUNTA(BH106:BH118) -> 3 | BJ105: 새 : CIS27 | BK105: =COUNTA(BK106:BK118) -> 6 | BM105: 새 : CIS28 | BN105: =COUNTA(BN106:BN118) -> 3 | BP105: 새 : CIS29 | BQ105: =COUNTA(BQ106:BQ118) -> 3 | BS105: 새 : CIS30 | BT105: =COUNTA(BT106:BT118) -> 3 | BV105: 새 : CIS31 | BW105: =COUNTA(BW106:BW118) -> 2
E106: 칸타코바안나일리니치나(부-)한국 | G106: 구역장 | H106: 바자노바나탈리야블라디미로브나 | I106: 부녀 | J106: 구역장 | K106: 플로트니코바인나블라디미로브나 | L106: 부녀 | M106: 구역장 | T106: 최타이시아 | W106: 질린스카야옐레나레오니도브나 | Z106: 라자렌쿠스베틀라나블라디미르(45) | AF106: 페트리쉬나타티아나 | AH106: 구역장장 | AI106: 오레나 | AK106: 구역장장 | AL106: 미시코바타마라이바노브나 | AN106: 구역장장 | AR106: 우사초브빅토르 | AT106: 구역장장 | AU106: 트로얀볼로드므르이바노브치 | AW106: 구역장 | AX106: 로마노바소피야 | AZ106: 구역장장 | BA106: 네샤딤알라아나톨리예브나 | BC106: 구역장 | BD106: 최타이시아 | BF106: 팀장장 | BG106: 김엘리자베따 | BI106: 구역장장 | BJ106: 아미르하냔루시네오비코브나 Амирханян Лусине Овиковна | BL106: 구역장장 | BM106: 페트로샨아스믹 | BO106: 구역장 | BP106: 칼라챤갈르나카미브나 | BR106: 구역장장 | BS106: 랴부쉬즈갈르나므콜라이브나 | BU106: 구역장장 | BV106: 에구폽빅토르 | BX106: 구역장장
E107: 쿨레쇼바사르다나세르게예브나 | F107: 부녀 | G107: 부구역장 | H107: 아타자노바예카테리나올례고브나 | I107: 부녀 | J107: 부구역장 | K107: 갈루츠야나발레리예브나 | L107: 부녀 | M107: 부구역장 | T107: 세멘댜예바이리나빅토로브나 | U107: 부녀 | V107: 부구역장 | W107: 라흐마툴리나류드밀라바실리예브나 | X107: 부녀 | Y107: 부구역장장 | Z107: 빌로킨라리사빅토로브나 | AA107: 부녀 | AF107: 오윤옥사나쿠쉬타라노브나(52) | AG107: 부녀 | AI107: 바텐코바올가빅토로브나(33) | AJ107: 부녀 | AL107: 플로트니코바나탈리야미하일로브나 | AM107: 부녀 | AR107: 레도브스키알렉산드르페트로비치 Ледовский Александр Петрович | AS107: 자문 | AU107: 프루드쿤블라디미르니콜라예비치 | AV107: 장년 | AX107: 프르코바올가알렉산드로브나 | AY107: 부녀 | BA107: 벡마토바마이람칸자파르사드코브나 | BB107: 자문 | BD107: 마라홉스카야라리사안드레예브나 | BE107: 부녀 | BG107: 하르첸코알라니콜라예브나 | BH107: 부녀 | BJ107: 아로얀루시네에미코브나 | BK107: 부녀 | BM107: 칼류즈나야올가빅토로브나 | BN107: 부녀 | BP107: 쉐르슌야나안드리이브나 | BQ107: 부녀 | BS107: 즐리나옐르자베타안드리이브나 | BT107: 청년 | BV107: 콜첸코베니아민예브게니예비치 | BW107: 학생
E108: 즈파디나이다미하일로브나 Ципадина Ида Михайловна | F108: 부녀 | H108: 미시코바타마라이바노브나 | I108: 부녀 | K108: 한사나먄수잔나카라페토브나 | L108: 부녀 | T108: 카타마드제라리사 | U108: 자문 | W108: 바투리나나데즈다유리예브나 | X108: 부녀 | Y108: 부구역장장 | Z108: 세미키나갈리나아나톨리예브나 | AA108: 부녀 | AF108: 코발축이리나이바노브나 | AG108: 부녀 | AI108: 만드리첸코마르가리타겐나디예브나(31/기혼) | AJ108: 부녀 | AL108: 나자로바올가아나톨리예브나 | AM108: 부녀 | AR108: 미나좁아미르이마무트디노비치 МИНАЗОВ АМИР ИМАМУТДИНОВИЧ | AS108: 장년 | AU108: 무샴바드제민디아노도비치 Мушамбадзе Миндиа | AV108: 장년 | AX108: 날리브키나갈리나니콜라예브나 | AY108: 부녀 | BA108: 므론츠코바리디야올렉시이브나 | BB108: 자문 | BD108: 오코녜쉬니코바나일랴샤밀리예브나 | BE108: 부녀 | BG108: 타발디예바로자코르고노브나 | BH108: 부녀 | BJ108: 바달랸예기네삼벨로브나 | BK108: 부녀 | BM108: 이그나찌예바아나스타시야비탈리예브나 | BN108: 청년 | BP108: 무사예바롤라알리쉐로브나 | BQ108: 청년 | BS108: 구조바빅토리야유리예브나 | BT108: 청년 | BV108: 유르콥사이드존싣디코비치 | BW108: 학생
E109: 포포바안나니콜라예브나 Попова Анна | F109: 부녀 | H109: 치르키나예브게니야아나톨리예브나 | I109: 부녀 | K109: 타나냔바르두이라파엘로브나 | L109: 부녀 | T109: 게라시모바발렌티나세르게예브나 | U109: 부녀 | W109: 김율리야스테파노브나 | X109: 자문 | Z109: 체르뱌코바라나비탈리예브나 | AA109: 부녀 | AF109: 로바노바올가아나톨리예브나(51) | AG109: 부녀 | AI109: 마무토바아이멜리카수흐라보브나(20) | AJ109: 청년 | AL109: 이사예바안나아르카디예브나 | AM109: 부녀 | AU109: 로조브시크이스타니슬랍아나톨리요브치 | AV109: 장년 | AX109: 발로바나탈리야알렉산드로브나 | AY109: 부녀 | BA109: 리순라리사미하일로브나 | BB109: 부녀 | BD109: 우사쵸바류드밀라보리소브나 | BE109: 부녀 | BG109: 오니셴코옐레나세르게예브나 | BH109: 부녀 | BJ109: 구바넨코이리나레오니도브나 | BK109: 부녀 | BM109: 셰르바콥마트페이야코블레비치 | BN109: 학생 | BP109: 고보루셴코다니엘라세르게예브나 | BQ109: 청년 | BS109: 베스코로바이나소피야뱌체슬라비브나 | BT109: 학생
E110: 스르가쉐바줄피야우스마노브나 Сыргашева Зульфия Усмановна | F110: 부녀 | H110: 미할추크엘레나빅토로브나 | I110: 부녀 | K110: 오즈마냔귤나즈샤리포브나 | L110: 부녀 | T110: 바비치류드믈라그르고리예브나 | U110: 부녀 | W110: 파블로바나데즈다세묘노브나 | X110: 부녀 | Z110: 보로디치스베틀라나니콜라예브나 | AA110: 부녀 | AF110: 소스노브스카야나탈리야블라디미로브나(49) | AG110: 부녀 | AH110: 부구역장 | AI110: 마무토바알수수흐라보브나 | AJ110: 학생 | AU110: 노보하즈키안드레이아나톨리예비치 | AV110: 장년 | AX110: 바트르자노바지야굴바카노브나 | AY110: 부녀 | BA110: 세레다이르나그르고리브나 | BB110: 부녀 | BD110: 예프레멘코이리나안필로게노브나 | BE110: 부녀 | BJ110: 샤마르디나안젤리카뱌체슬라보브나 | BK110: 부녀
E111: 일리나올가페트로브나 Ильина Ольга Петровна | F111: 부녀 | H111: 소지에바야나아흐사르베코브나 | I111: 부녀 | K111: 마모얀미디야샤리포브나 | L111: 부녀 | M111: 부구역장 | T111: 프롤르기나타티야나알렉산드로브나 | U111: 부녀 | W111: 펠료비나나데즈다아나톨리예브나 | X111: 부녀 | Z111: 부르나쉐바나탈리야빅토로브나 | AA111: 부녀 | AF111: 스미르노바올레나빅토리브나(48) | AG111: 부녀 | AU111: 코발렌코이반그르고로브치 155-3 | AV111: 자문 | AX111: 하사노바굴시나이우테게노브나 | AY111: 부녀 | BA111: 브라쥐코옥사나올렉산드리브나 | BB111: 부녀 | BD111: 첵마조바타티야나이바노브나 | BE111: 부녀 | BJ111: 부슬로브스카야올가겐나디예브나 | BK111: 부녀
E112: 크라이스만마리나 Крайсман Марина | F112: 부녀 | G112: 부구역장 | H112: 🔺파니나크리스티나아나톨리예브나 | I112: 부녀 | K112: 노보셀체바율리야알렉산드로브나 | L112: 부녀 | T112: 🔺그리고랸가야네마르티코브나 | U112: 부녀 | W112: 스클랴로바베라이바노브나 | X112: 부녀 | Z112: 바실라쉬빌리타티야나타리옐로브나 | AA112: 부녀 | AF112: 라기모바케뉼카즘(48) | AG112: 부녀 | AU112: 고몬올렉산드르드므트로브치 155-3 | AV112: 장년 | BD112: 알리예바알라알마하노브나 | BE112: 부녀 | BJ112: 이사하냔타구이마미코노브나 | BK112: 청년
E113: 크비린그나탈리야 Квиринг Наталья | F113: 부녀 | G113: 부구역장 | W113: 마카로바옐레나블라디미로브나 | X113: 부녀 | Z113: 마요로바류보비니콜라예브나 Майорова Любовь Николаевна | AA113: 부녀 | AF113: 아르치코바니나알렉산드로브나(46) | AG113: 부녀 | AU113: 베르겔레스안드리페도로브치 156-1 | AV113: 자문 | BD113: 조이베네라아파나시예브나 156기 | BE113: 부녀
E114: 코르네예바율리야이바노브나 Корнеева Юлия Ивановна | F114: 부녀 | W114: 아바이모바율리야블라디미로브나 | X114: 부녀 | Z114: 오브친니코바이리나예브게니예브나 Овчинникова Ирина Евгеньевна | AA114: 부녀 | AF114: 아즈벨나탈리야빅토로브나(42) | AG114: 부녀
E115: 로자노바마우로바나탈리아빅토로브나 РозановаМаурова Наталья Викторовна | F115: 부녀 | W115: 울라노바갈리나세르게예브나 | X115: 부녀 | Z115: 소콜로바라리사페트로브나 СОКОЛОВА ЛАРИСА ПЕТРОВНА | AA115: 부녀 | AF115: 바르세갼루시네레비코브나(41) | AG115: 부녀
E116: 셰베르댜예바발렌티나빅토로브나 Шевердяева Валентина Викторовна | F116: 부녀 | W116: 므시야노바타티야나니콜라예브나 | X116: 부녀 | AF116: 로마노바스베틀라나올레고브나(40) | AG116: 부녀 | AH116: 부구역장
E117: 폴리모노프나탈리야 야코블레브나 Фолимонова Наталья | F117: 부녀
T118: 러시아 | W118: 러시아&벨라루시 | AF118: 악토베지역
L120: 우크라이나 오데사지역 (강사): 박지민
H123: 새신자 4-1팀 | R123: 새신자 4-2팀 | X123: =SUM(O127,R127,U127,X127) -> 28 | AG123: 새신자 8팀 | AY123: 새신자 9팀
H124: 팀장: 강블라디미르파블로비치 | R124: 팀장:멜느크비타므콜라이브나 | AG124: 팀장: 배알리나 | AY124: 팀장: 배알리나
E127: 새 : CIS07 | F127: =COUNTA(F128:F140) -> 7 | H127: 새 : CIS08 | I127: =COUNTA(I128:I138) -> 6 | K127: 새 : CIS09 | L127: =COUNTA(L128:L140) -> 3 | N127: 새 : CIS10 | O127: =COUNTA(O128:O138) -> 3 | Q127: 새 : CIS11 | R127: =COUNTA(R128:R142) -> 11 | T127: 새 : CIS12 | U127: =COUNTA(U128:U138) -> 6 | W127: 새 : CIS13 | X127: =COUNTA(X128:X138) -> 8 | AF127: 새 : CIS32 | AG127: =COUNTA(AG128:AG140) -> 9 | AI127: 새 : CIS33 | AJ127: =COUNTA(AJ128:AJ140) -> 9 | AL127: 새 : CIS34 | AM127: =COUNTA(AM128:AM140) -> 8 | AU127: 새 : CIS35 | AV127: =COUNTA(AV128:AV140) -> 0 | AX127: 새 : CIS36 | AY127: =COUNTA(AY128:AY140) -> 0 | BA127: 새 : CIS37 | BB127: =COUNTA(BB128:BB140) -> 0 | BD127: 새 : CIS38 | BE127: =COUNTA(BE128:BE140) -> 0 | BG127: 새 : CIS39 | BH127: =COUNTA(BH128:BH140) -> 0 | DG127: Сыргашева Зульфия Усмановна
E128: 우사초브빅토르 | H128: 김세진 | K128: 트로얀볼로드므르이바노브치 | N128: 강블라디미르파블로비치 | Q128: 멜느크비타므콜라이브나 | R128: 부녀 | S128: 팀장장 | T128: 이바노바발렌트나세르기이브나 | W128: 칼라챤갈르나카미브나 | AF128: 셰르바코프드미트리발레리예비치 | AH128: 구역장 | AI128: 마의코마르가리따 | AK128: 구역장 | AL128: 코메코바아이트쿨오티즈바예브나 | AN128: 구역장 | AW128: 구역장 | AZ128: 구역장 | BC128: 구역장 | BF128: 구역장 | BI128: 구역장
E129: 구자놉발레리미하일로비치 | F129: 장년 | H129: 자누자코브시아즈벡칸가쇼비치 | I129: 장년 | J129: 부구역장 | K129: 바즐축안드리이바노브치 | L129: 장년 | N129: 치칼렌코세르기빅토로브치 | O129: 청년 | Q129: 므하일류크카테르나므콜라이브나 | R129: 부녀 | S129: 부구역장 | T129: 판첸코나탈리야이바니브나 | U129: 부녀 | V129: 부구역장 | W129: 우츠바토바알라므하일리브나 | X129: 부녀 | Y129: 부구역장 | AF129: 카자콥콘스탄틴알렉산드로비치 | AG129: 장년 | AI129: 카츠코브시카류드믈라올렉산드리브나 | AJ129: 부녀 | AL129: 투르수날리예바으르스부 | AM129: 부녀
E130: 일리인발레리니콜라예비치 | F130: 장년 | H130: 아이트무르자코바사울레다나베코브나 | I130: 부녀 | J130: 부구역장 | K130: 골로브코안드리아나톨리요브치 | L130: 장년 | N130: 구톱막심안드레예비치(30) | O130: 청년 | Q130: 🔺파치예카테리나 | R130: 부녀 | T130: 나우멘코타티야나바실리예브나 | U130: 부녀 | W130: 미로쉬느첸코알라볼로드므리브나 | X130: 부녀 | AF130: 주마쉡누르벡쿠바느치베코비치 | AG130: 장년 | AI130: 쿨리니치타티야나알렉산드로브나 | AJ130: 부녀 | AL130: 바벤코이리나블라디미로브나 | AM130: 부녀
E131: 즈판딘니콜라이겐나디예비치 | F131: 장년 | H131: 바가옙제니스한마칸베코비치(52) | I131: 장년 | K131: 주콥안드레이올레고비치 | L131: 장년 | N131: 야쿠빈스키이드미트리이고레비치(155기) | O131: 청년 | Q131: 클르쉬코마리나세르게예브나 | R131: 부녀 | T131: 니지예바류드믈라므콜라이브나 | U131: 부녀 | W131: 물랴르축잔나올렉산드리브나 | X131: 부녀 | AF131: 르발코알렉세이블라디미로비치 | AG131: 장년 | AI131: 푸즈냐스베틀라나바실리예브나 | AJ131: 부녀 | AL131: 사따로바알라보리소브나 | AM131: 부녀
E132: 삽비놉안드레이미하일로비치 | F132: 장년 | H132: 압둘라예프아흐마드레임보예비치 | I132: 장년 | Q132: 셰브첸코마리야볼로드므리브나 | R132: 부녀 | T132: 로식인나므하일리브나 | U132: 부녀 | W132: 그라마빅토리야올레기브나 | X132: 부녀 | AF132: 부슬로브스키로만블라디미로비치 | AG132: 장년 | AI132: 고몬타티야나알렉산드로브나 | AJ132: 부녀 | AL132: 다비도비치알비나 | AM132: 부녀
E133: 🔺미르카리몹티무르미르하사노비치 | F133: 장년 | H133: 보브로프이고르레오니도비치 | I133: 장년 | Q133: 도쿠니나빅토리야볼로디미리브나 | R133: 부녀 | T133: 볼로튝이르나세르기이브나 | U133: 부녀 | W133: 미로쉬느첸코마르가르타올렉산드리브나 | X133: 부녀 | AF133: 시들랴라비치알렉산드르 | AG133: 장년 | AI133: 레온칙나탈리야페트로브나 | AJ133: 부녀 | AL133: 주마타예바아지자틸레보브나 | AM133: 부녀
E134: 코발축이반바실리예비치 | F134: 자문 | H134: 🔺무하메도바굴노라후시야로브나(60) | I134: 부녀 | Q134: 크라스노바이류드믈라안드리이브나 | R134: 청년 | T134: 노보하즈카크세니야므콜라이브나 | U134: 부녀 | W134: 갈랴스나디야올레기브나 | X134: 부녀 | AF134: 이바놉블라디슬랍안드레예비치 | AG134: 장년 | AI134: 크라브체냐류드믈라볼로드므리브나 | AJ134: 부녀 | AL134: 라다예바옐레나알렉산드로브나 | AM134: 부녀
E135: 곤차렌코알렉산드르이바노비치(63) | F135: 장년 | Q135: 크라스노바이올렉산드라안드리이브나 | R135: 청년 | W135: 아타자노바자미라아타하니브나 | X135: 청년 | AF135: 벡케르안드레이야코블레비치 | AG135: 청년 | AI135: 크르탼시라누쉬 | AJ135: 부녀 | AL135: 아브드라흐마노바알트나이샤브카트베코브나 | AM135: 부녀
Q136: 본다르갈르나야로슬라비브나 | R136: 학생 | W136: 마르트뉵릴리야페트리브나 | X136: 청년 | AF136: 익나티옙예브게니미하일로비치 | AG136: 청년 | AI136: 토브트마리야페트리브나 | AJ136: 부녀 | AL136: 김옥사나레온티예브나 | AM136: 부녀
...

Sheet 41.10월 취합마스터파일
T1: 조직개편전 | V1: 새신자입교후 | W1: 5.27일 행정적용후 | AF1: ㅇ
S2: 국내성도 | T2: 71 | U2: =COUNTIF($F$15:$F$625,S2) -> 72 | V2: 71 | W2: =COUNTIF($F$15:$F$684,$S2) -> 72 | Y2: 73
S3: 러시아(모스크바) | T3: 76 | U3: =COUNTIF($F$15:$F$625,S3) -> 65 | V3: 76 | W3: =COUNTIF($F$15:$F$684,$S3) -> 70 | Y3: 70
S4: 카자흐스탄(알마티) | T4: 57 | U4: =COUNTIF($F$15:$F$625,S4) -> 59 | V4: 57 | W4: =COUNTIF($F$15:$F$684,$S4) -> 59 | Y4: 59
S5: 우크라이나(키이우) | T5: 49 | U5: =COUNTIF($F$15:$F$625,S5) -> 55 | V5: 49 | W5: =COUNTIF($F$15:$F$684,$S5) -> 55 | Y5: 55
S6: 러시아(크림공화국) | T6: 69 | U6: =COUNTIF($F$15:$F$625,S6) -> 49 | V6: 69 | W6: =COUNTIF($F$15:$F$684,$S6) -> 50 | Y6: 50
S7: 우즈베키스탄(타슈켄트) | W7: =COUNTIF($F$15:$F$684,$S7) -> 51 | Y7: 51
S8: 카자흐스탄(악토베) | W8: =COUNTIF($F$15:$F$684,$S8) -> 50 | Y8: 50
T10: =COUNTIF($F$15:$F$684,$S10) -> 0 | U10: =COUNTIF($F$15:$F$684,$S10) -> 0 | V10: =COUNTIF($F$15:$F$684,$S10) -> 0 | W10: =COUNTIF($F$15:$F$684,$S10) -> 0
S11: 해외개척 | T11: 195 | U11: =COUNTIF($F$15:$F$625,S11) -> 167 | V11: =T11+42 -> 237 | W11: =COUNTIF($F$15:$F$684,$S11) -> 211 | Y11: 211
T12: =SUM(T2:T11) -> 517 | U12: =SUM(U2:U11) -> 467 | V12: =SUM(V2:V11) -> 559 | W12: =SUM(W2:W11) -> 618
D13: 총인원 | E13: =SUBTOTAL(103,$F$15:F684) -> 618 | AF13: 불필요시 삭제하면 됩니다.
C14: 번호 | D14: 고유번호 | E14: 인원수 | F14: 지역 | G14: 팀 | H14: 담당팀장 | I14: 팀장 | J14: 구역장 | K14: 부구역장(1) | L14: 부구역장(2) | M14: 구역 | N14: 새신자 | O14: 직책 | P14: 겸직 | Q14: 부서 | R14: 이름(KR) | S14: 이름(RU) | T14: 성별 | U14: 생년월일 | V14: (만)나이 | W14: 전화번호 | X14: 직분 | Y14: 등록상태 | Z14: 국적 | AA14: 국가 | AB14: 도시명 | AC14: 출결 여부 | AD14: 사유/기간 | AE14: 센터기수 | AF14: 기타사항 | AG14: 변경전 지역
C15: 1 | D15: 00360527-00006 | E15: =SUBTOTAL(103,$Q$15:Q15) -> 1 | F15: 국내성도 | G15: 국내_장년 | H15: 김세진 | I15: 00360527-00006 | J15: 00360830-00345 | K15: 00390826-00075 | L15: x | M15: 1구역 | O15: 국내총괄팀장 | P15: 구역장 | Q15: 2장년 | R15: 김세진 | S15: Ким Сергей | T15: 남 | U15: 32431 | V15: =DATEDIF(U15,TODAY(),"Y") -> 37 | W15: 010.6640.3437 | X15: 집사 | Y15: 총회등록 | Z15: 우즈베키스탄/한국(국적취득) | AA15: 한국 | AB15: 서울특별시 | AG15: 국내성도
C16: 2 | D16: 00360830-00345 | E16: =SUBTOTAL(103,$Q$15:Q16) -> 2 | F16: 국내성도 | G16: 국내_장년 | H16: 김세진 | I16: 00360527-00006 | J16: 00360830-00345 | K16: 00390826-00075 | L16: x | M16: 1구역 | O16: 구역장 | Q16: 2장년 | R16: 허드미트리 | S16: Хе Дмитрий | T16: 남 | U16: 32370 | V16: =DATEDIF(U16,TODAY(),"Y") -> 37 | W16: 010-9575-8815 | X16: 집사 | Y16: 총회등록 | Z16: 우즈베키스탄 | AA16: 한국 | AB16: 서울특별시 | AG16: 국내성도
C17: 3 | D17: 00291129-00211 | E17: =SUBTOTAL(103,$Q$15:Q17) -> 3 | F17: 해외개척 | G17: 국내_장년 | H17: 김세진 | I17: 00360527-00006 | J17: 00360830-00345 | K17: 00390826-00075 | L17: x | M17: 1구역 | Q17: 2장년 | R17: 김에두아르드 | S17: Ким Эдуард | T17: 남 | U17: 29900 | V17: =DATEDIF(U17,TODAY(),"Y") -> 44 | W17: 010-2426-2496/(+1(506) 898-3709) | X17: 집사 | Y17: 총회등록 | Z17: 우크라이나 | AA17: 캐나다 | AB17: 프레더릭턴 | AG17: 해외개척
C18: 4 | D18: 00360830-00344 | E18: =SUBTOTAL(103,$Q$15:Q18) -> 4 | F18: 국내성도 | G18: 국내_장년 | H18: 김세진 | I18: 00360527-00006 | J18: 00360830-00345 | K18: 00390826-00075 | L18: x | M18: 1구역 | Q18: 2장년 | R18: 이드미트리 | S18: Ли Дмитрий | T18: 남 | U18: 32279 | V18: =DATEDIF(U18,TODAY(),"Y") -> 37 | W18: 010-2351-0933 | X18: 집사 | Y18: 총회등록 | Z18: 우즈베키스탄 | AA18: 한국 | AB18: 서울특별시 | AG18: 국내성도
C19: 5 | D19: 00320813-00008 | E19: =SUBTOTAL(103,$Q$15:Q19) -> 5 | F19: 국내성도 | G19: 국내_장년 | H19: 김세진 | I19: 00360527-00006 | J19: 00360830-00345 | K19: 00390826-00075 | L19: x | M19: 1구역 | Q19: 2장년 | R19: 박뱌체슬라브 | S19: Пак Вячеслав | T19: 남 | U19: 31456 | V19: =DATEDIF(U19,TODAY(),"Y") -> 39 | W19: 010-4374-0713 | X19: 집사 | Y19: 총회등록 | Z19: 우즈베키스탄 | AA19: 한국 | AB19: 서울특별시 | AG19: 국내성도
C20: 6 | D20: 00371218-00469 | E20: =SUBTOTAL(103,$Q$15:Q20) -> 6 | F20: 국내성도 | G20: 국내_장년 | H20: 김세진 | I20: 00360527-00006 | J20: 00360830-00345 | K20: 00390826-00075 | L20: x | M20: 1구역 | Q20: 2장년 | R20: 한세묜세묘노비치 | S20: Хан Семён | T20: 남 | U20: 33599 | V20: =DATEDIF(U20,TODAY(),"Y") -> 34 | W20: 010-8433-2802 | X20: 집사 | Y20: 총회등록 | Z20: 우즈베키스탄 | AA20: 한국 | AB20: 서울특별시 | AG20: 국내성도
C21: 7 | D21: 00360810-00494 | E21: =SUBTOTAL(103,$Q$15:Q21) -> 7 | F21: 국내성도 | G21: 국내_장년 | H21: 김세진 | I21: 00360527-00006 | J21: 00360830-00345 | K21: 00390826-00075 | L21: x | M21: 1구역 | Q21: 2장년 | R21: 오가이디미트리 | S21: Огай Дмитрий | T21: 남 | U21: 31780 | V21: =DATEDIF(U21,TODAY(),"Y") -> 39 | W21: 010-4333-4896 | X21: 집사 | Y21: 총회등록 | Z21: 우즈베키스탄 | AA21: 한국 | AB21: 전라남도 | AG21: 국내성도
C22: 8 | D22: 00371217-01048 | E22: =SUBTOTAL(103,$Q$15:Q22) -> 8 | F22: 국내성도 | G22: 국내_장년 | H22: 김세진 | I22: 00360527-00006 | J22: 00360830-00345 | K22: 00390826-00075 | L22: x | M22: 1구역 | O22: 새신자팀장 | P22: 구역장 | Q22: 2장년 | R22: 강블라디미르파블로비치 | S22: Кан Владимир | T22: 남 | U22: 33031 | V22: =DATEDIF(U22,TODAY(),"Y") -> 35 | W22: 010-5820-6557 | X22: 집사 | Y22: 총회등록 | Z22: 러시아 | AA22: 한국 | AB22: 서울특별시 | AG22: 국내성도
C23: 9 | D23: 00360830-00343 | E23: =SUBTOTAL(103,$Q$15:Q23) -> 9 | F23: 국내성도 | G23: 국내_장년 | H23: 김세진 | I23: 00360527-00006 | J23: 00360830-00345 | K23: 00390826-00075 | L23: x | M23: 1구역 | Q23: 2장년 | R23: 박드미트리 | S23: Пак Дмитрий | T23: 남 | U23: 30685 | V23: =DATEDIF(U23,TODAY(),"Y") -> 42 | W23: 010-2856-8404 | X23: 성도 | Y23: 교회등록 | Z23: 우즈베키스탄 | AA23: 한국 | AB23: 경기도 | AC23: 출결제외 | AD23: 신앙유약 | AG23: 국내성도
C24: 10 | D24: 00390826-00075 | E24: =SUBTOTAL(103,$Q$15:Q24) -> 10 | F24: 국내성도 | G24: 국내_청년 | H24: 김세진 | I24: 00360527-00006 | J24: 00390826-00075 | K24: x | L24: x | M24: 2구역 | O24: 구역장 | Q24: 4청년 | R24: 김세르게이발레리예비치 | S24: Ким Сергей Валерьевич | T24: 남 | U24: 32305 | V24: =DATEDIF(U24,TODAY(),"Y") -> 37 | W24: 010-8441-1728 | X24: 문도 | Y24: 총회등록 | Z24: 러시아 | AA24: 한국 | AB24: 경기도 | AE24: 147-1기 | AG24: 국내성도
C25: 11 | D25: 00311023-00027 | E25: =SUBTOTAL(103,$Q$15:Q25) -> 11 | F25: 국내성도 | G25: 국내_청년 | H25: 김세진 | I25: 00360527-00006 | J25: 00390826-00075 | K25: x | L25: x | M25: 2구역 | Q25: 4청년 | R25: 주유리 | S25: Дю Юрий | T25: 남 | U25: 32377 | V25: =DATEDIF(U25,TODAY(),"Y") -> 37 | W25: 010-3141-8193 | X25: 문도 | Y25: 총회등록 | Z25: 러시아 | AA25: 한국 | AB25: 서울특별시 | AG25: 국내성도
C26: 12 | D26: 00390826-00117 | E26: =SUBTOTAL(103,$Q$15:Q26) -> 12 | F26: 국내성도 | G26: 국내_청년 | H26: 자카르첸코마리야 | I26: 00310314-00231 | J26: 00390826-00075 | K26: x | L26: x | M26: 2구역 | Q26: 4청년 | R26: 손이고르아루투로비치 | S26: Сон Игорь Артурович | T26: 남 | U26: 36739 | V26: =DATEDIF(U26,TODAY(),"Y") -> 25 | W26: 010-97112243 | X26: 성도 | Y26: 총회등록 | Z26: 우즈베키스탄 | AA26: 한국 | AB26: 서울특별시 | AE26: 147-4기 | AG26: 국내성도
C27: 13 | D27: 00360830-00347 | E27: =SUBTOTAL(103,$Q$15:Q27) -> 13 | F27: 국내성도 | G27: 국내_청년 | H27: 자카르첸코마리야 | I27: 00310314-00231 | J27: 00390826-00075 | K27: x | L27: x | M27: 2구역 | Q27: 4청년 | R27: 강파벨 | S27: Кан Павел | T27: 남 | U27: 33538 | V27: =DATEDIF(U27,TODAY(),"Y") -> 34 | W27: 010-5552-2710 | X27: 성도 | Y27: 교회등록 | Z27: 카자흐스탄 | AA27: 한국 | AB27: 경상북도 | AC27: 출결제외 | AD27: 신앙유약 | AG27: 국내성도
C28: 14 | D28: 00400227-01416 | E28: =SUBTOTAL(103,$Q$15:Q28) -> 14 | F28: 국내성도 | G28: 국내_청년 | H28: 김세진 | I28: 00360527-00006 | J28: 00390826-00075 | K28: x | L28: x | M28: 2구역 | Q28: 4청년 | R28: 김예브게니알렉산드로비치 | S28: Ким Евгений Александрович | T28: 남 | U28: 33400 | V28: =DATEDIF(U28,TODAY(),"Y") -> 34 | W28: 7-747-455-6934 | X28: 성도 | Y28: 입교 | Z28: 카자흐스탄 | AA28: 카자흐스탄 | AB28: 알마티 | AC28: 출결제외 | AD28: 신앙유약 | AE28: 149-1기 | AG28: 국내성도
C29: 15 | D29: 00261225-00087 | E29: =SUBTOTAL(103,$Q$15:Q29) -> 15 | F29: 국내성도 | G29: 국내_부녀 | H29: 차소연 | I29: 00341026-00033 | J29: 00261225-00087 | K29: 00290520-00027 | L29: x | M29: 1구역 | O29: 구역장 | Q29: 3부녀 | R29: 최승미 | S29: Цой Виктория(ЦойСынгМи) | T29: 여 | U29: 31249 | V29: =DATEDIF(U29,TODAY(),"Y") -> 40 | W29: 010-8921-3985 | X29: 집사 | Y29: 총회등록 | Z29: 우즈베키스탄 | AA29: 한국 | AB29: 서울특별시 | AG29: 국내성도
C30: 16 | D30: 00290520-00027 | E30: =SUBTOTAL(103,$Q$15:Q30) -> 16 | F30: 국내성도 | G30: 국내_부녀 | H30: 차소연 | I30: 00341026-00033 | J30: 00261225-00087 | K30: 00290520-00027 | L30: x | M30: 1구역 | O30: 부구역장 | Q30: 3부녀 | R30: 정갈리나 | S30: Тен Галина | T30: 여 | U30: 29183 | V30: =DATEDIF(U30,TODAY(),"Y") -> 46 | W30: 010-5329-6884 | X30: 집사 | Y30: 총회등록 | Z30: 카자흐스탄 | AA30: 한국 | AB30: 서울특별시 | AG30: 국내성도
C31: 17 | D31: 00361031-00487 | E31: =SUBTOTAL(103,$Q$15:Q31) -> 17 | F31: 국내성도 | G31: 국내_부녀 | H31: 차소연 | I31: 00341026-00033 | J31: 00261225-00087 | K31: 00290520-00027 | L31: x | M31: 1구역 | Q31: 3부녀 | R31: 최릴리야 | S31: Цой Лилия | T31: 여 | U31: 33815 | V31: =DATEDIF(U31,TODAY(),"Y") -> 33 | W31: 010-7550-5848 | X31: 집사 | Y31: 총회등록 | Z31: 우즈베키스탄 | AA31: 한국 | AB31: 인천광역시 | AG31: 국내성도
C32: 18 | D32: 00311023-00028 | E32: =SUBTOTAL(103,$Q$15:Q32) -> 18 | F32: 국내성도 | G32: 국내_부녀 | H32: 차소연 | I32: 00341026-00033 | J32: 00261225-00087 | K32: 00290520-00027 | L32: x | M32: 1구역 | Q32: 3부녀 | R32: 박옐레나 | S32: Пак Елена | T32: 여 | U32: 32547 | V32: =DATEDIF(U32,TODAY(),"Y") -> 36 | W32: 010-5615-2266 | X32: 집사 | Y32: 총회등록 | Z32: 우즈베키스탄 | AA32: 한국 | AB32: 경기도 | AG32: 국내성도
C33: 19 | D33: 00280508-00022 | E33: =SUBTOTAL(103,$Q$15:Q33) -> 19 | F33: 국내성도 | G33: 국내_부녀 | H33: 차소연 | I33: 00341026-00033 | J33: 00261225-00087 | K33: 00290520-00027 | L33: x | M33: 1구역 | Q33: 3부녀 | R33: 엘리나바투크흐티나 | S33: Батухтина Элина | T33: 여 | U33: 31504 | V33: =DATEDIF(U33,TODAY(),"Y") -> 39 | W33: 010-4593-5238 | X33: 문도 | Y33: 총회등록 | Z33: 우크라이나 | AA33: 한국 | AB33: 서울특별시 | AC33: 출결제외 | AD33: 신앙유약 | AG33: 국내성도
C34: 20 | D34: 00360830-00346 | E34: =SUBTOTAL(103,$Q$15:Q34) -> 20 | F34: 국내성도 | G34: 국내_부녀 | H34: 차소연 | I34: 00341026-00033 | J34: 00360830-00346 | K34: 00350330-00153 | L34: x | M34: 2구역 | O34: 구역장 | Q34: 3부녀 | R34: 김예카테리나 | S34: Ким Екатерина | T34: 여 | U34: 33312 | V34: =DATEDIF(U34,TODAY(),"Y") -> 34 | W34: 010-5877-6557 | X34: 집사 | Y34: 총회등록 | Z34: 우즈베키스탄 | AA34: 한국 | AB34: 서울특별시 | AG34: 국내성도
C35: 21 | D35: 00350330-00153 | E35: =SUBTOTAL(103,$Q$15:Q35) -> 21 | F35: 국내성도 | G35: 국내_부녀 | H35: 차소연 | I35: 00341026-00033 | J35: 00360830-00346 | K35: 00350330-00153 | L35: x | M35: 2구역 | O35: 부구역장 | Q35: 3부녀 | R35: 문발레리야 | S35: Мун Валерия | T35: 여 | U35: 32771 | V35: =DATEDIF(U35,TODAY(),"Y") -> 36 | W35: 010-7296-2009 | X35: 집사 | Y35: 총회등록 | Z35: 카자흐스탄 | AA35: 한국 | AB35: 서울특별시 | AG35: 국내성도
C36: 22 | D36: 00371217-01047 | E36: =SUBTOTAL(103,$Q$15:Q36) -> 22 | F36: 국내성도 | G36: 국내_부녀 | H36: 차소연 | I36: 00341026-00033 | J36: 00360830-00346 | K36: 00350330-00153 | L36: x | M36: 2구역 | O36: 새신자팀장 | P36: 구역장 | Q36: 3부녀 | R36: 칸타코바안나일리니치나 | S36: Кантакова Анна | T36: 여 | U36: 31722 | V36: =DATEDIF(U36,TODAY(),"Y") -> 39 | W36: 010-2887-6167 | X36: 집사 | Y36: 총회등록 | Z36: 러시아 | AA36: 한국 | AB36: 서울특별시 | AG36: 국내성도
C37: 23 | D37: 00340624-00330 | E37: =SUBTOTAL(103,$Q$15:Q37) -> 23 | F37: 국내성도 | G37: 국내_부녀 | H37: 차소연 | I37: 00341026-00033 | J37: 00360830-00346 | K37: 00350330-00153 | L37: x | M37: 2구역 | Q37: 3부녀 | R37: 최유나 | S37: Цой Ольга | T37: 여 | U37: 31062 | V37: =DATEDIF(U37,TODAY(),"Y") -> 41 | W37: 010-2570-6278 | X37: 집사 | Y37: 총회등록 | Z37: 한국 | AA37: 한국 | AB37: 서울특별시 | AG37: 국내성도
C38: 24 | D38: 00270903-00002 | E38: =SUBTOTAL(103,$Q$15:Q38) -> 24 | F38: 국내성도 | G38: 국내_부녀 | H38: 차소연 | I38: 00341026-00033 | J38: 00360830-00346 | K38: 00350330-00153 | L38: x | M38: 2구역 | Q38: 3부녀 | R38: 정류드밀라 | S38: Тен Людмила | T38: 여 | U38: 30208 | V38: =DATEDIF(U38,TODAY(),"Y") -> 43 | W38: 010-7624-7907 | X38: 집사 | Y38: 총회등록 | Z38: 카자흐스탄 | AA38: 한국 | AB38: 서울특별시 | AG38: 국내성도
C39: 25 | D39: 00310314-00227 | E39: =SUBTOTAL(103,$Q$15:Q39) -> 25 | F39: 국내성도 | G39: 국내_부녀 | H39: 차소연 | I39: 00341026-00033 | J39: 00360830-00346 | K39: 00350330-00153 | L39: x | M39: 2구역 | Q39: 3부녀 | R39: 한옐레나 | S39: Хан Елена | T39: 여 | U39: 31075 | V39: =DATEDIF(U39,TODAY(),"Y") -> 41 | W39: 010-8285-1011 | X39: 집사 | Y39: 총회등록 | Z39: 러시아 | AA39: 한국 | AB39: 서울특별시 | AC39: 출결제외 | AD39: 신앙유약 | AG39: 국내성도
C40: 26 | D40: 00320813-00009 | E40: =SUBTOTAL(103,$Q$15:Q40) -> 26 | F40: 국내성도 | G40: 국내_부녀 | H40: 차소연 | I40: 00341026-00033 | J40: 00360830-00346 | K40: 00350330-00153 | L40: x | M40: 2구역 | Q40: 3부녀 | R40: 이다리야B | S40: Ли Дарья | T40: 여 | U40: 31736 | V40: =DATEDIF(U40,TODAY(),"Y") -> 39 | W40: 010-4045-1523 | X40: 문도 | Y40: 총회등록 | Z40: 우즈베키스탄 | AA40: 한국 | AB40: 서울특별시 | AC40: 출결제외 | AD40: 신앙유약 | AG40: 국내성도
C41: 27 | D41: 00341026-00033 | E41: =SUBTOTAL(103,$Q$15:Q41) -> 27 | F41: 국내성도 | G41: 국내_부녀 | H41: 차소연 | I41: 00341026-00033 | J41: 00341026-00033 | K41: 00270104-00035 | L41: 00371218-00466 | M41: 3구역 | O41: 팀장 | P41: 구역장 | Q41: 3부녀 | R41: 차소연 | S41: Ча Лариса | T41: 여 | U41: 30625 | V41: =DATEDIF(U41,TODAY(),"Y") -> 42 | W41: 010-2882-8927 | X41: 집사 | Y41: 총회등록 | Z41: 한국 | AA41: 한국 | AB41: 전라남도 | AG41: 국내성도
C42: 28 | D42: 00270104-00035 | E42: =SUBTOTAL(103,$Q$15:Q42) -> 28 | F42: 국내성도 | G42: 국내_부녀 | H42: 차소연 | I42: 00341026-00033 | J42: 00341026-00033 | K42: 00270104-00035 | L42: 00371218-00466 | M42: 3구역 | O42: 부구역장 | Q42: 3부녀 | R42: 굴나라사드코바 | S42: Садыкова Гульнара | T42: 여 | U42: 30935 | V42: =DATEDIF(U42,TODAY(),"Y") -> 41 | W42: 010-6406-8815 | X42: 집사 | Y42: 총회등록 | Z42: 키르기스스탄 | AA42: 한국 | AB42: 서울특별시 | AG42: 국내성도
C43: 29 | D43: 00371218-00466 | E43: =SUBTOTAL(103,$Q$15:Q43) -> 29 | F43: 국내성도 | G43: 국내_부녀 | H43: 차소연 | I43: 00341026-00033 | J43: 00341026-00033 | K43: 00270104-00035 | L43: 00371218-00466 | M43: 3구역 | O43: 부구역장 | Q43: 3부녀 | R43: 이이리나라디오노브나 | S43: Ли Ирина | T43: 여 | U43: 33662 | V43: =DATEDIF(U43,TODAY(),"Y") -> 33 | W43: 010-2394-2802 | X43: 집사 | Y43: 총회등록 | Z43: 우즈베키스탄 | AA43: 한국 | AB43: 서울특별시 | AG43: 국내성도
C44: 30 | D44: 00371218-00453 | E44: =SUBTOTAL(103,$Q$15:Q44) -> 30 | F44: 국내성도 | G44: 국내_부녀 | H44: 차소연 | I44: 00341026-00033 | J44: 00341026-00033 | K44: 00270104-00035 | L44: 00371218-00466 | M44: 3구역 | Q44: 1자문 | R44: 김류드밀라 | S44: Ким Людмила | T44: 여 | U44: 18173 | V44: =DATEDIF(U44,TODAY(),"Y") -> 76 | W44: 010-9692-4972 | X44: 성도 | Y44: 총회등록 | Z44: 우즈베키스탄 | AA44: 한국 | AB44: 경기도 | AG44: 국내성도
C45: 31 | D45: 00350330-00148 | E45: =SUBTOTAL(103,$Q$15:Q45) -> 31 | F45: 국내성도 | G45: 국내_부녀 | H45: 차소연 | I45: 00341026-00033 | J45: 00341026-00033 | K45: 00270104-00035 | L45: 00371218-00466 | M45: 3구역 | Q45: 3부녀 | R45: 주숙자 | S45: Дю Светлана | T45: 여 | U45: 21465 | V45: =DATEDIF(U45,TODAY(),"Y") -> 67 | W45: 010-5567-8193 | X45: 집사 | Y45: 총회등록 | Z45: 러시아 | AA45: 한국 | AB45: 서울특별시 | AG45: 국내성도
C46: 32 | D46: 00390826-00066 | E46: =SUBTOTAL(103,$Q$15:Q46) -> 32 | F46: 국내성도 | G46: 국내_부녀 | H46: 차소연 | I46: 00341026-00033 | J46: 00341026-00033 | K46: 00270104-00035 | L46: 00371218-00466 | M46: 3구역 | Q46: 3부녀 | R46: 박이리나빅토로브나 | S46: Пак Ирина Викторовна | T46: 여 | U46: 24988 | V46: =DATEDIF(U46,TODAY(),"Y") -> 57 | W46: 010-5201-5526 | X46: 성도 | Y46: 입교 | Z46: 키르기스스탄 | AA46: 한국 | AB46: 충청북도 | AE46: 147-1기 | AG46: 국내성도
C47: 33 | D47: 00390826-00069 | E47: =SUBTOTAL(103,$Q$15:Q47) -> 33 | F47: 국내성도 | G47: 국내_부녀 | H47: 차소연 | I47: 00341026-00033 | J47: 00341026-00033 | K47: 00270104-00035 | L47: 00371218-00466 | M47: 3구역 | Q47: 3부녀 | R47: 이소피야 | S47: Ли София (LISOFIIA) | T47: 여 | U47: 25896 | V47: =DATEDIF(U47,TODAY(),"Y") -> 55 | W47: 010-8205-9722 | X47: 성도 | Y47: 총회등록 | Z47: 키르기스스탄 | AA47: 한국 | AB47: 인천광역시 | AE47: 147-1기 | AG47: 국내성도
C48: 34 | D48: 00400819-00001 | E48: =SUBTOTAL(103,$Q$15:Q48) -> 34 | F48: 국내성도 | G48: 국내_부녀 | H48: 차소연 | I48: 00341026-00033 | J48: 00341026-00033 | K48: 00270104-00035 | L48: 00371218-00466 | M48: 3구역 | Q48: 3부녀 | R48: 두드키나스베틀라나미하일로브나 | S48: ДУДКИНА СВЕТЛАНА МИХАЙЛОВНА | T48: 여 | U48: 22442 | V48: =DATEDIF(U48,TODAY(),"Y") -> 64 | W48: 010-2213-7839 | X48: 성도 | Y48: 입교 | Z48: 러시아 | AA48: 한국 | AB48: 경기도 | AE48: 151-1기 | AG48: 국내성도
C49: 35 | D49: 00410325-00429 | E49: =SUBTOTAL(103,$Q$15:Q49) -> 35 | F49: 우즈베키스탄(타슈켄트) | G49: 국내_부녀 | H49: 차소연 | I49: 00341026-00033 | J49: 00341026-00033 | K49: 00270104-00035 | L49: 00371218-00466 | M49: 3구역 | N49: 새신자 | Q49: 1자문 | R49: 박인가니콜라예브나 | S49: Пак Инга Николаевна | T49: 여 | U49: 19444 | V49: =DATEDIF(U49,TODAY(),"Y") -> 72 | W49: 010-9589-6878 | X49: 성도 | Y49: 입교 | Z49: 우즈베키스탄 | AA49: 한국 | AB49: 광주 | AE49: 153-5기 | AG49: 국내성도
C50: 36 | D50: 00410325-00430 | E50: =SUBTOTAL(103,$Q$15:Q50) -> 36 | F50: 국내성도 | G50: 국내_부녀 | H50: 차소연 | I50: 00341026-00033 | J50: 00341026-00033 | K50: 00270104-00035 | L50: 00371218-00466 | M50: 3구역 | N50: 새신자 | Q50: 3부녀 | R50: 출리나율리야그리고리예브나 | S50: Чулина Юлия Григорьевна | T50: 여 | U50: 35278 | V50: =DATEDIF(U50,TODAY(),"Y") -> 29 | W50: 010-8441-1321 | X50: 성도 | Y50: 입교 | Z50: 러시아 | AA50: 한국 | AB50: 군산 | AE50: 153-5기 | AG50: 국내성도
C51: 37 | D51: 00400227-01414 | E51: =SUBTOTAL(103,$Q$15:Q51) -> 37 | F51: 국내성도 | G51: 국내_부녀 | H51: 차소연 | I51: 00341026-00033 | J51: 00341026-00033 | K51: 00270104-00035 | L51: 00371218-00466 | M51: 3구역 | Q51: 4청년 | R51: 리알렉시나블라딜레노브나 | S51: Ли Алексина Владиленовна | T51: 여 | U51: 33012 | V51: =DATEDIF(U51,TODAY(),"Y") -> 35 | W51: 010-4244-3010 | X51: 성도 | Y51: 교회등록 | Z51: 카자흐스탄 | AA51: 한국 | AE51: 149-1기 | AG51: 국내성도
C52: 38 | D52: 00400227-01392 | E52: =SUBTOTAL(103,$Q$15:Q52) -> 38 | F52: 국내성도 | G52: 국내_부녀 | H52: 차소연 | I52: 00341026-00033 | J52: 00341026-00033 | K52: 00270104-00035 | L52: 00371218-00466 | M52: 3구역 | Q52: 3부녀 | R52: 리스베틀라나아나톨리예브나 | S52: Ли Светлана Анатольевна | T52: 여 | U52: 23079 | V52: =DATEDIF(U52,TODAY(),"Y") -> 62 | W52: 010-2117-9127 | X52: 성도 | Y52: 입교 | Z52: 카자흐스탄 | AA52: 한국 | AB52: 경기도 | AD52: 신앙유약(24-01-16) | AE52: 149-1기 | AG52: 국내성도
C53: 39 | D53: 00400530-00093 | E53: =SUBTOTAL(103,$Q$15:Q53) -> 39 | F53: 국내성도 | G53: 국내_부녀 | H53: 차소연 | I53: 00341026-00033 | J53: 00341026-00033 | K53: 00270104-00035 | L53: 00371218-00466 | M53: 3구역 | Q53: 1자문 | R53: 이림마니콜라예브나 | S53: Ли Римма Николаевна | T53: 여 | U53: 19818 | V53: =DATEDIF(U53,TODAY(),"Y") -> 71 | W53: 998-90-290-3254 | X53: 성도 | Y53: 입교 | Z53: 우즈베키스탄 | AA53: 한국 | AB53: 경기도 | AC53: 출결제외 | AD53: 신앙유약 (23.08.10) | AE53: 150-4기 | AG53: 국내성도
B54: 취합X | D54: 00390623-00107 | E54: =SUBTOTAL(103,$Q$15:Q54) -> 39 | G54: 국내_부녀 | H54: 차소연 | I54: 00341026-00033 | J54: 00341026-00033 | M54: 3구역 | P54: 베드로지파 | R54: 김이솔다 | S54: Ким Изольда | T54: 여 | AA54: 한국
C55: 40 | D55: 00180613-00005 | E55: =SUBTOTAL(103,$Q$15:Q55) -> 40 | F55: 우크라이나(키이우) | G55: 국내_부녀 | H55: 차소연 | I55: 00341026-00033 | J55: 00180613-00005 | K55: 00261114-00053 | L55: x | M55: 4구역 | O55: 임원 | P55: 구역장 | Q55: 0교역 | R55: 이진모 | S55: Ли Джин Мо | T55: 남 | U55: 28737 | V55: =DATEDIF(U55,TODAY(),"Y") -> 47 | W55: 010-7562-1362 | X55: 교역 | Y55: 총회등록 | Z55: 한국 | AA55: 한국 | AG55: 우크라이나(키이우)
C56: 41 | D56: 00261114-00053 | E56: =SUBTOTAL(103,$Q$15:Q56) -> 40 | H56: 차소연 | I56: 00341026-00033 | J56: 00180613-00005 | K56: 00261114-00053 | L56: x | M56: 4구역 | O56: 총무 | P56: 부구역장 | R56: 박지민 | T56: 남 | U56: 31732 | V56: =DATEDIF(U56,TODAY(),"Y") -> 39 | W56: 010-2058-7374 | X56: 교역 | Y56: 총회등록 | AA56: 한국 | AB56: 경기도
C57: 42 | D57: 00311023-00025 | E57: =SUBTOTAL(103,$Q$15:Q57) -> 41 | F57: 국내성도 | G57: 국내_부녀 | H57: 차소연 | I57: 00341026-00033 | J57: 00180613-00005 | K57: 00261114-00053 | L57: x | M57: 4구역 | O57: 구역장 | Q57: 1자문 | R57: 최트로핌 | S57: Цой Трофим | T57: 남 | U57: 19202 | V57: =DATEDIF(U57,TODAY(),"Y") -> 73 | W57: 010-8318-5207 | X57: 집사 | Y57: 총회등록 | Z57: 우즈베키스탄 | AA57: 한국 | AB57: 경기도 | AG57: 국내성도
C58: 43 | D58: 00311023-00026 | E58: =SUBTOTAL(103,$Q$15:Q58) -> 42 | F58: 국내성도 | G58: 국내_부녀 | H58: 차소연 | I58: 00341026-00033 | J58: 00180613-00005 | K58: 00261114-00053 | L58: x | M58: 4구역 | O58: 부구역장 | Q58: 1자문 | R58: 최라리사 | S58: Цой Лариса | T58: 여 | U58: 19466 | V58: =DATEDIF(U58,TODAY(),"Y") -> 72 | W58: 010-8217-5304 | X58: 집사 | Y58: 총회등록 | Z58: 우즈베키스탄 | AA58: 한국 | AB58: 경기도 | AG58: 국내성도
C59: 44 | D59: 00400530-00092 | E59: =SUBTOTAL(103,$Q$15:Q59) -> 43 | F59: 국내성도 | G59: 국내_부녀 | H59: 차소연 | I59: 00341026-00033 | J59: 00180613-00005 | K59: 00261114-00053 | L59: x | M59: 4구역 | Q59: 1자문 | R59: 박모이세이 | S59: Пак Моисей | T59: 남 | U59: 19784 | V59: =DATEDIF(U59,TODAY(),"Y") -> 71 | W59: 010-4074-3821 | X59: 성도 | Y59: 교회등록 | Z59: 우즈베키스탄 | AA59: 한국 | AB59: 경기도 | AE59: 150-4기 | AG59: 국내성도
C60: 45 | D60: 00360830-00342 | E60: =SUBTOTAL(103,$Q$15:Q60) -> 44 | F60: 국내성도 | G60: 국내_부녀 | H60: 차소연 | I60: 00341026-00033 | J60: 00180613-00005 | K60: 00261114-00053 | L60: x | M60: 4구역 | Q60: 3부녀 | R60: 쿠즈올가 | S60: Кузь Ольга | T60: 여 | U60: 22276 | V60: =DATEDIF(U60,TODAY(),"Y") -> 65 | W60: 010-2186-2669 | X60: 성도 | Y60: 총회등록 | Z60: 우크라이나 | AA60: 한국 | AB60: 서울특별시 | AG60: 국내성도
C61: 46 | D61: 00360423-00596 | E61: =SUBTOTAL(103,$Q$15:Q61) -> 45 | F61: 해외개척 | G61: 국내_부녀 | H61: 차소연 | I61: 00341026-00033 | J61: 00180613-00005 | K61: 00261114-00053 | L61: x | M61: 4구역 | Q61: 3부녀 | R61: 강예카테리나 | S61: Кан Екатеринa | T61: 여 | U61: 33959 | V61: =DATEDIF(U61,TODAY(),"Y") -> 33 | W61: 77479550557/010-8088-0311(한국번호) | X61: 성도 | Y61: 입교 | Z61: 카자흐스탄 | AA61: 카자흐스탄 | AB61: 알마티 | AC61: 출결제외 | AD61: 신앙유약 | AG61: 해외개척
C62: 47 | D62: 00281228-00434 | E62: =SUBTOTAL(103,$Q$15:Q62) -> 46 | F62: 국내성도 | G62: 국내_부녀 | H62: 차소연 | I62: 00341026-00033 | J62: 00281228-00434 | K62: 00230828-00053 | L62: x | M62: 5구역 | O62: 구역장 | Q62: 3부녀 | R62: 홍수정 | S62: Хонг Су Жонг | T62: 여 | U62: 29276 | V62: =DATEDIF(U62,TODAY(),"Y") -> 45 | W62: 010-6406-0466 | X62: 집사 | Y62: 총회등록 | Z62: 한국 | AA62: 한국 | AB62: 경기도 | AG62: 국내성도
C63: 48 | D63: 00230828-00053 | E63: =SUBTOTAL(103,$Q$15:Q63) -> 47 | F63: 국내성도 | G63: 국내_부녀 | H63: 차소연 | I63: 00341026-00033 | J63: 00281228-00434 | K63: 00230828-00053 | L63: x | M63: 5구역 | O63: 부구역장 | Q63: 3부녀 | R63: 박소정 | S63: Пак Со Джон | T63: 여 | U63: 30920 | V63: =DATEDIF(U63,TODAY(),"Y") -> 41 | W63: 010-4316-0828 | X63: 집사 | Y63: 총회등록 | Z63: 한국 | AA63: 한국 | AB63: 경기도 | AG63: 국내성도
C64: 49 | D64: 00281224-00735 | E64: =SUBTOTAL(103,$Q$15:Q64) -> 48 | F64: 국내성도 | G64: 국내_부녀 | H64: 차소연 | I64: 00341026-00033 | J64: 00281228-00434 | K64: 00230828-00053 | L64: x | M64: 5구역 | Q64: 3부녀 | R64: 김민정 | S64: Ким мин джонг | T64: 여 | U64: 31780 | V64: =DATEDIF(U64,TODAY(),"Y") -> 39 | W64: 010-7518-8713 | X64: 집사 | Y64: 총회등록 | Z64: 한국 | AA64: 한국 | AB64: 경기도 | AG64: 국내성도
C65: 50 | D65: 00271115-00181 | E65: =SUBTOTAL(103,$Q$15:Q65) -> 49 | F65: 국내성도 | G65: 국내_부녀 | H65: 차소연 | I65: 00341026-00033 | J65: 00281228-00434 | K65: 00230828-00053 | L65: x | M65: 5구역 | O65: 통번역팀장 | Q65: 3부녀 | R65: 김옥사나 | S65: Ким Оксана | T65: 여 | U65: 31700 | V65: =DATEDIF(U65,TODAY(),"Y") -> 39 | W65: 010-5635-1510 | X65: 집사 | Y65: 총회등록 | Z65: 우즈베키스탄 | AA65: 한국 | AB65: 서울특별시 | AG65: 국내성도
C66: 51 | D66: 00280103-00165 | E66: =SUBTOTAL(103,$Q$15:Q66) -> 50 | F66: 국내성도 | G66: 국내_부녀 | H66: 차소연 | I66: 00341026-00033 | J66: 00281228-00434 | K66: 00230828-00053 | L66: x | M66: 5구역 | O66: 교육행정서기 | Q66: 3부녀 | R66: 이지영 | T66: 여 | U66: 30683 | V66: =DATEDIF(U66,TODAY(),"Y") -> 42 | W66: 010-6701-0334 | X66: 집사 | Y66: 총회등록 | Z66: 한국 | AA66: 한국 | AB66: 경기도 | AG66: 국내성도
C67: 52 | D67: 00231212-00123 | E67: =SUBTOTAL(103,$Q$15:Q67) -> 51 | F67: 국내성도 | G67: 국내_부녀 | H67: 차소연 | I67: 00341026-00033 | J67: 00281228-00434 | K67: 00230828-00053 | L67: x | M67: 5구역 | O67: 부서기 | Q67: 3부녀 | R67: 임영선 | T67: 여 | U67: 29107 | V67: =DATEDIF(U67,TODAY(),"Y") -> 46 | W67: 010-7157-2339 | X67: 집사 | Y67: 총회등록 | Z67: 한국 | AA67: 한국 | AB67: 서울특별시 | AG67: 국내성도
C68: 53 | D68: 00371201-00514 | E68: =SUBTOTAL(103,$Q$15:Q68) -> 52 | F68: 국내성도 | G68: 국내_부녀 | H68: 차소연 | I68: 00341026-00033 | J68: 00281228-00434 | K68: 00230828-00053 | L68: x | M68: 5구역 | O68: 부서기 | Q68: 3부녀 | R68: 안소연 | T68: 여 | U68: 29445 | V68: =DATEDIF(U68,TODAY(),"Y") -> 45 | W68: 010-3066-7285 | X68: 집사 | Y68: 총회등록 | Z68: 한국 | AA68: 한국 | AB68: 서울특별시 | AG68: 국내성도
C69: 54 | D69: 00300725-00027 | E69: =SUBTOTAL(103,$Q$15:Q69) -> 53 | F69: 국내성도 | G69: 국내_부녀 | H69: 차소연 | I69: 00341026-00033 | J69: 00281228-00434 | K69: 00230828-00053 | L69: x | M69: 5구역 | Q69: 3부녀 | R69: 김스베틀라나 | S69: Ким Светлана | T69: 여 | U69: 31496 | V69: =DATEDIF(U69,TODAY(),"Y") -> 39 | X69: 집사 | Y69: 총회등록 | Z69: 우크라이나 | AA69: 캐나다 | AB69: 프레더릭턴 | AC69: 출결제외 | AD69: 신앙유약(24-03-08) | AG69: 국내성도
C70: 55 | D70: 00180506-00010 | E70: =SUBTOTAL(103,$Q$15:Q70) -> 54 | F70: 국내성도 | G70: 국내_부녀 | H70: 차소연 | I70: 00341026-00033 | J70: 00180506-00010 | K70: 00280830-00123 | L70: x | M70: 6구역 | O70: 구역장 | P70: 국제부교육부장 | Q70: 3부녀 | R70: 김현진 | T70: 여 | U70: 27958 | V70: =DATEDIF(U70,TODAY(),"Y") -> 49 | W70: 010-2374-8001 | X70: 집사 | Y70: 총회등록 | Z70: 한국 | AA70: 한국 | AB70: 경기도 | AG70: 국내성도
C71: 56 | D71: 00280830-00123 | E71: =SUBTOTAL(103,$Q$15:Q71) -> 55 | F71: 국내성도 | G71: 국내_부녀 | H71: 차소연 | I71: 00341026-00033 | J71: 00180506-00010 | K71: 00280830-00123 | L71: x | M71: 6구역 | O71: 부구역장 | P71: 국제부청년서기 | Q71: 3부녀 | R71: 이수현 | T71: 여 | U71: 30623 | V71: =DATEDIF(U71,TODAY(),"Y") -> 42 | W71: 010-7183-3854 | X71: 집사 | Y71: 총회등록 | Z71: 한국 | AA71: 한국 | AB71: 서울특별시 | AG71: 국내성도
C72: 57 | D72: 00231128-00010 | E72: =SUBTOTAL(103,$Q$15:Q72) -> 56 | F72: 국내성도 | G72: 국내_부녀 | H72: 차소연 | I72: 00341026-00033 | J72: 00180506-00010 | K72: 00280830-00123 | L72: x | M72: 6구역 | Q72: 1자문 | R72: 김완희 | T72: 여 | U72: 19533 | V72: =DATEDIF(U72,TODAY(),"Y") -> 72 | W72: 010-9080-1384 | X72: 집사 | Y72: 총회등록 | Z72: 한국 | AA72: 한국 | AB72: 경기도 | AG72: 국내성도
C73: 58 | D73: 00231009-00031 | E73: =SUBTOTAL(103,$Q$15:Q73) -> 57 | F73: 국내성도 | G73: 국내_부녀 | H73: 차소연 | I73: 00341026-00033 | J73: 00180506-00010 | K73: 00280830-00123 | L73: x | M73: 6구역 | Q73: 3부녀 | R73: 김희영 | T73: 여 | U73: 26302 | V73: =DATEDIF(U73,TODAY(),"Y") -> 54 | W73: 010-8960-7214 | X73: 집사 | Y73: 총회등록 | Z73: 한국 | AA73: 한국 | AB73: 경기도 | AG73: 국내성도
C74: 59 | D74: 00270624-00034 | E74: =SUBTOTAL(103,$Q$15:Q74) -> 58 | F74: 국내성도 | G74: 국내_부녀 | H74: 차소연 | I74: 00341026-00033 | J74: 00180506-00010 | K74: 00280830-00123 | L74: x | M74: 6구역 | Q74: 3부녀 | R74: 유지헌 | T74: 여 | U74: 29493 | V74: =DATEDIF(U74,TODAY(),"Y") -> 45 | W74: 010-9876-7374 | X74: 집사 | Y74: 총회등록 | Z74: 한국 | AA74: 한국 | AB74: 경기도 | AG74: 국내성도
C75: 60 | D75: 00240610-00045 | E75: =SUBTOTAL(103,$Q$15:Q75) -> 59 | F75: 국내성도 | G75: 국내_부녀 | H75: 차소연 | I75: 00341026-00033 | J75: 00180506-00010 | K75: 00280830-00123 | L75: x | M75: 6구역 | Q75: 3부녀 | R75: 정희정 | T75: 여 | U75: 28181 | V75: =DATEDIF(U75,TODAY(),"Y") -> 48 | W75: 010-3590-6766 | X75: 집사 | Y75: 총회등록 | Z75: 한국 | AA75: 한국 | AB75: 경기도 | AG75: 국내성도
C76: 61 | D76: 00230515-00016 | E76: =SUBTOTAL(103,$Q$15:Q76) -> 60 | F76: 국내성도 | G76: 국내_부녀 | H76: 차소연 | I76: 00341026-00033 | J76: 00180506-00010 | K76: 00280830-00123 | L76: x | M76: 6구역 | Q76: 3부녀 | R76: 이은정 | T76: 여 | U76: 30002 | V76: =DATEDIF(U76,TODAY(),"Y") -> 43 | W76: 010-3246-7458 | X76: 집사 | Y76: 총회등록 | Z76: 한국 | AA76: 한국 | AB76: 경기도 | AG76: 국내성도
C77: 62 | D77: 00360830-00341 | E77: =SUBTOTAL(103,$Q$15:Q77) -> 61 | F77: 국내성도 | G77: 국내_부녀 | H77: 차소연 | I77: 00341026-00033 | J77: 00360830-00341 | K77: x | L77: x | M77: 7구역 | O77: 구역장 | Q77: 3부녀 | R77: 한엘자 | S77: Хан Эльза | T77: 여 | U77: 20944 | V77: =DATEDIF(U77,TODAY(),"Y") -> 68 | W77: 010-8939-1957 | X77: 집사 | Y77: 총회등록 | Z77: 우즈베키스탄 | AA77: 한국 | AB77: 서울특별시 | AG77: 국내성도
C78: 63 | D78: 00410822-00001 | E78: =SUBTOTAL(103,$Q$15:Q78) -> 62 | F78: 국내성도 | G78: 국내_부녀 | H78: 차소연 | I78: 00341026-00033 | J78: 00360830-00341 | K78: x | L78: x | M78: 7구역 | N78: 새신자 | P78: 부구역장예정 | Q78: 3부녀 | R78: 박스베틀라나발레리야노브나 | S78: Pak Svetlana Valerlyanovna | T78: 여 | U78: 23254 | V78: =DATEDIF(U78,TODAY(),"Y") -> 62 | W78: 010-4766-1953 | X78: 성도 | Y78: 입교 | Z78: 우즈베키스탄 | AA78: 한국 | AE78: 155기
C79: 64 | D79: 00410822-01058 | E79: =SUBTOTAL(103,$Q$15:Q79) -> 63 | F79: 해외개척 | G79: 국내_부녀 | H79: 차소연 | I79: 00341026-00033 | J79: 00360830-00341 | K79: x | L79: x | M79: 7구역 | N79: 새신자 | Q79: 3부녀 | R79: 토포로브스카야류드밀라 | S79: Топоровская Людмила Александровна | T79: 여 | U79: 22122 | V79: =DATEDIF(U79,TODAY(),"Y") -> 65 | W79: 7-962-121-0324 | X79: 성도 | Y79: 입교 | Z79: 러시아 | AA79: 러시아 | AB79: 사할린 | AE79: 155-3기
C80: 65 | D80: 00410822-01063 | E80: =SUBTOTAL(103,$Q$15:Q80) -> 64 | F80: 해외개척 | G80: 국내_부녀 | H80: 차소연 | I80: 00341026-00033 | J80: 00360830-00341 | K80: x | L80: x | M80: 7구역 | N80: 새신자 | Q80: 3부녀 | R80: 바그뉵나탈리야이바노브나 | S80: Багнюк Наталья Ивановна | T80: 여 | U80: 23214 | V80: =DATEDIF(U80,TODAY(),"Y") -> 62 | W80: 7-901-937-1421 | X80: 성도 | Y80: 입교 | Z80: 러시아 | AA80: 러시아 | AB80: 사할린 | AE80: 155-3기
C81: 66 | D81: 00410822-01066 | E81: =SUBTOTAL(103,$Q$15:Q81) -> 65 | F81: 해외개척 | G81: 국내_부녀 | H81: 차소연 | I81: 00341026-00033 | J81: 00360830-00341 | K81: x | L81: x | M81: 7구역 | N81: 새신자 | Q81: 3부녀 | R81: 도로페예바올가이바노브나 | S81: Дорофеева Ольга Ивановна | T81: 여 | U81: 24232 | V81: =DATEDIF(U81,TODAY(),"Y") -> 59 | W81: 7-950-589-3071 | X81: 성도 | Y81: 입교 | Z81: 러시아 | AA81: 러시아 | AB81: 케메로보 | AE81: 155-3기
C82: 67 | D82: 00350330-00205 | E82: =SUBTOTAL(103,$Q$15:Q82) -> 66 | F82: 국내성도 | G82: 국내_청년 | H82: 자카르첸코마리야 | I82: 00281224-00735 | J82: 00350330-00205 | K82: 00291224-00082 | L82: x | M82: 1구역 | O82: 총서기 | P82: 구역장 | Q82: 4청년 | R82: 이시우 | S82: Ли Щи У | T82: 여 | U82: 31799 | V82: =DATEDIF(U82,TODAY(),"Y") -> 39 | W82: 010-4552-5245 | X82: 문도 | Y82: 총회등록 | Z82: 한국 | AA82: 한국 | AB82: 서울특별시 | AG82: 국내성도
C83: 68 | D83: 00291224-00082 | E83: =SUBTOTAL(103,$Q$15:Q83) -> 67 | F83: 국내성도 | G83: 국내_청년 | H83: 자카르첸코마리야 | I83: 00310314-00231 | J83: 00350330-00205 | K83: 00291224-00082 | L83: x | M83: 1구역 | O83: 부구역장 | Q83: 4청년 | R83: 박지호 | T83: 남 | U83: 33136 | V83: =DATEDIF(U83,TODAY(),"Y") -> 35 | W83: 010-9057-2977 | X83: 문도 | Y83: 총회등록 | Z83: 한국 | AA83: 한국 | AB83: 경기도 | AG83: 국내성도
C84: 69 | D84: 00361031-00488 | E84: =SUBTOTAL(103,$Q$15:Q84) -> 68 | F84: 국내성도 | G84: 국내_청년 | H84: 자카르첸코마리야 | I84: 00310314-00231 | J84: 00350330-00205 | K84: 00291224-00082 | L84: x | M84: 1구역 | O84: 새신자구역장 | Q84: 4청년 | R84: 주마리나 | S84: Дюгай Марина | T84: 여 | U84: 33947 | V84: =DATEDIF(U84,TODAY(),"Y") -> 33 | W84: 010-9287-0992 | X84: 문도 | Y84: 총회등록 | Z84: 우즈베키스탄 | AA84: 한국 | AB84: 경기도 | AG84: 국내성도
C85: 70 | D85: 00371218-00468 | E85: =SUBTOTAL(103,$Q$15:Q85) -> 69 | F85: 국내성도 | G85: 국내_청년 | H85: 자카르첸코마리야 | I85: 00310314-00231 | J85: 00350330-00205 | K85: 00291224-00082 | L85: x | M85: 1구역 | Q85: 4청년 | R85: 김따띠야나게오르게브나 | S85: Ким Татьяна | T85: 여 | U85: 33488 | V85: =DATEDIF(U85,TODAY(),"Y") -> 34 | W85: 010-4390-0907 | X85: 문도 | Y85: 총회등록 | Z85: 우즈베키스탄 | AA85: 한국 | AB85: 경기도 | AG85: 국내성도
C86: 71 | D86: 00350330-00155 | E86: =SUBTOTAL(103,$Q$15:Q86) -> 70 | F86: 국내성도 | G86: 국내_청년 | H86: 자카르첸코마리야 | I86: 00310314-00231 | J86: 00350330-00205 | K86: 00291224-00082 | L86: x | M86: 1구역 | O86: 새신자팀장 | Q86: 4청년 | R86: 배알리나 | S86: Бе Алина | T86: 여 | U86: 34403 | V86: =DATEDIF(U86,TODAY(),"Y") -> 31 | W86: 010-6370-4971 | X86: 문도 | Y86: 총회등록 | Z86: 러시아 | AA86: 한국 | AB86: 서울특별시 | AG86: 국내성도
C87: 72 | D87: 00361105-00044 | E87: =SUBTOTAL(103,$Q$15:Q87) -> 71 | F87: 국내성도 | G87: 국내_청년 | H87: 자카르첸코마리야 | I87: 00310314-00231 | J87: 00350330-00205 | K87: 00291224-00082 | L87: x | M87: 1구역 | P87: 국제부서무 | Q87: 4청년 | R87: 이정주 | T87: 여 | U87: 34867 | V87: =DATEDIF(U87,TODAY(),"Y") -> 30 | W87: 010-4940-5463 | X87: 문도 | Y87: 총회등록 | Z87: 일본 | AA87: 한국 | AB87: 서울특별시 | AG87: 국내성도
C88: 73 | D88: 00350330-00154 | E88: =SUBTOTAL(103,$Q$15:Q88) -> 71 | G88: 국내_청년 | H88: 자카르첸코마리야 | I88: 00310314-00231 | J88: 00350330-00205 | K88: 00291224-00082 | L88: x | M88: 1구역 | O88: 팀장 | P88: 구역장 | R88: 스미르노바예브게니야 | S88: Смирнова Евгения | T88: 여 | U88: 33065 | V88: =DATEDIF(U88,TODAY(),"Y") -> 35 | W88: 010-6654-0035 | X88: 문도 | Y88: 총회등록 | Z88: 러시아 | AA88: 한국 | AB88: 서울특별시 | AC88: 중복
C89: 75 | D89: 00301028-00371 | E89: =SUBTOTAL(103,$Q$15:Q89) -> 72 | F89: 국내성도 | G89: 국내_청년 | H89: 자카르첸코마리야 | I89: 00310314-00231 | J89: 00301028-00371 | K89: 00340624-00331 | L89: x | M89: 2구역 | O89: 지역장 | P89: 구역장 | Q89: 4청년 | R89: 진실혜 | S89: Чжин Щиль Хе | T89: 여 | U89: 31978 | V89: =DATEDIF(U89,TODAY(),"Y") -> 38 | W89: 010-2949-9771 | X89: 문도 | Y89: 총회등록 | Z89: 한국 | AA89: 한국 | AB89: 서울특별시 | AG89: 국내성도
C90: 76 | D90: 00340624-00331 | E90: =SUBTOTAL(103,$Q$15:Q90) -> 73 | F90: 국내성도 | G90: 국내_청년 | H90: 자카르첸코마리야 | I90: 00310314-00231 | J90: 00301028-00371 | K90: 00340624-00331 | L90: x | M90: 2구역 | O90: 부구역장 | Q90: 4청년 | R90: 한올가 | S90: Хан Ольга | T90: 여 | U90: 32578 | V90: =DATEDIF(U90,TODAY(),"Y") -> 36 | W90: 010-3012-6255 | X90: 문도 | Y90: 총회등록 | Z90: 러시아 | AA90: 한국 | AB90: 서울특별시 | AG90: 국내성도
C91: 77 | D91: 00300823-00110 | E91: =SUBTOTAL(103,$Q$15:Q91) -> 74 | F91: 국내성도 | G91: 국내_청년 | H91: 자카르첸코마리야 | I91: 00310314-00231 | J91: 00301028-00371 | K91: 00340624-00331 | L91: x | M91: 2구역 | Q91: 4청년 | R91: 김올가 | S91: Ким Ольга | T91: 여 | U91: 33222 | V91: =DATEDIF(U91,TODAY(),"Y") -> 35 | W91: 010-2206-1590 | X91: 문도 | Y91: 총회등록 | Z91: 우즈베키스탄 | AA91: 한국 | AB91: 서울특별시 | AC91: 출결제외 | AD91: 신앙유약(41/3/27) | AG91: 국내성도
C92: 78 | D92: 00301028-00336 | E92: =SUBTOTAL(103,$Q$15:Q92) -> 75 | F92: 국내성도 | G92: 국내_청년 | H92: 자카르첸코마리야 | I92: 00310314-00231 | J92: 00301028-00371 | K92: 00340624-00331 | L92: x | M92: 2구역 | Q92: 4청년 | R92: 남마르가리따 | S92: Нам Маргарита | T92: 여 | U92: 32025 | V92: =DATEDIF(U92,TODAY(),"Y") -> 38 | W92: 010-9291-9908 | X92: 문도 | Y92: 총회등록 | Z92: 우즈베키스탄 | AA92: 한국 | AB92: 서울특별시 | AC92: 출결제외 | AD92: 신앙유약 | AG92: 국내성도
C93: 79 | D93: 00330526-00005 | E93: =SUBTOTAL(103,$Q$15:Q93) -> 76 | F93: 해외개척 | G93: 국내_청년 | H93: 자카르첸코마리야 | I93: 00310314-00231 | J93: 00301028-00371 | K93: 00340624-00331 | L93: x | M93: 2구역 | Q93: 4청년 | R93: 한블라디슬라브 | S93: Хан Владислав | T93: 남 | U93: 33674 | V93: =DATEDIF(U93,TODAY(),"Y") -> 33 | W93: 010-7696-1311 | X93: 문도 | Y93: 총회등록 | Z93: 우즈베키스탄 | AA93: 카자흐스탄 | AB93: 알마티 | AC93: 출결제외 | AD93: 신앙유약 | AG93: 해외개척
C94: 80 | D94: 00301028-00378 | E94: =SUBTOTAL(103,$Q$15:Q94) -> 77 | F94: 국내성도 | G94: 국내_청년 | H94: 자카르첸코마리야 | I94: 00310314-00231 | J94: 00301028-00371 | K94: 00340624-00331 | L94: x | M94: 2구역 | Q94: 4청년 | R94: 안혜림 | S94: Ан Хе Рим | T94: 여 | U94: 34352 | V94: =DATEDIF(U94,TODAY(),"Y") -> 32 | W94: 010-4629-4668 | X94: 문도 | Y94: 총회등록 | Z94: 한국 | AA94: 한국 | AB94: 서울특별시 | AC94: 출결제외 | AD94: 신앙유약 | AG94: 국내성도
C95: 81 | D95: 00310314-00231 | E95: =SUBTOTAL(103,$Q$15:Q95) -> 78 | F95: 국내성도 | G95: 국내_청년 | H95: 자카르첸코마리야 | I95: 00310314-00231 | J95: 00310314-00231 | K95: x | L95: x | M95: 3구역 | O95: 청년회팀장 | P95: 구역장 | Q95: 4청년 | R95: 자카르첸코마리야 | S95: Захарченко Мария | T95: 여 | U95: 34746 | V95: =DATEDIF(U95,TODAY(),"Y") -> 30 | W95: 010-4467-2226 | X95: 문도 | Y95: 총회등록 | Z95: 우크라이나 | AA95: 한국 | AB95: 서울특별시 | AG95: 국내성도
C96: 82 | D96: 00350820-00002 | E96: =SUBTOTAL(103,$Q$15:Q96) -> 79 | F96: 러시아(모스크바) | G96: 국내_청년 | H96: 자카르첸코마리야 | I96: 00310314-00231 | J96: 00310314-00231 | K96: x | L96: x | M96: 3구역 | Q96: 4청년 | R96: 똔키흐발레리야 | S96: Тонких Валерия | T96: 여 | U96: 34094 | V96: =DATEDIF(U96,TODAY(),"Y") -> 32 | W96: 79299344309 | X96: 문도 | Y96: 총회등록 | Z96: 러시아 | AA96: 러시아 | AB96: 모스크바 | AG96: 러시아(모스크바)
C97: 84 | D97: 00371218-00473 | E97: =SUBTOTAL(103,$Q$15:Q97) -> 80 | F97: 우크라이나(키이우) | G97: 국내_청년 | H97: 자카르첸코마리야 | I97: 00310314-00231 | J97: 00310314-00231 | K97: x | L97: x | M97: 3구역 | Q97: 4청년 | R97: 포보로즈뉴크드므트로올렉산드로브츠 | S97: Дмитрий Поворознюк | T97: 남 | U97: 44180 | V97: =DATEDIF(U97,TODAY(),"Y") -> 5 | W97: 380988779801 | X97: 성도 | Y97: 총회등록 | Z97: 우크라이나 | AA97: 우크라이나 | AB97: 키예프 | AG97: 우크라이나(키이우)
C98: 85 | D98: 00390826-00077 | E98: =SUBTOTAL(103,$Q$15:Q98) -> 81 | F98: 우크라이나(키이우) | G98: 국내_청년 | H98: 자카르첸코마리야 | I98: 00310314-00231 | J98: 00310314-00231 | K98: x | L98: x | M98: 3구역 | O98: 새신자부구역장 | Q98: 4청년 | R98: 멜느크세르기발레리요브츠 | S98: Мельник Сергій Валерійович | T98: 남 | U98: 36083 | V98: =DATEDIF(U98,TODAY(),"Y") -> 27 | W98: 38-068-345-4752 | X98: 문도 | Y98: 총회등록 | Z98: 우크라이나 | AA98: 체코 | AB98: 믈라다볼레슬라프 | AE98: 147-1기 | AG98: 우크라이나(키이우)
C99: 86 | D99: 00371218-00471 | E99: =SUBTOTAL(103,$Q$15:Q99) -> 82 | F99: 국내성도 | G99: 국내_청년 | H99: 자카르첸코마리야 | I99: 00310314-00231 | J99: 00310314-00231 | K99: x | L99: x | M99: 3구역 | Q99: 4청년 | R99: 박알리나루슬라노브나 | S99: Пак Алина | T99: 여 | U99: 43861 | V99: =DATEDIF(U99,TODAY(),"Y") -> 5 | W99: 010-9757-3012 | X99: 문도 | Y99: 총회등록 | Z99: 카자흐스탄 | AA99: 한국 | AB99: 서울특별시 | AG99: 국내성도
C100: 87 | D100: 00391111-00165 | E100: =SUBTOTAL(103,$Q$15:Q100) -> 83 | F100: 해외개척 | G100: 국내_청년 | H100: 자카르첸코마리야 | I100: 00310314-00231 | J100: 00310314-00231 | K100: x | L100: x | M100: 3구역 | O100: 새신자구역장 | Q100: 4청년 | R100: 틴옐레나비탈리예브나 | S100: Тин Елена | T100: 여 | U100: 36505 | V100: =DATEDIF(U100,TODAY(),"Y") -> 26 | W100: 010-5936-0014 | X100: 문도 | Y100: 총회등록 | Z100: 카자흐스탄 | AA100: 한국 | AB100: 경기도 | AE100: 148-1기 | AG100: 국내성도
C101: 88 | D101: 00300725-00026 | E101: =SUBTOTAL(103,$Q$15:Q101) -> 84 | F101: 러시아(크림공화국) | G101: 크림반도 | H101: 이다리야A | I101: 00300725-00026 | J101: 00300725-00026 | K101: x | L101: x | M101: 1구역 | O101: 팀장 | P101: 구역장 | Q101: 1자문 | R101: 이다리야A | S101: Ли Дарья(лидер) | T101: 여 | U101: 18512 | V101: =DATEDIF(U101,TODAY(),"Y") -> 75 | W101: +7 978 604 30 83 | X101: 집사 | Y101: 총회등록 | Z101: 러시아 | AA101: 러시아(크림) | AB101: 크림반도 옥탸브리스크 | AG101: 크림공화국
...

Sheet 현황파악
T1: 조직개편전 | V1: 새신자입교후 | W1: 5.27일 행정적용후 | AF1: ㅇ
S2: 국내성도 | T2: 71 | U2: =COUNTIF($F$15:$F$626,S2) -> 73 | V2: 71 | W2: =COUNTIF($F$15:$F$656,$S2) -> 73
S3: 러시아(모스크바) | T3: 76 | U3: =COUNTIF($F$15:$F$626,S3) -> 65 | V3: 76 | W3: =COUNTIF($F$15:$F$656,$S3) -> 70
S4: 우크라이나(키이우) | T4: 57 | U4: =COUNTIF($F$15:$F$626,S4) -> 55 | V4: 57 | W4: =COUNTIF($F$15:$F$656,$S4) -> 55
S5: 크림공화국 | T5: 49 | U5: =COUNTIF($F$15:$F$626,S5) -> 0 | V5: 49 | W5: =COUNTIF($F$15:$F$656,$S5) -> 0
S6: 카자흐스탄(알마티) | T6: 69 | U6: =COUNTIF($F$15:$F$626,S6) -> 59 | V6: 69 | W6: =COUNTIF($F$15:$F$656,$S6) -> 59
S7: 카자흐스탄(악토베) | W7: =COUNTIF($F$15:$F$656,$S7) -> 50
S8: 우크라이나오데사
S9: 우크라이나리비우
S10: 우즈베키스탄(타슈켄트) | T10: =COUNTIF($F$15:$F$656,$S10) -> 51 | U10: =COUNTIF($F$15:$F$656,$S10) -> 51 | V10: =COUNTIF($F$15:$F$656,$S10) -> 51 | W10: =COUNTIF($F$15:$F$656,$S10) -> 51
S11: 해외개척 | T11: 195 | U11: =COUNTIF($F$15:$F$626,S11) -> 167 | V11: =T11+42 -> 237 | W11: =COUNTIF($F$15:$F$656,$S11) -> 185
T12: =SUM(T2:T11) -> 568 | U12: =SUM(U2:U11) -> 470 | V12: =SUM(V2:V11) -> 610 | W12: =SUM(W2:W11) -> 543
D13: 총인원 | E13: =SUBTOTAL(103,$F$15:F685) -> 619
C14: 번호 | D14: 고유번호 | E14: 인원수 | F14: 지역 | G14: 팀 | H14: 담당팀장 | I14: 팀장 | J14: 구역장 | K14: 부구역장(1) | L14: 부구역장(2) | M14: 구역 | N14: 새신자 | O14: 직책 | P14: 겸직 | Q14: 부서 | R14: 이름(KR) | S14: 이름(RU) | T14: 성별 | U14: 생년월일 | V14: (만)나이 | W14: 전화번호 | X14: 직분 | Y14: 등록상태 | Z14: 국적 | AA14: 국가 | AB14: 도시명 | AC14: 출결 여부 | AD14: 사유/기간 | AE14: 센터기수 | AF14: 숫자 | AG14: 변경전 지역 | AH14: 예배현황
C15: 1 | D15: 00360527-00006 | E15: =SUBTOTAL(103,$Q$15:Q15) -> 1 | F15: 국내성도 | G15: 국내_장년 | H15: 김세진 | I15: 00360527-00006 | J15: 00360830-00345 | K15: 00390826-00075 | L15: x | M15: 1구역 | O15: 국내총괄팀장 | P15: 구역장 | Q15: 2장년 | R15: 김세진 | S15: Ким Сергей | T15: 남 | U15: 32431 | V15: =DATEDIF(U15,TODAY(),"Y") -> 37 | W15: 010.6640.3437 | X15: 집사 | Y15: 총회등록 | Z15: 우즈베키스탄/한국(국적취득) | AA15: 한국 | AB15: 서울특별시 | AG15: 국내성도
C16: 2 | D16: 00360830-00345 | E16: =SUBTOTAL(103,$Q$15:Q16) -> 2 | F16: 국내성도 | G16: 국내_장년 | H16: 김세진 | I16: 00360527-00006 | J16: 00360830-00345 | K16: 00390826-00075 | L16: x | M16: 1구역 | O16: 구역장 | Q16: 2장년 | R16: 허드미트리 | S16: Хе Дмитрий | T16: 남 | U16: 32370 | V16: =DATEDIF(U16,TODAY(),"Y") -> 37 | W16: 010-9575-8815 | X16: 집사 | Y16: 총회등록 | Z16: 우즈베키스탄 | AA16: 한국 | AB16: 서울특별시 | AG16: 국내성도
C17: 3 | D17: 00291129-00211 | E17: =SUBTOTAL(103,$Q$15:Q17) -> 3 | F17: 해외개척 | G17: 국내_장년 | H17: 김세진 | I17: 00360527-00006 | J17: 00360830-00345 | K17: 00390826-00075 | L17: x | M17: 1구역 | Q17: 2장년 | R17: 김에두아르드 | S17: Ким Эдуард | T17: 남 | U17: 29900 | V17: =DATEDIF(U17,TODAY(),"Y") -> 44 | W17: 010-2426-2496/(+1(506) 898-3709) | X17: 집사 | Y17: 총회등록 | Z17: 우크라이나 | AA17: 캐나다 | AB17: 프레더릭턴 | AG17: 해외개척
C18: 4 | D18: 00360830-00344 | E18: =SUBTOTAL(103,$Q$15:Q18) -> 4 | F18: 국내성도 | G18: 국내_장년 | H18: 김세진 | I18: 00360527-00006 | J18: 00360830-00345 | K18: 00390826-00075 | L18: x | M18: 1구역 | Q18: 2장년 | R18: 이드미트리 | S18: Ли Дмитрий | T18: 남 | U18: 32279 | V18: =DATEDIF(U18,TODAY(),"Y") -> 37 | W18: 010-2351-0933 | X18: 집사 | Y18: 총회등록 | Z18: 우즈베키스탄 | AA18: 한국 | AB18: 서울특별시 | AG18: 국내성도
C19: 5 | D19: 00320813-00008 | E19: =SUBTOTAL(103,$Q$15:Q19) -> 5 | F19: 국내성도 | G19: 국내_장년 | H19: 김세진 | I19: 00360527-00006 | J19: 00360830-00345 | K19: 00390826-00075 | L19: x | M19: 1구역 | Q19: 2장년 | R19: 박뱌체슬라브 | S19: Пак Вячеслав | T19: 남 | U19: 31456 | V19: =DATEDIF(U19,TODAY(),"Y") -> 39 | W19: 010-4374-0713 | X19: 집사 | Y19: 총회등록 | Z19: 우즈베키스탄 | AA19: 한국 | AB19: 서울특별시 | AG19: 국내성도
C20: 6 | D20: 00371218-00469 | E20: =SUBTOTAL(103,$Q$15:Q20) -> 6 | F20: 국내성도 | G20: 국내_장년 | H20: 김세진 | I20: 00360527-00006 | J20: 00360830-00345 | K20: 00390826-00075 | L20: x | M20: 1구역 | Q20: 2장년 | R20: 한세묜세묘노비치 | S20: Хан Семён | T20: 남 | U20: 33599 | V20: =DATEDIF(U20,TODAY(),"Y") -> 34 | W20: 010-8433-2802 | X20: 집사 | Y20: 총회등록 | Z20: 우즈베키스탄 | AA20: 한국 | AB20: 서울특별시 | AG20: 국내성도
C21: 7 | D21: 00360810-00494 | E21: =SUBTOTAL(103,$Q$15:Q21) -> 7 | F21: 국내성도 | G21: 국내_장년 | H21: 김세진 | I21: 00360527-00006 | J21: 00360830-00345 | K21: 00390826-00075 | L21: x | M21: 1구역 | Q21: 2장년 | R21: 오가이디미트리 | S21: Огай Дмитрий | T21: 남 | U21: 31780 | V21: =DATEDIF(U21,TODAY(),"Y") -> 39 | W21: 010-4333-4896 | X21: 집사 | Y21: 총회등록 | Z21: 우즈베키스탄 | AA21: 한국 | AB21: 전라남도 | AG21: 국내성도
C22: 8 | D22: 00371217-01048 | E22: =SUBTOTAL(103,$Q$15:Q22) -> 8 | F22: 국내성도 | G22: 국내_장년 | H22: 김세진 | I22: 00360527-00006 | J22: 00360830-00345 | K22: 00390826-00075 | L22: x | M22: 1구역 | O22: 새신자팀장 | P22: 구역장 | Q22: 2장년 | R22: 강블라디미르파블로비치 | S22: Кан Владимир | T22: 남 | U22: 33031 | V22: =DATEDIF(U22,TODAY(),"Y") -> 35 | W22: 010-5820-6557 | X22: 집사 | Y22: 총회등록 | Z22: 러시아 | AA22: 한국 | AB22: 서울특별시 | AG22: 국내성도
C23: 9 | D23: 00360830-00343 | E23: =SUBTOTAL(103,$Q$15:Q23) -> 9 | F23: 국내성도 | G23: 국내_장년 | H23: 김세진 | I23: 00360527-00006 | J23: 00360830-00345 | K23: 00390826-00075 | L23: x | M23: 1구역 | Q23: 2장년 | R23: 박드미트리 | S23: Пак Дмитрий | T23: 남 | U23: 30685 | V23: =DATEDIF(U23,TODAY(),"Y") -> 42 | W23: 010-2856-8404 | X23: 성도 | Y23: 교회등록 | Z23: 우즈베키스탄 | AA23: 한국 | AB23: 경기도 | AC23: 출결제외 | AD23: 신앙유약 | AG23: 국내성도
C24: 10 | D24: 00390826-00075 | E24: =SUBTOTAL(103,$Q$15:Q24) -> 10 | F24: 국내성도 | G24: 국내_청년 | H24: 김세진 | I24: 00360527-00006 | J24: 00390826-00075 | K24: x | L24: x | M24: 2구역 | O24: 구역장 | Q24: 4청년 | R24: 김세르게이발레리예비치 | S24: Ким Сергей Валерьевич | T24: 남 | U24: 32305 | V24: =DATEDIF(U24,TODAY(),"Y") -> 37 | W24: 010-8441-1728 | X24: 문도 | Y24: 총회등록 | Z24: 러시아 | AA24: 한국 | AB24: 경기도 | AE24: 147-1기 | AG24: 국내성도
C25: 11 | D25: 00311023-00027 | E25: =SUBTOTAL(103,$Q$15:Q25) -> 11 | F25: 국내성도 | G25: 국내_청년 | H25: 김세진 | I25: 00360527-00006 | J25: 00390826-00075 | K25: x | L25: x | M25: 2구역 | Q25: 4청년 | R25: 주유리 | S25: Дю Юрий | T25: 남 | U25: 32377 | V25: =DATEDIF(U25,TODAY(),"Y") -> 37 | W25: 010-3141-8193 | X25: 문도 | Y25: 총회등록 | Z25: 러시아 | AA25: 한국 | AB25: 서울특별시 | AG25: 국내성도
C26: 12 | D26: 00390826-00117 | E26: =SUBTOTAL(103,$Q$15:Q26) -> 12 | F26: 국내성도 | G26: 국내_청년 | H26: 자카르첸코마리야 | I26: 00310314-00231 | J26: 00390826-00075 | K26: x | L26: x | M26: 2구역 | Q26: 4청년 | R26: 손이고르아루투로비치 | S26: Сон Игорь Артурович | T26: 남 | U26: 36739 | V26: =DATEDIF(U26,TODAY(),"Y") -> 25 | W26: 010-97112243 | X26: 성도 | Y26: 총회등록 | Z26: 우즈베키스탄 | AA26: 한국 | AB26: 서울특별시 | AE26: 147-4기 | AG26: 국내성도
C27: 13 | D27: 00360830-00347 | E27: =SUBTOTAL(103,$Q$15:Q27) -> 13 | F27: 국내성도 | G27: 국내_청년 | H27: 자카르첸코마리야 | I27: 00310314-00231 | J27: 00390826-00075 | K27: x | L27: x | M27: 2구역 | Q27: 4청년 | R27: 강파벨 | S27: Кан Павел | T27: 남 | U27: 33538 | V27: =DATEDIF(U27,TODAY(),"Y") -> 34 | W27: 010-5552-2710 | X27: 성도 | Y27: 교회등록 | Z27: 카자흐스탄 | AA27: 한국 | AB27: 경상북도 | AC27: 출결제외 | AD27: 신앙유약 | AG27: 국내성도
C28: 14 | D28: 00400227-01416 | E28: =SUBTOTAL(103,$Q$15:Q28) -> 14 | F28: 국내성도 | G28: 국내_청년 | H28: 김세진 | I28: 00360527-00006 | J28: 00390826-00075 | K28: x | L28: x | M28: 2구역 | Q28: 4청년 | R28: 김예브게니알렉산드로비치 | S28: Ким Евгений Александрович | T28: 남 | U28: 33400 | V28: =DATEDIF(U28,TODAY(),"Y") -> 34 | W28: 7-747-455-6934 | X28: 성도 | Y28: 입교 | Z28: 카자흐스탄 | AA28: 카자흐스탄 | AB28: 알마티 | AC28: 출결제외 | AD28: 신앙유약 | AE28: 149-1기 | AG28: 국내성도
C29: 15 | D29: 00261225-00087 | E29: =SUBTOTAL(103,$Q$15:Q29) -> 15 | F29: 국내성도 | G29: 국내_부녀 | H29: 차소연 | I29: 00341026-00033 | J29: 00261225-00087 | K29: 00290520-00027 | L29: x | M29: 1구역 | O29: 구역장 | Q29: 3부녀 | R29: 최승미 | S29: Цой Виктория(ЦойСынгМи) | T29: 여 | U29: 31249 | V29: =DATEDIF(U29,TODAY(),"Y") -> 40 | W29: 010-8921-3985 | X29: 집사 | Y29: 총회등록 | Z29: 우즈베키스탄 | AA29: 한국 | AB29: 서울특별시 | AG29: 국내성도
C30: 16 | D30: 00290520-00027 | E30: =SUBTOTAL(103,$Q$15:Q30) -> 16 | F30: 국내성도 | G30: 국내_부녀 | H30: 차소연 | I30: 00341026-00033 | J30: 00261225-00087 | K30: 00290520-00027 | L30: x | M30: 1구역 | O30: 부구역장 | Q30: 3부녀 | R30: 정갈리나 | S30: Тен Галина | T30: 여 | U30: 29183 | V30: =DATEDIF(U30,TODAY(),"Y") -> 46 | W30: 010-5329-6884 | X30: 집사 | Y30: 총회등록 | Z30: 카자흐스탄 | AA30: 한국 | AB30: 서울특별시 | AG30: 국내성도
C31: 17 | D31: 00361031-00487 | E31: =SUBTOTAL(103,$Q$15:Q31) -> 17 | F31: 국내성도 | G31: 국내_부녀 | H31: 차소연 | I31: 00341026-00033 | J31: 00261225-00087 | K31: 00290520-00027 | L31: x | M31: 1구역 | Q31: 3부녀 | R31: 최릴리야 | S31: Цой Лилия | T31: 여 | U31: 33815 | V31: =DATEDIF(U31,TODAY(),"Y") -> 33 | W31: 010-7550-5848 | X31: 집사 | Y31: 총회등록 | Z31: 우즈베키스탄 | AA31: 한국 | AB31: 인천광역시 | AG31: 국내성도
C32: 18 | D32: 00311023-00028 | E32: =SUBTOTAL(103,$Q$15:Q32) -> 18 | F32: 국내성도 | G32: 국내_부녀 | H32: 차소연 | I32: 00341026-00033 | J32: 00261225-00087 | K32: 00290520-00027 | L32: x | M32: 1구역 | Q32: 3부녀 | R32: 박옐레나 | S32: Пак Елена | T32: 여 | U32: 32547 | V32: =DATEDIF(U32,TODAY(),"Y") -> 36 | W32: 010-5615-2266 | X32: 집사 | Y32: 총회등록 | Z32: 우즈베키스탄 | AA32: 한국 | AB32: 경기도 | AG32: 국내성도
C33: 19 | D33: 00280508-00022 | E33: =SUBTOTAL(103,$Q$15:Q33) -> 19 | F33: 국내성도 | G33: 국내_부녀 | H33: 차소연 | I33: 00341026-00033 | J33: 00261225-00087 | K33: 00290520-00027 | L33: x | M33: 1구역 | Q33: 3부녀 | R33: 엘리나바투크흐티나 | S33: Батухтина Элина | T33: 여 | U33: 31504 | V33: =DATEDIF(U33,TODAY(),"Y") -> 39 | W33: 010-4593-5238 | X33: 문도 | Y33: 총회등록 | Z33: 우크라이나 | AA33: 한국 | AB33: 서울특별시 | AC33: 출결제외 | AD33: 신앙유약 | AG33: 국내성도
C34: 20 | D34: 00360830-00346 | E34: =SUBTOTAL(103,$Q$15:Q34) -> 20 | F34: 국내성도 | G34: 국내_부녀 | H34: 차소연 | I34: 00341026-00033 | J34: 00360830-00346 | K34: 00350330-00153 | L34: x | M34: 2구역 | O34: 구역장 | Q34: 3부녀 | R34: 김예카테리나 | S34: Ким Екатерина | T34: 여 | U34: 33312 | V34: =DATEDIF(U34,TODAY(),"Y") -> 34 | W34: 010-5877-6557 | X34: 집사 | Y34: 총회등록 | Z34: 우즈베키스탄 | AA34: 한국 | AB34: 서울특별시 | AG34: 국내성도
C35: 21 | D35: 00350330-00153 | E35: =SUBTOTAL(103,$Q$15:Q35) -> 21 | F35: 국내성도 | G35: 국내_부녀 | H35: 차소연 | I35: 00341026-00033 | J35: 00360830-00346 | K35: 00350330-00153 | L35: x | M35: 2구역 | O35: 부구역장 | Q35: 3부녀 | R35: 문발레리야 | S35: Мун Валерия | T35: 여 | U35: 32771 | V35: =DATEDIF(U35,TODAY(),"Y") -> 36 | W35: 010-7296-2009 | X35: 집사 | Y35: 총회등록 | Z35: 카자흐스탄 | AA35: 한국 | AB35: 서울특별시 | AG35: 국내성도
C36: 22 | D36: 00371217-01047 | E36: =SUBTOTAL(103,$Q$15:Q36) -> 22 | F36: 국내성도 | G36: 국내_부녀 | H36: 차소연 | I36: 00341026-00033 | J36: 00360830-00346 | K36: 00350330-00153 | L36: x | M36: 2구역 | O36: 새신자팀장 | P36: 구역장 | Q36: 3부녀 | R36: 칸타코바안나일리니치나 | S36: Кантакова Анна | T36: 여 | U36: 31722 | V36: =DATEDIF(U36,TODAY(),"Y") -> 39 | W36: 010-2887-6167 | X36: 집사 | Y36: 총회등록 | Z36: 러시아 | AA36: 한국 | AB36: 서울특별시 | AG36: 국내성도
C37: 23 | D37: 00340624-00330 | E37: =SUBTOTAL(103,$Q$15:Q37) -> 23 | F37: 국내성도 | G37: 국내_부녀 | H37: 차소연 | I37: 00341026-00033 | J37: 00360830-00346 | K37: 00350330-00153 | L37: x | M37: 2구역 | Q37: 3부녀 | R37: 최유나 | S37: Цой Ольга | T37: 여 | U37: 31062 | V37: =DATEDIF(U37,TODAY(),"Y") -> 41 | W37: 010-2570-6278 | X37: 집사 | Y37: 총회등록 | Z37: 한국 | AA37: 한국 | AB37: 서울특별시 | AG37: 국내성도
C38: 24 | D38: 00270903-00002 | E38: =SUBTOTAL(103,$Q$15:Q38) -> 24 | F38: 국내성도 | G38: 국내_부녀 | H38: 차소연 | I38: 00341026-00033 | J38: 00360830-00346 | K38: 00350330-00153 | L38: x | M38: 2구역 | Q38: 3부녀 | R38: 정류드밀라 | S38: Тен Людмила | T38: 여 | U38: 30208 | V38: =DATEDIF(U38,TODAY(),"Y") -> 43 | W38: 010-7624-7907 | X38: 집사 | Y38: 총회등록 | Z38: 카자흐스탄 | AA38: 한국 | AB38: 서울특별시 | AG38: 국내성도
C39: 25 | D39: 00310314-00227 | E39: =SUBTOTAL(103,$Q$15:Q39) -> 25 | F39: 국내성도 | G39: 국내_부녀 | H39: 차소연 | I39: 00341026-00033 | J39: 00360830-00346 | K39: 00350330-00153 | L39: x | M39: 2구역 | Q39: 3부녀 | R39: 한옐레나 | S39: Хан Елена | T39: 여 | U39: 31075 | V39: =DATEDIF(U39,TODAY(),"Y") -> 41 | W39: 010-8285-1011 | X39: 집사 | Y39: 총회등록 | Z39: 러시아 | AA39: 한국 | AB39: 서울특별시 | AC39: 출결제외 | AD39: 신앙유약 | AG39: 국내성도
C40: 26 | D40: 00320813-00009 | E40: =SUBTOTAL(103,$Q$15:Q40) -> 26 | F40: 국내성도 | G40: 국내_부녀 | H40: 차소연 | I40: 00341026-00033 | J40: 00360830-00346 | K40: 00350330-00153 | L40: x | M40: 2구역 | Q40: 3부녀 | R40: 이다리야B | S40: Ли Дарья | T40: 여 | U40: 31736 | V40: =DATEDIF(U40,TODAY(),"Y") -> 39 | W40: 010-4045-1523 | X40: 문도 | Y40: 총회등록 | Z40: 우즈베키스탄 | AA40: 한국 | AB40: 서울특별시 | AC40: 출결제외 | AD40: 신앙유약 | AG40: 국내성도
C41: 27 | D41: 00341026-00033 | E41: =SUBTOTAL(103,$Q$15:Q41) -> 27 | F41: 국내성도 | G41: 국내_부녀 | H41: 차소연 | I41: 00341026-00033 | J41: 00341026-00033 | K41: 00270104-00035 | L41: 00371218-00466 | M41: 3구역 | O41: 팀장 | P41: 구역장 | Q41: 3부녀 | R41: 차소연 | S41: Ча Лариса | T41: 여 | U41: 30625 | V41: =DATEDIF(U41,TODAY(),"Y") -> 42 | W41: 010-2882-8927 | X41: 집사 | Y41: 총회등록 | Z41: 한국 | AA41: 한국 | AB41: 전라남도 | AG41: 국내성도
C42: 28 | D42: 00270104-00035 | E42: =SUBTOTAL(103,$Q$15:Q42) -> 28 | F42: 국내성도 | G42: 국내_부녀 | H42: 차소연 | I42: 00341026-00033 | J42: 00341026-00033 | K42: 00270104-00035 | L42: 00371218-00466 | M42: 3구역 | O42: 부구역장 | Q42: 3부녀 | R42: 굴나라사드코바 | S42: Садыкова Гульнара | T42: 여 | U42: 30935 | V42: =DATEDIF(U42,TODAY(),"Y") -> 41 | W42: 010-6406-8815 | X42: 집사 | Y42: 총회등록 | Z42: 키르기스스탄 | AA42: 한국 | AB42: 서울특별시 | AG42: 국내성도
C43: 29 | D43: 00371218-00466 | E43: =SUBTOTAL(103,$Q$15:Q43) -> 29 | F43: 국내성도 | G43: 국내_부녀 | H43: 차소연 | I43: 00341026-00033 | J43: 00341026-00033 | K43: 00270104-00035 | L43: 00371218-00466 | M43: 3구역 | O43: 부구역장 | Q43: 3부녀 | R43: 이이리나라디오노브나 | S43: Ли Ирина | T43: 여 | U43: 33662 | V43: =DATEDIF(U43,TODAY(),"Y") -> 33 | W43: 010-2394-2802 | X43: 집사 | Y43: 총회등록 | Z43: 우즈베키스탄 | AA43: 한국 | AB43: 서울특별시 | AG43: 국내성도
C44: 30 | D44: 00371218-00453 | E44: =SUBTOTAL(103,$Q$15:Q44) -> 30 | F44: 국내성도 | G44: 국내_부녀 | H44: 차소연 | I44: 00341026-00033 | J44: 00341026-00033 | K44: 00270104-00035 | L44: 00371218-00466 | M44: 3구역 | Q44: 1자문 | R44: 김류드밀라 | S44: Ким Людмила | T44: 여 | U44: 18173 | V44: =DATEDIF(U44,TODAY(),"Y") -> 76 | W44: 010-9692-4972 | X44: 성도 | Y44: 총회등록 | Z44: 우즈베키스탄 | AA44: 한국 | AB44: 경기도 | AG44: 국내성도
C45: 31 | D45: 00350330-00148 | E45: =SUBTOTAL(103,$Q$15:Q45) -> 31 | F45: 국내성도 | G45: 국내_부녀 | H45: 차소연 | I45: 00341026-00033 | J45: 00341026-00033 | K45: 00270104-00035 | L45: 00371218-00466 | M45: 3구역 | Q45: 3부녀 | R45: 주숙자 | S45: Дю Светлана | T45: 여 | U45: 21465 | V45: =DATEDIF(U45,TODAY(),"Y") -> 67 | W45: 010-5567-8193 | X45: 집사 | Y45: 총회등록 | Z45: 러시아 | AA45: 한국 | AB45: 서울특별시 | AG45: 국내성도
C46: 32 | D46: 00390826-00066 | E46: =SUBTOTAL(103,$Q$15:Q46) -> 32 | F46: 국내성도 | G46: 국내_부녀 | H46: 차소연 | I46: 00341026-00033 | J46: 00341026-00033 | K46: 00270104-00035 | L46: 00371218-00466 | M46: 3구역 | Q46: 3부녀 | R46: 박이리나빅토로브나 | S46: Пак Ирина Викторовна | T46: 여 | U46: 24988 | V46: =DATEDIF(U46,TODAY(),"Y") -> 57 | W46: 010-5201-5526 | X46: 성도 | Y46: 입교 | Z46: 키르기스스탄 | AA46: 한국 | AB46: 충청북도 | AE46: 147-1기 | AG46: 국내성도
C47: 33 | D47: 00390826-00069 | E47: =SUBTOTAL(103,$Q$15:Q47) -> 33 | F47: 국내성도 | G47: 국내_부녀 | H47: 차소연 | I47: 00341026-00033 | J47: 00341026-00033 | K47: 00270104-00035 | L47: 00371218-00466 | M47: 3구역 | Q47: 3부녀 | R47: 이소피야 | S47: Ли София (LISOFIIA) | T47: 여 | U47: 25896 | V47: =DATEDIF(U47,TODAY(),"Y") -> 55 | W47: 010-8205-9722 | X47: 성도 | Y47: 총회등록 | Z47: 키르기스스탄 | AA47: 한국 | AB47: 인천광역시 | AE47: 147-1기 | AG47: 국내성도
C48: 34 | D48: 00400819-00001 | E48: =SUBTOTAL(103,$Q$15:Q48) -> 34 | F48: 국내성도 | G48: 새신자4팀 | H48: 차소연 | I48: 00341026-00033 | J48: 00341026-00033 | K48: 00270104-00035 | L48: 00371218-00466 | M48: 3구역 | Q48: 3부녀 | R48: 두드키나스베틀라나미하일로브나 | S48: ДУДКИНА СВЕТЛАНА МИХАЙЛОВНА | T48: 여 | U48: 22442 | V48: =DATEDIF(U48,TODAY(),"Y") -> 64 | W48: 010-2213-7839 | X48: 성도 | Y48: 입교 | Z48: 러시아 | AA48: 한국 | AB48: 경기도 | AE48: 151-1기 | AG48: 국내성도
C49: 35 | D49: 00410325-00429 | E49: =SUBTOTAL(103,$Q$15:Q49) -> 35 | F49: 우즈베키스탄(타슈켄트) | G49: 국내_부녀 | H49: 차소연 | I49: 00341026-00033 | J49: 00341026-00033 | K49: 00270104-00035 | L49: 00371218-00466 | M49: 3구역 | N49: 새신자 | Q49: 1자문 | R49: 박인가니콜라예브나 | S49: PAK IN-GA NIKOLAYEVNA | T49: 여 | U49: 19444 | V49: =DATEDIF(U49,TODAY(),"Y") -> 72 | W49: 010-9589-6878 | X49: 성도 | Y49: 입교 | Z49: 우즈베키스탄 | AA49: 한국 | AB49: 광주 | AE49: 153-5기 | AF49: 0 | AG49: 국내성도
C50: 36 | D50: 00410325-00430 | E50: =SUBTOTAL(103,$Q$15:Q50) -> 36 | F50: 국내성도 | G50: 국내_부녀 | H50: 차소연 | I50: 00341026-00033 | J50: 00341026-00033 | K50: 00270104-00035 | L50: 00371218-00466 | M50: 3구역 | N50: 새신자 | Q50: 3부녀 | R50: 출리나율리야그리고리예브나 | S50: Чулина Юлия Григорьевна | T50: 여 | U50: 35278 | V50: =DATEDIF(U50,TODAY(),"Y") -> 29 | W50: 010-8441-1321 | X50: 성도 | Y50: 입교 | Z50: 러시아 | AA50: 한국 | AB50: 군산 | AE50: 153-5기 | AG50: 국내성도
C51: 37 | D51: 00400227-01414 | E51: =SUBTOTAL(103,$Q$15:Q51) -> 37 | F51: 국내성도 | G51: 국내_부녀 | H51: 차소연 | I51: 00341026-00033 | J51: 00281228-00434 | K51: 00230828-00053 | L51: 00371218-00466 | M51: 3구역 | Q51: 4청년 | R51: 리알렉시나블라딜레노브나 | S51: Ли Алексина Владиленовна | T51: 여 | U51: 33012 | V51: =DATEDIF(U51,TODAY(),"Y") -> 35 | W51: 010-4244-3010 | X51: 성도 | Y51: 교회등록 | Z51: 카자흐스탄 | AA51: 한국 | AE51: 149-1기 | AG51: 국내성도
C52: 38 | D52: 00400227-01392 | E52: =SUBTOTAL(103,$Q$15:Q52) -> 38 | F52: 국내성도 | G52: 국내_부녀 | H52: 차소연 | I52: 00341026-00033 | J52: 00341026-00033 | K52: 00270104-00035 | L52: 00371218-00466 | M52: 3구역 | Q52: 3부녀 | R52: 리스베틀라나아나톨리예브나 | S52: Ли Светлана Анатольевна | T52: 여 | U52: 23079 | V52: =DATEDIF(U52,TODAY(),"Y") -> 62 | W52: 010-2117-9127 | X52: 성도 | Y52: 입교 | Z52: 카자흐스탄 | AA52: 한국 | AB52: 경기도 | AD52: 신앙유약(24-01-16) | AE52: 149-1기 | AG52: 국내성도
C53: 39 | D53: 00400530-00093 | E53: =SUBTOTAL(103,$Q$15:Q53) -> 39 | F53: 국내성도 | G53: 국내_부녀 | H53: 차소연 | I53: 00341026-00033 | J53: 00341026-00033 | K53: 00270104-00035 | L53: 00371218-00466 | M53: 3구역 | Q53: 1자문 | R53: 이림마니콜라예브나 | S53: Ли Римма Николаевна | T53: 여 | U53: 19818 | V53: =DATEDIF(U53,TODAY(),"Y") -> 71 | W53: 998-90-290-3254 | X53: 성도 | Y53: 입교 | Z53: 우즈베키스탄 | AA53: 한국 | AB53: 경기도 | AC53: 출결제외 | AE53: 150-4기 | AG53: 국내성도
C54: 40 | D54: 00180613-00005 | E54: =SUBTOTAL(103,$Q$15:Q54) -> 40 | F54: 우크라이나(키이우) | G54: 국내_부녀 | H54: 차소연 | I54: 00341026-00033 | J54: 00180613-00005 | K54: 00261114-00053 | L54: x | M54: 4구역 | O54: 임원 | P54: 구역장 | Q54: 0교역 | R54: 이진모 | S54: Ли Джин Мо | T54: 남 | U54: 28737 | V54: =DATEDIF(U54,TODAY(),"Y") -> 47 | W54: 010-7562-1362 | X54: 교역 | Y54: 총회등록 | Z54: 한국 | AA54: 한국 | AG54: 우크라이나(키이우)
C55: 41 | D55: 00261114-00053 | E55: =SUBTOTAL(103,$Q$15:Q55) -> 40 | H55: 차소연 | I55: 00341026-00033 | J55: 00180613-00005 | K55: 00261114-00053 | L55: x | M55: 4구역 | O55: 총무 | P55: 부구역장 | R55: 박지민 | T55: 남 | U55: 31732 | V55: =DATEDIF(U55,TODAY(),"Y") -> 39 | W55: 010-2058-7374 | X55: 교역 | Y55: 총회등록 | AA55: 한국 | AB55: 경기도
C56: 42 | D56: 00311023-00025 | E56: =SUBTOTAL(103,$Q$15:Q56) -> 41 | F56: 국내성도 | G56: 국내_부녀 | H56: 차소연 | I56: 00341026-00033 | J56: 00180613-00005 | K56: 00261114-00053 | L56: x | M56: 4구역 | O56: 구역장 | Q56: 1자문 | R56: 최트로핌 | S56: Цой Трофим | T56: 남 | U56: 19202 | V56: =DATEDIF(U56,TODAY(),"Y") -> 73 | W56: 010-8318-5207 | X56: 집사 | Y56: 총회등록 | Z56: 우즈베키스탄 | AA56: 한국 | AB56: 경기도 | AG56: 국내성도
C57: 43 | D57: 00311023-00026 | E57: =SUBTOTAL(103,$Q$15:Q57) -> 42 | F57: 국내성도 | G57: 국내_부녀 | H57: 차소연 | I57: 00341026-00033 | J57: 00180613-00005 | K57: 00261114-00053 | L57: x | M57: 4구역 | O57: 부구역장 | Q57: 1자문 | R57: 최라리사 | S57: Цой Лариса | T57: 여 | U57: 19466 | V57: =DATEDIF(U57,TODAY(),"Y") -> 72 | W57: 010-8217-5304 | X57: 집사 | Y57: 총회등록 | Z57: 우즈베키스탄 | AA57: 한국 | AB57: 경기도 | AG57: 국내성도
C58: 44 | D58: 00400530-00092 | E58: =SUBTOTAL(103,$Q$15:Q58) -> 43 | F58: 국내성도 | G58: 국내_부녀 | H58: 차소연 | I58: 00341026-00033 | J58: 00180613-00005 | K58: 00261114-00053 | L58: x | M58: 4구역 | Q58: 1자문 | R58: 박모이세이 | S58: Пак Моисей | T58: 남 | U58: 19784 | V58: =DATEDIF(U58,TODAY(),"Y") -> 71 | W58: 010-4074-3821 | X58: 성도 | Y58: 교회등록 | Z58: 우즈베키스탄 | AA58: 한국 | AB58: 경기도 | AE58: 150-4기 | AG58: 국내성도
C59: 45 | D59: 00360830-00342 | E59: =SUBTOTAL(103,$Q$15:Q59) -> 44 | F59: 국내성도 | G59: 국내_부녀 | H59: 차소연 | I59: 00341026-00033 | J59: 00180613-00005 | K59: 00261114-00053 | L59: x | M59: 4구역 | Q59: 3부녀 | R59: 쿠즈올가 | S59: Кузь Ольга | T59: 여 | U59: 22276 | V59: =DATEDIF(U59,TODAY(),"Y") -> 65 | W59: 010-2186-2669 | X59: 성도 | Y59: 총회등록 | Z59: 우크라이나 | AA59: 한국 | AB59: 서울특별시 | AG59: 국내성도
C60: 46 | D60: 00360423-00596 | E60: =SUBTOTAL(103,$Q$15:Q60) -> 45 | F60: 해외개척 | G60: 국내_부녀 | H60: 차소연 | I60: 00341026-00033 | J60: 00180613-00005 | K60: 00261114-00053 | L60: x | M60: 4구역 | Q60: 3부녀 | R60: 강예카테리나 | S60: Кан Екатеринa | T60: 여 | U60: 33959 | V60: =DATEDIF(U60,TODAY(),"Y") -> 33 | W60: 77479550557/010-8088-0311(한국번호) | X60: 성도 | Y60: 입교 | Z60: 카자흐스탄 | AA60: 카자흐스탄 | AB60: 알마티 | AC60: 출결제외 | AD60: 신앙유약 | AG60: 해외개척
C61: 47 | D61: 00281228-00434 | E61: =SUBTOTAL(103,$Q$15:Q61) -> 46 | F61: 국내성도 | G61: 국내_부녀 | H61: 차소연 | I61: 00341026-00033 | J61: 00281228-00434 | K61: 00230828-00053 | L61: x | M61: 5구역 | O61: 구역장 | Q61: 3부녀 | R61: 홍수정 | S61: Хонг Су Жонг | T61: 여 | U61: 29276 | V61: =DATEDIF(U61,TODAY(),"Y") -> 45 | W61: 010-6406-0466 | X61: 집사 | Y61: 총회등록 | Z61: 한국 | AA61: 한국 | AB61: 경기도 | AG61: 국내성도
C62: 48 | D62: 00230828-00053 | E62: =SUBTOTAL(103,$Q$15:Q62) -> 47 | F62: 국내성도 | G62: 국내_부녀 | H62: 차소연 | I62: 00341026-00033 | J62: 00281228-00434 | K62: 00230828-00053 | L62: x | M62: 5구역 | O62: 부구역장 | Q62: 3부녀 | R62: 박소정 | S62: Пак Со Джон | T62: 여 | U62: 30920 | V62: =DATEDIF(U62,TODAY(),"Y") -> 41 | W62: 010-4316-0828 | X62: 집사 | Y62: 총회등록 | Z62: 한국 | AA62: 한국 | AB62: 경기도 | AG62: 국내성도
C63: 49 | D63: 00281224-00735 | E63: =SUBTOTAL(103,$Q$15:Q63) -> 48 | F63: 국내성도 | G63: 국내_부녀 | H63: 차소연 | I63: 00341026-00033 | J63: 00281228-00434 | K63: 00230828-00053 | L63: x | M63: 5구역 | Q63: 3부녀 | R63: 김민정 | S63: Ким мин джонг | T63: 여 | U63: 31780 | V63: =DATEDIF(U63,TODAY(),"Y") -> 39 | W63: 010-7518-8713 | X63: 집사 | Y63: 총회등록 | Z63: 한국 | AA63: 한국 | AB63: 경기도 | AG63: 국내성도
C64: 50 | D64: 00271115-00181 | E64: =SUBTOTAL(103,$Q$15:Q64) -> 49 | F64: 국내성도 | G64: 국내_부녀 | H64: 차소연 | I64: 00341026-00033 | J64: 00281228-00434 | K64: 00230828-00053 | L64: x | M64: 5구역 | O64: 통번역팀장 | Q64: 3부녀 | R64: 김옥사나 | S64: Ким Оксана | T64: 여 | U64: 31700 | V64: =DATEDIF(U64,TODAY(),"Y") -> 39 | W64: 010-5635-1510 | X64: 집사 | Y64: 총회등록 | Z64: 우즈베키스탄 | AA64: 한국 | AB64: 서울특별시 | AG64: 국내성도
C65: 51 | D65: 00280103-00165 | E65: =SUBTOTAL(103,$Q$15:Q65) -> 50 | F65: 국내성도 | G65: 국내_부녀 | H65: 차소연 | I65: 00341026-00033 | J65: 00281228-00434 | K65: 00230828-00053 | L65: x | M65: 5구역 | O65: 교육행정서기 | Q65: 3부녀 | R65: 이지영 | T65: 여 | U65: 30683 | V65: =DATEDIF(U65,TODAY(),"Y") -> 42 | W65: 010-6701-0334 | X65: 집사 | Y65: 총회등록 | Z65: 한국 | AA65: 한국 | AB65: 경기도 | AG65: 국내성도
C66: 52 | D66: 00231212-00123 | E66: =SUBTOTAL(103,$Q$15:Q66) -> 51 | F66: 국내성도 | G66: 국내_부녀 | H66: 차소연 | I66: 00341026-00033 | J66: 00281228-00434 | K66: 00230828-00053 | L66: x | M66: 5구역 | O66: 부서기 | Q66: 3부녀 | R66: 임영선 | T66: 여 | U66: 29107 | V66: =DATEDIF(U66,TODAY(),"Y") -> 46 | W66: 010-7157-2339 | X66: 집사 | Y66: 총회등록 | Z66: 한국 | AA66: 한국 | AB66: 서울특별시 | AG66: 국내성도
C67: 53 | D67: 00371201-00514 | E67: =SUBTOTAL(103,$Q$15:Q67) -> 52 | F67: 국내성도 | G67: 국내_부녀 | H67: 차소연 | I67: 00341026-00033 | J67: 00281228-00434 | K67: 00230828-00053 | L67: x | M67: 5구역 | O67: 부서기 | Q67: 3부녀 | R67: 안소연 | T67: 여 | U67: 29445 | V67: =DATEDIF(U67,TODAY(),"Y") -> 45 | W67: 010-3066-7285 | X67: 집사 | Y67: 총회등록 | Z67: 한국 | AA67: 한국 | AB67: 서울특별시 | AG67: 국내성도
C68: 54 | D68: 00300725-00027 | E68: =SUBTOTAL(103,$Q$15:Q68) -> 53 | F68: 국내성도 | G68: 국내_부녀 | H68: 차소연 | I68: 00341026-00033 | J68: 00281228-00434 | K68: 00230828-00053 | L68: x | M68: 5구역 | Q68: 3부녀 | R68: 김스베틀라나 | S68: Ким Светлана | T68: 여 | U68: 31496 | V68: =DATEDIF(U68,TODAY(),"Y") -> 39 | X68: 집사 | Y68: 총회등록 | Z68: 우크라이나 | AA68: 캐나다 | AB68: 프레더릭턴 | AC68: 출결제외 | AD68: 신앙유약(24-03-08) | AG68: 국내성도
C69: 55 | D69: 00180506-00010 | E69: =SUBTOTAL(103,$Q$15:Q69) -> 54 | F69: 국내성도 | G69: 국내_부녀 | H69: 차소연 | I69: 00341026-00033 | J69: 00180506-00010 | K69: 00280830-00123 | L69: x | M69: 6구역 | O69: 구역장 | P69: 국제부교육부장 | Q69: 3부녀 | R69: 김현진 | T69: 여 | U69: 27958 | V69: =DATEDIF(U69,TODAY(),"Y") -> 49 | W69: 010-2374-8001 | X69: 집사 | Y69: 총회등록 | Z69: 한국 | AA69: 한국 | AB69: 경기도 | AG69: 국내성도
C70: 56 | D70: 00280830-00123 | E70: =SUBTOTAL(103,$Q$15:Q70) -> 55 | F70: 국내성도 | G70: 국내_부녀 | H70: 차소연 | I70: 00341026-00033 | J70: 00180506-00010 | K70: 00280830-00123 | L70: x | M70: 6구역 | O70: 부구역장 | P70: 국제부청년서기 | Q70: 3부녀 | R70: 이수현 | T70: 여 | U70: 30623 | V70: =DATEDIF(U70,TODAY(),"Y") -> 42 | W70: 010-7183-3854 | X70: 집사 | Y70: 총회등록 | Z70: 한국 | AA70: 한국 | AB70: 서울특별시 | AG70: 국내성도
C71: 57 | D71: 00231128-00010 | E71: =SUBTOTAL(103,$Q$15:Q71) -> 56 | F71: 국내성도 | G71: 국내_부녀 | H71: 차소연 | I71: 00341026-00033 | J71: 00180506-00010 | K71: 00280830-00123 | L71: x | M71: 6구역 | Q71: 1자문 | R71: 김완희 | T71: 여 | U71: 19533 | V71: =DATEDIF(U71,TODAY(),"Y") -> 72 | W71: 010-9080-1384 | X71: 집사 | Y71: 총회등록 | Z71: 한국 | AA71: 한국 | AB71: 경기도 | AG71: 국내성도
C72: 58 | D72: 00231009-00031 | E72: =SUBTOTAL(103,$Q$15:Q72) -> 57 | F72: 국내성도 | G72: 국내_부녀 | H72: 차소연 | I72: 00341026-00033 | J72: 00180506-00010 | K72: 00280830-00123 | L72: x | M72: 6구역 | Q72: 3부녀 | R72: 김희영 | T72: 여 | U72: 26302 | V72: =DATEDIF(U72,TODAY(),"Y") -> 54 | W72: 010-8960-7214 | X72: 집사 | Y72: 총회등록 | Z72: 한국 | AA72: 한국 | AB72: 경기도 | AG72: 국내성도
C73: 59 | D73: 00270624-00034 | E73: =SUBTOTAL(103,$Q$15:Q73) -> 58 | F73: 국내성도 | G73: 국내_부녀 | H73: 차소연 | I73: 00341026-00033 | J73: 00180506-00010 | K73: 00280830-00123 | L73: x | M73: 6구역 | Q73: 3부녀 | R73: 유지헌 | T73: 여 | U73: 29493 | V73: =DATEDIF(U73,TODAY(),"Y") -> 45 | W73: 010-9876-7374 | X73: 집사 | Y73: 총회등록 | Z73: 한국 | AA73: 한국 | AB73: 경기도 | AG73: 국내성도
C74: 60 | D74: 00240610-00045 | E74: =SUBTOTAL(103,$Q$15:Q74) -> 59 | F74: 국내성도 | G74: 국내_부녀 | H74: 차소연 | I74: 00341026-00033 | J74: 00180506-00010 | K74: 00280830-00123 | L74: x | M74: 6구역 | Q74: 3부녀 | R74: 정희정 | T74: 여 | U74: 28181 | V74: =DATEDIF(U74,TODAY(),"Y") -> 48 | W74: 010-3590-6766 | X74: 집사 | Y74: 총회등록 | Z74: 한국 | AA74: 한국 | AB74: 경기도 | AG74: 국내성도
C75: 61 | D75: 00230515-00016 | E75: =SUBTOTAL(103,$Q$15:Q75) -> 60 | F75: 국내성도 | G75: 국내_부녀 | H75: 차소연 | I75: 00341026-00033 | J75: 00180506-00010 | K75: 00280830-00123 | L75: x | M75: 6구역 | Q75: 3부녀 | R75: 이은정 | T75: 여 | U75: 30002 | V75: =DATEDIF(U75,TODAY(),"Y") -> 43 | W75: 010-3246-7458 | X75: 집사 | Y75: 총회등록 | Z75: 한국 | AA75: 한국 | AB75: 경기도 | AG75: 국내성도
C76: 62 | D76: 00360830-00341 | E76: =SUBTOTAL(103,$Q$15:Q76) -> 61 | F76: 국내성도 | G76: 국내_부녀 | H76: 차소연 | I76: 00341026-00033 | J76: 00360830-00341 | K76: x | L76: x | M76: 7구역 | O76: 구역장 | Q76: 3부녀 | R76: 한엘자 | S76: Хан Эльза | T76: 여 | U76: 20944 | V76: =DATEDIF(U76,TODAY(),"Y") -> 68 | W76: 010-8939-1957 | X76: 집사 | Y76: 총회등록 | Z76: 우즈베키스탄 | AA76: 한국 | AB76: 서울특별시 | AG76: 국내성도
C77: 63 | D77: 00410822-00001 | E77: =SUBTOTAL(103,$Q$15:Q77) -> 62 | F77: 국내성도 | G77: 국내_부녀 | H77: 차소연 | I77: 00341026-00033 | J77: 00360830-00341 | K77: x | L77: x | M77: 7구역 | N77: 새신자 | Q77: 3부녀 | R77: 박스베틀라나발레리야노브나 | S77: Pak Svetlana Valerlyanovna | T77: 여 | U77: 23254 | V77: =DATEDIF(U77,TODAY(),"Y") -> 62 | W77: 010-4766-1953 | X77: 성도 | Y77: 입교 | Z77: 우즈베키스탄 | AA77: 한국 | AE77: 155기
C78: 64 | D78: 00410822-01058 | E78: =SUBTOTAL(103,$Q$15:Q78) -> 63 | F78: 해외개척 | G78: 국내_부녀 | H78: 차소연 | I78: 00341026-00033 | J78: 00360830-00341 | K78: x | L78: x | M78: 7구역 | N78: 새신자 | Q78: 3부녀 | R78: 토포로브스카야류드밀라 | S78: Топоровская Людмила Александровна | T78: 여 | U78: 22122 | V78: =DATEDIF(U78,TODAY(),"Y") -> 65 | W78: 7-962-121-0324 | X78: 성도 | Y78: 입교 | Z78: 러시아 | AA78: 러시아 | AB78: 사할린 | AE78: 155-3기
C79: 65 | D79: 00410822-01063 | E79: =SUBTOTAL(103,$Q$15:Q79) -> 64 | F79: 해외개척 | G79: 국내_부녀 | H79: 차소연 | I79: 00341026-00033 | J79: 00360830-00341 | K79: x | L79: x | M79: 7구역 | N79: 새신자 | Q79: 3부녀 | R79: 바그뉵나탈리야이바노브나 | S79: Багнюк Наталья Ивановна | T79: 여 | U79: 23214 | V79: =DATEDIF(U79,TODAY(),"Y") -> 62 | W79: 7-901-937-1421 | X79: 성도 | Y79: 입교 | Z79: 러시아 | AA79: 러시아 | AB79: 사할린 | AE79: 155-3기
C80: 66 | D80: 00410822-01066 | E80: =SUBTOTAL(103,$Q$15:Q80) -> 65 | F80: 해외개척 | G80: 국내_부녀 | H80: 차소연 | I80: 00341026-00033 | J80: 00360830-00341 | K80: x | L80: x | M80: 7구역 | N80: 새신자 | Q80: 3부녀 | R80: 도로페예바올가이바노브나 | S80: Дорофеева Ольга Ивановна | T80: 여 | U80: 24232 | V80: =DATEDIF(U80,TODAY(),"Y") -> 59 | W80: 7-950-589-3071 | X80: 성도 | Y80: 입교 | Z80: 러시아 | AA80: 러시아 | AB80: 케메로보 | AE80: 155-3기
C81: 67 | D81: 00350330-00205 | E81: =SUBTOTAL(103,$Q$15:Q81) -> 66 | F81: 국내성도 | G81: 국내_청년 | H81: 자카르첸코마리야 | I81: 00281224-00735 | J81: 00350330-00205 | K81: 00291224-00082 | L81: x | M81: 1구역 | O81: 총서기 | P81: 구역장 | Q81: 4청년 | R81: 이시우 | S81: Ли Щи У | T81: 여 | U81: 31799 | V81: =DATEDIF(U81,TODAY(),"Y") -> 39 | W81: 010-4552-5245 | X81: 문도 | Y81: 총회등록 | Z81: 한국 | AA81: 한국 | AB81: 서울특별시 | AG81: 국내성도
C82: 68 | D82: 00291224-00082 | E82: =SUBTOTAL(103,$Q$15:Q82) -> 67 | F82: 국내성도 | G82: 국내_청년 | H82: 자카르첸코마리야 | I82: 00310314-00231 | J82: 00350330-00205 | K82: 00291224-00082 | L82: x | M82: 1구역 | O82: 부구역장 | Q82: 4청년 | R82: 박지호 | T82: 남 | U82: 33136 | V82: =DATEDIF(U82,TODAY(),"Y") -> 35 | W82: 010-9057-2977 | X82: 문도 | Y82: 총회등록 | Z82: 한국 | AA82: 한국 | AB82: 경기도 | AG82: 국내성도
C83: 69 | D83: 00361031-00488 | E83: =SUBTOTAL(103,$Q$15:Q83) -> 68 | F83: 국내성도 | G83: 국내_청년 | H83: 자카르첸코마리야 | I83: 00310314-00231 | J83: 00350330-00205 | K83: 00291224-00082 | L83: x | M83: 1구역 | O83: 새신자구역장 | Q83: 4청년 | R83: 주마리나 | S83: Дюгай Марина | T83: 여 | U83: 33947 | V83: =DATEDIF(U83,TODAY(),"Y") -> 33 | W83: 010-9287-0992 | X83: 문도 | Y83: 총회등록 | Z83: 우즈베키스탄 | AA83: 한국 | AB83: 경기도 | AG83: 국내성도
C84: 70 | D84: 00371218-00468 | E84: =SUBTOTAL(103,$Q$15:Q84) -> 69 | F84: 국내성도 | G84: 국내_청년 | H84: 자카르첸코마리야 | I84: 00310314-00231 | J84: 00350330-00205 | K84: 00291224-00082 | L84: x | M84: 1구역 | Q84: 4청년 | R84: 김따띠야나게오르게브나 | S84: Ким Татьяна | T84: 여 | U84: 33488 | V84: =DATEDIF(U84,TODAY(),"Y") -> 34 | W84: 010-4390-0907 | X84: 문도 | Y84: 총회등록 | Z84: 우즈베키스탄 | AA84: 한국 | AB84: 경기도 | AG84: 국내성도
C85: 71 | D85: 00350330-00155 | E85: =SUBTOTAL(103,$Q$15:Q85) -> 70 | F85: 국내성도 | G85: 국내_청년 | H85: 자카르첸코마리야 | I85: 00310314-00231 | J85: 00350330-00205 | K85: 00291224-00082 | L85: x | M85: 1구역 | O85: 새신자팀장 | Q85: 4청년 | R85: 배알리나 | S85: Бе Алина | T85: 여 | U85: 34403 | V85: =DATEDIF(U85,TODAY(),"Y") -> 31 | W85: 010-6370-4971 | X85: 문도 | Y85: 총회등록 | Z85: 러시아 | AA85: 한국 | AB85: 서울특별시 | AG85: 국내성도
C86: 72 | D86: 00361105-00044 | E86: =SUBTOTAL(103,$Q$15:Q86) -> 71 | F86: 국내성도 | G86: 국내_청년 | H86: 자카르첸코마리야 | I86: 00310314-00231 | J86: 00350330-00205 | K86: 00291224-00082 | L86: x | M86: 1구역 | P86: 국제부서무 | Q86: 4청년 | R86: 이정주 | T86: 여 | U86: 34867 | V86: =DATEDIF(U86,TODAY(),"Y") -> 30 | W86: 010-4940-5463 | X86: 문도 | Y86: 총회등록 | Z86: 일본 | AA86: 한국 | AB86: 서울특별시 | AG86: 국내성도
C87: 73 | D87: 00350330-00154 | E87: =SUBTOTAL(103,$Q$15:Q87) -> 71 | G87: 국내_청년 | H87: 자카르첸코마리야 | I87: 00310314-00231 | J87: 00350330-00205 | K87: 00291224-00082 | L87: x | M87: 1구역 | O87: 팀장 | P87: 구역장 | R87: 스미르노바예브게니야 | S87: Смирнова Евгения | T87: 여 | U87: 33065 | V87: =DATEDIF(U87,TODAY(),"Y") -> 35 | W87: 010-6654-0035 | X87: 문도 | Y87: 총회등록 | Z87: 러시아 | AA87: 한국 | AB87: 서울특별시 | AC87: 중복
C88: 74 | D88: 00340624-00332 | E88: =SUBTOTAL(103,$Q$15:Q88) -> 72 | F88: 국내성도 | G88: 국내_청년 | H88: 자카르첸코마리야 | I88: 00310314-00231 | J88: 00350330-00205 | K88: 00291224-00082 | L88: x | M88: 1구역 | Q88: 4청년 | R88: 임리아나 | S88: Лим Лиана | T88: 여 | U88: 32584 | V88: =DATEDIF(U88,TODAY(),"Y") -> 36 | W88: 010-5912-7937 | X88: 문도 | Y88: 총회등록 | Z88: 우즈베키스탄 | AA88: 한국 | AB88: 경기도 | AC88: 출결제외 | AD88: 신앙유약 | AG88: 국내성도
C89: 75 | D89: 00301028-00371 | E89: =SUBTOTAL(103,$Q$15:Q89) -> 73 | F89: 국내성도 | G89: 국내_청년 | H89: 자카르첸코마리야 | I89: 00310314-00231 | J89: 00301028-00371 | K89: 00340624-00331 | L89: x | M89: 2구역 | O89: 지역장 | P89: 구역장 | Q89: 4청년 | R89: 진실혜 | S89: Чжин Щиль Хе | T89: 여 | U89: 31978 | V89: =DATEDIF(U89,TODAY(),"Y") -> 38 | W89: 010-2949-9771 | X89: 문도 | Y89: 총회등록 | Z89: 한국 | AA89: 한국 | AB89: 서울특별시 | AG89: 국내성도
C90: 76 | D90: 00340624-00331 | E90: =SUBTOTAL(103,$Q$15:Q90) -> 74 | F90: 국내성도 | G90: 국내_청년 | H90: 자카르첸코마리야 | I90: 00310314-00231 | J90: 00301028-00371 | K90: 00340624-00331 | L90: x | M90: 2구역 | O90: 부구역장 | Q90: 4청년 | R90: 한올가 | S90: Хан Ольга | T90: 여 | U90: 32578 | V90: =DATEDIF(U90,TODAY(),"Y") -> 36 | W90: 010-3012-6255 | X90: 문도 | Y90: 총회등록 | Z90: 러시아 | AA90: 한국 | AB90: 서울특별시 | AG90: 국내성도
C91: 77 | D91: 00300823-00110 | E91: =SUBTOTAL(103,$Q$15:Q91) -> 75 | F91: 국내성도 | G91: 국내_청년 | H91: 자카르첸코마리야 | I91: 00310314-00231 | J91: 00301028-00371 | K91: 00340624-00331 | L91: x | M91: 2구역 | Q91: 4청년 | R91: 김올가 | S91: Ким Ольга | T91: 여 | U91: 33222 | V91: =DATEDIF(U91,TODAY(),"Y") -> 35 | W91: 010-2206-1590 | X91: 문도 | Y91: 총회등록 | Z91: 우즈베키스탄 | AA91: 한국 | AB91: 서울특별시 | AC91: 출결제외 | AD91: 신앙유약(41/3/27) | AG91: 국내성도
C92: 78 | D92: 00301028-00336 | E92: =SUBTOTAL(103,$Q$15:Q92) -> 76 | F92: 국내성도 | G92: 국내_청년 | H92: 자카르첸코마리야 | I92: 00310314-00231 | J92: 00301028-00371 | K92: 00340624-00331 | L92: x | M92: 2구역 | Q92: 4청년 | R92: 남마르가리따 | S92: Нам Маргарита | T92: 여 | U92: 32025 | V92: =DATEDIF(U92,TODAY(),"Y") -> 38 | W92: 010-9291-9908 | X92: 문도 | Y92: 총회등록 | Z92: 우즈베키스탄 | AA92: 한국 | AB92: 서울특별시 | AC92: 출결제외 | AD92: 신앙유약 | AG92: 국내성도
C93: 79 | D93: 00330526-00005 | E93: =SUBTOTAL(103,$Q$15:Q93) -> 77 | F93: 해외개척 | G93: 국내_청년 | H93: 자카르첸코마리야 | I93: 00310314-00231 | J93: 00301028-00371 | K93: 00340624-00331 | L93: x | M93: 2구역 | Q93: 4청년 | R93: 한블라디슬라브 | S93: Хан Владислав | T93: 남 | U93: 33674 | V93: =DATEDIF(U93,TODAY(),"Y") -> 33 | W93: 010-7696-1311 | X93: 문도 | Y93: 총회등록 | Z93: 우즈베키스탄 | AA93: 카자흐스탄 | AB93: 알마티 | AC93: 출결제외 | AD93: 신앙유약 | AG93: 해외개척
C94: 80 | D94: 00301028-00378 | E94: =SUBTOTAL(103,$Q$15:Q94) -> 78 | F94: 국내성도 | G94: 국내_청년 | H94: 자카르첸코마리야 | I94: 00310314-00231 | J94: 00301028-00371 | K94: 00340624-00331 | L94: x | M94: 2구역 | Q94: 4청년 | R94: 안혜림 | S94: Ан Хе Рим | T94: 여 | U94: 34352 | V94: =DATEDIF(U94,TODAY(),"Y") -> 32 | W94: 010-4629-4668 | X94: 문도 | Y94: 총회등록 | Z94: 한국 | AA94: 한국 | AB94: 서울특별시 | AC94: 출결제외 | AD94: 신앙유약 | AG94: 국내성도
C95: 81 | D95: 00310314-00231 | E95: =SUBTOTAL(103,$Q$15:Q95) -> 79 | F95: 국내성도 | G95: 국내_청년 | H95: 자카르첸코마리야 | I95: 00310314-00231 | J95: 00310314-00231 | K95: x | L95: x | M95: 3구역 | O95: 청년회팀장 | P95: 구역장 | Q95: 4청년 | R95: 자카르첸코마리야 | S95: Захарченко Мария | T95: 여 | U95: 34746 | V95: =DATEDIF(U95,TODAY(),"Y") -> 30 | W95: 010-4467-2226 | X95: 문도 | Y95: 총회등록 | Z95: 우크라이나 | AA95: 한국 | AB95: 서울특별시 | AG95: 국내성도
C96: 82 | D96: 00350820-00002 | E96: =SUBTOTAL(103,$Q$15:Q96) -> 80 | F96: 러시아(모스크바) | G96: 국내_청년 | H96: 자카르첸코마리야 | I96: 00310314-00231 | J96: 00310314-00231 | K96: x | L96: x | M96: 3구역 | Q96: 4청년 | R96: 똔키흐발레리야 | S96: Тонких Валерия | T96: 여 | U96: 34094 | V96: =DATEDIF(U96,TODAY(),"Y") -> 32 | W96: 79299344309 | X96: 문도 | Y96: 총회등록 | Z96: 러시아 | AA96: 러시아 | AB96: 모스크바 | AF96: 2 (정상2, 사고0) | AG96: 러시아(모스크바)
C97: 83 | D97: 00361031-00489 | E97: =SUBTOTAL(103,$Q$15:Q97) -> 81 | F97: 러시아(모스크바) | G97: 국내_청년 | H97: 자카르첸코마리야 | I97: 00310314-00231 | J97: 00310314-00231 | K97: x | L97: x | M97: 3구역 | O97: 새신자구역장 | Q97: 4청년 | R97: 스테파노바아나스타시야 | S97: Степанова Анастасия | T97: 여 | U97: 35604 | V97: =DATEDIF(U97,TODAY(),"Y") -> 28 | W97: (+7 982)7556271/카톡: SteyshaVaughan | X97: 문도 | Y97: 총회등록 | Z97: 러시아 | AA97: 러시아 | AB97: 예카테린부르크 | AF97: 8 (정상8, 사고0) | AG97: 러시아(모스크바)
C98: 84 | D98: 00371218-00473 | E98: =SUBTOTAL(103,$Q$15:Q98) -> 82 | F98: 우크라이나(키이우) | G98: 국내_청년 | H98: 자카르첸코마리야 | I98: 00310314-00231 | J98: 00310314-00231 | K98: x | L98: x | M98: 3구역 | Q98: 4청년 | R98: 포보로즈뉴크드므트로올렉산드로브츠 | S98: Дмитрий Поворознюк | T98: 남 | U98: 44180 | V98: =DATEDIF(U98,TODAY(),"Y") -> 5 | W98: 380988779801 | X98: 성도 | Y98: 총회등록 | Z98: 우크라이나 | AA98: 우크라이나 | AB98: 키예프 | AF98: 5 (정상5, 사고0) | AG98: 우크라이나(키이우)
C99: 85 | D99: 00390826-00077 | E99: =SUBTOTAL(103,$Q$15:Q99) -> 83 | F99: 우크라이나(키이우) | G99: 국내_청년 | H99: 자카르첸코마리야 | I99: 00310314-00231 | J99: 00310314-00231 | K99: x | L99: x | M99: 3구역 | O99: 새신자부구역장 | Q99: 4청년 | R99: 멜느크세르기발레리요브츠 | S99: Мельник Сергій Валерійович | T99: 남 | U99: 36083 | V99: =DATEDIF(U99,TODAY(),"Y") -> 27 | W99: 38-068-345-4752 | X99: 문도 | Y99: 총회등록 | Z99: 우크라이나 | AA99: 체코 | AB99: 믈라다볼레슬라프 | AE99: 147-1기 | AF99: 4 (정상4, 사고0) | AG99: 우크라이나(키이우)
C100: 86 | D100: 00371218-00471 | E100: =SUBTOTAL(103,$Q$15:Q100) -> 84 | F100: 국내성도 | G100: 국내_청년 | H100: 자카르첸코마리야 | I100: 00310314-00231 | J100: 00310314-00231 | K100: x | L100: x | M100: 3구역 | Q100: 4청년 | R100: 박알리나루슬라노브나 | S100: Пак Алина | T100: 여 | U100: 43861 | V100: =DATEDIF(U100,TODAY(),"Y") -> 5 | W100: 010-9757-3012 | X100: 문도 | Y100: 총회등록 | Z100: 카자흐스탄 | AA100: 한국 | AB100: 서울특별시 | AG100: 국내성도
...

Sheet 취합 마스터 파일 가이드
B2: 취합 마스터 파일 | C2: 주의!! 인원 기준이 아닌 구역 기준으로 지역/팀/팀장 표기 !!!
B3: 번호 | C3: 단순 일련번호, 팀과 구역 순서로 부여된 번호 | E3: CUST_ID | F3: 국가코드 | G3: 부여코드 | K3: 행정마스터 파일이란?
B4: CUST_ID (임의 변경하지 말 것) | C4: ① 코드 부여 기준: 국가코드 2자리 +숫자 4자리 = 6자리 (주의!! 임의 변경하지 말 것) | E4: 크림반도 | F4: Crimean Pen | G4: CP | K4: - 모든 지역의 데이터취합에 기본이되는 중심축
C5: ② 지역별 고유번호 순서(00230101-00101)로 CUST_ID를 부여한다. | E5: 러시아 | F5: RUsia | G5: RU | K5: - 성도님들의 정보관리 용이
C6: ③ 한번 부여된 번호는 재사용 X | E6: 카자흐스탄 | F6: KaZakhstan | G6: KZ
C7: ④ 지역 이동 후 재이동시 기존 사용했던 CUST_ID가 있더라도 재사용하지 않고, 새로 부여한다. | E7: 우크라이나 | F7: UKraina | G7: UK
C8: ⑤ 인원 중 파견된 지역으로 소속된 구역이 두군데 이상일 경우 | E8: 우즈베키스탄 | F8: UZbekistan | G8: UZ
C9: → 부여된 CUST_ID 앞 "중복"언더바 표기 EX> 중복_CP1001 | E9: 한국 | F9: KoRea | G9: KR
B10: 인원수 | C10: 함수: SUBTOTAL(103,$M$12:M12) $M$12→ 이름셀 절대참조: M12 →이름셀 상대참조 | E10: 해외개척 | F10: NEW | G10: NW
B11: 지역 | C11: 40(2023).08.17 기준
C12: ① 국내성도/해외개척/러시아지역/카자흐스탄(알마티) 4군데만 그 외 없음
B13: 팀 | C13: ① 국내성도 - 장년구역1개, 부녀3구역,청년3구역, 국내거주자 중 새신자 팀에 편성된 인원일부 구성
C14: ② 해외개척 - 러시아, 카자흐스탄 지역 이동 전 편성된 새신자 구역 (?)
C15: ③ 러시아 - 크림반도, 우즈베키스탄, 우크라이나로 구성
C16: (※ 40(2023)08.20 기준 카자흐스탄→ 카자흐스탄 알마티로 전원이동)
C17: ④ 카자흐스탄 알마티
B18: 팀장 | C18: 크림공화국: 이다리야A / 러시아: 스미르노바예브게니야 / 우즈베키스탄: 박류드밀라
C19: 우크라이나: 자카흐첸코마리아 카자흐스탄: 기블레르마리나
C20: 국내팀장: 김세진 / 새신자 팀장: 배알리나
B21: 구역 | C21: 해외의 경우 숫자로 표기: 1구역/2구역
C22: 국내의 경우 부서+숫자: 장년1구역/ 부녀1구역
C23: 구역장이 겸임하는 다른 구역 표기 X
B24: 새신자 | C24: : 입교후 1년 이내 인원
B25: 직책 | C25: ① 중복된 구역이 있을 경우 실제 구역장 사명 역할을 하는 구역에만 직책표기 주의!
C26: (중복된 구역 모두 사명 기재시 직책 필터링 시 계수 불일치
C27: ② 두 구역이상 구역장의 경우 : 겸임 직책은 '/' 이어 표기
C28: ③ 직책명:
C29: EX 새신자 구역장 2구역/러시아1구역장, 구역장/청년회새신자팀장
B30: 부서 | C30: ① 타 지역 파견된 인원은 사명자의 직책이 있더라도 인원 계수는 소속된 지역의 부서별 인원으로 계수한다
C31: 부서명 표기된 인원으로 계수하기 위함
C32: 예시 : 러시아 구역 구역원 - 부서명 표기/ 새신자구역 구역장 - 부서명 미표기 ∴
C33: ② 자문/장년/부녀/청년/학생/교역 셀 색상 조건부 서식으로 지정
B34: 이름(KR) | C34: 한국 이름은 띄어쓰기 X
B35: 이름(RU) | C35: 러어 이름과 성 띄어쓰기
B36: 성별 | C36: 남/여 만 기입할것
B37: 생년월일 | C37: YYYY-MM-DD 형식 반드시 지킬것
B38: (만)나이 | C38: 함수 DATEDIF(O12,TODAY(),"y") O12: 생년월일셀
B39: 고유번호 | C39: 8자리-5자리 EX> 00300725-00026
B40: 직분 | C40: 문도/성도/집사/교역자 만 입력할 것
B41: 등록상태 | C41: 입교/교회등록/총회등록 만 입력할 것

Sheet 참고조직도 12월
AE2: 요한지파 과천교회 국제부 CIS & 해외선교부 러시아어권지역 조직도
AU4: 2024.10.10 기준
AG6: CIS지역 & 러시아지역
AB7: CIS 지역 | AG7: 부장 | AH7: 이진모 | AM7: 러시아지역&카자흐스탄알마티,우크라이나키이우
AB8: 총무 | AD8: 박지민 | AM8: 총서무 | AP8: 이시우
AB9: 지역장 | AD9: 진실혜 | AM9: 부서기/서무 | AP9: 임영선
AB10: 총서기 | AD10: 이시우 | AM10: 부서기/서무 | AP10: 안소연
AB11: 회계 | AD11: 이난희
Z14: 전도과장 | AA14: 진실혜 | AC14: 교육과장 | AD14: 박지호 | AM14: 섭외과장 | AP14: 이시우 | AR14: 문화과장 | AS14: 박지호 | AU14: 센터서무 | AV14: 박소정
Z15: 전도서기 | AA15: 최유담 | AC15: 교육서기 | AD15: 이지영 | AM15: 신앙관리과장 | AP15: 안윤희 | AR15: 온라인컨텐츠과장 | AS15: 스미르노바예브게니야 | AU15: 센터부서무 | AV15: 김형구
Z16: 전도서기 | AA16: 명민수 | AC16: 교육과운영서기 | AD16: 최지선 | AM16: 신앙관리과서기 | AP16: 이은지 | AR16: 기획과장 | AS16: 김요환 | AU16: 센터부서무 | AV16: 정재홍
Z17: 전도서기 | AA17: 이수지 | AC17: 교육과운영서기 | AD17: 차성숙 | AR17: 통번역과장 | AS17: 김옥사나
AC18: 교육과부서기 | AD18: 김지연
AC19: 교육과부서기 | AD19: 김효정
AD23: CIS 국내
AG26: 국내거주
AG27: 장년팀장: 김세진 & 부녀팀장: 차소연 & 청년팀장:자카르첸코마리야
W30: 장: CIS01 | X30: =COUNTA(X31:X43) -> 8 | Z30: 부: CIS01 | AA30: =COUNTA(AA31:AA41) -> 5 | AC30: 부: CIS02 | AD30: =COUNTA(AD31:AD41) -> 7 | AF30: 자: CIS01 부: CIS03 | AG30: =COUNTA(AG31:AG43) -> 13 | AI30: 부: CIS04 | AJ30: =COUNTA(AJ31:AJ41) -> 4 | AL30: 부: CIS05 | AM30: =COUNTA(AM31:AM41) -> 8 | AO30: 부: CIS06 | AP30: =COUNTA(AP31:AP41) -> 7 | AR30: 부: CIS07 | AS30: =COUNTA(AS31:AS41) -> 2 | AU30: 청: CIS01 | AV30: =COUNTA(AV31:AV41) -> 7 | AX30: 청: CIS02 | AY30: =COUNTA(AY31:AY41) -> 5 | BA30: 청: CIS03 | BB30: =COUNTA(BB31:BB41) -> 2 | BD30: 청장: CIS04 | BE30: =COUNTA(BE31:BE43) -> 5 | BM30: 파견 | BN30: =COUNTA(BN31:BN43) -> 11
W31: 김세진 | X31: 장년 | Z31: 최승미 | AA31: 부녀 | AB31: 구역장 | AC31: 김예카테리나 | AD31: 부녀 | AE31: 구역장 | AF31: 차소연 | AG31: 부녀 | AH31: 구역장 | AI31: 이진모 | AK31: 구역장 | AL31: 홍수정 | AM31: 부녀 | AN31: 구역장 | AO31: 김현진 | AP31: 부녀 | AQ31: 구역장 | AR31: 한엘자 | AS31: 부녀 | AT31: 구역장 | AU31: 이시우 | AV31: 청년 | AW31: 구역장 | AX31: 진실혜 | AY31: 청년 | AZ31: 구역장 | BA31: 자카르첸코마리야 | BB31: 청년 | BC31: 구역장 | BD31: 김세르게이발레리예비치 | BE31: 청년 | BM31: 김요환(22.04) | BN31: 사당
W32: 허드미트리 | X32: 장년 | Y32: 구역장 | Z32: 정갈리나 | AA32: 부녀 | AB32: 부구역장 | AC32: 문발레리야 | AD32: 부녀 | AE32: 부구역장 | AF32: 굴나라사드코바 | AG32: 부녀 | AH32: 부구역장 | AI32: 박지민 | AL32: 박소정 | AM32: 부녀 | AN32: 부구역장 | AO32: 이수현 | AP32: 부녀 | AQ32: 부구역장 | AR32: 박스베틀라나발레리야노브나 | AS32: 부녀 | AU32: 박지호 | AV32: 청년 | AW32: 부구역장 | AX32: 한올가 | AY32: 청년 | AZ32: 부구역장 | BA32: 박알리나루슬라노브나 | BB32: 청년 | BD32: 주유리 | BE32: 청년 | BM32: 최유담(22.12.22) | BN32: 약수
W33: 이드미트리 | X33: 장년 | Y33: 부구역장 | Z33: 최릴리야 | AA33: 부녀 | AC33: 칸타코바안나일리니치나 | AD33: 부녀 | AF33: 이이리나라디오노브나 | AG33: 부녀 | AH33: 부구역장 | AI33: 최트로핌 | AJ33: 자문 | AL33: 김민정 | AM33: 부녀 | AO33: 김완희 | AP33: 자문 | AR33: 토포로브스카야류드밀라 | AU33: 주마리나 | AV33: 청년 | AX33: 🔺김올가 | AY33: 청년 | BA33: 틴옐레나비탈리예브나 | BD33: 손이고르아루투로비치 | BE33: 청년 | BM33: 명민수(23.01.05) | BN33: 군포
W34: 박뱌체슬라브 | X34: 장년 | Z34: 박옐레나 | AA34: 부녀 | AC34: 최유나 | AD34: 부녀 | AF34: 김류드밀라 | AG34: 자문 | AI34: 최라리사 | AJ34: 자문 | AL34: 김옥사나 | AM34: 부녀 | AO34: 김희영 | AP34: 부녀 | AR34: 바그뉵나탈리야이바노브나 | AU34: 배알리나 | AV34: 청년 | AX34: 🔺남마르가리따 | AY34: 청년 | BA34: 똔키흐발레리야 | BD34: 🔺김예브게니알렉산드로비치 | BE34: 청년 | BM34: 김효정(23.06.20) | BN34: 서울역
W35: 한세묜세묘노비치 | X35: 장년 | Z35: 🔺엘리나바투크흐티나 | AA35: 부녀 | AC35: 정류드밀라 | AD35: 부녀 | AF35: 주숙자 | AG35: 부녀 | AI35: 박모이세이 | AJ35: 자문 | AL35: 이지영 | AM35: 부녀 | AN35: 부구역장 | AO35: 유지헌 | AP35: 부녀 | AR35: 도로페예바올가이바노브나 | AU35: 김따띠야나게오르게브나 | AV35: 청년 | AX35: 🔺안혜림 | AY35: 청년 | BA35: 포보로즈뉴크드므트로올렉산드로브츠 | BD35: 🔺강파벨 | BE35: 청년 | BM35: 김형구(23.05.01) | BN35: 신사
W36: 오가이디미트리 | X36: 장년 | AC36: 🔺한옐레나 | AD36: 부녀 | AF36: 박이리나빅토로브나 | AG36: 부녀 | AI36: 쿠즈올가 | AJ36: 부녀 | AL36: 임영선 | AM36: 부녀 | AO36: 정희정 | AP36: 부녀 | AU36: 이정주 | AV36: 청년 | AX36: 🔺한블라디슬라브 | BA36: 멜느크세르기발레리요브츠 | BM36: 정재홍(23.05.01) | BN36: 안양
W37: 강블라디미르파블로비치 | X37: 장년 | AC37: 🔺이다리야B | AD37: 부녀 | AF37: 이소피아 | AG37: 부녀 | AI37: 🔺강예카테리나 | AL37: 안소연 | AM37: 부녀 | AO37: 이은정 | AP37: 부녀 | AU37: 스미르노바예브게니야 | BM37: 이난희 | BN37: 안양
W38: 김에두아르드 | AF38: 리알렉시나블라딜레노브나 | AG38: 청년 | AL38: 🔺김스베틀라나 | AM38: 부녀 | AU38: 🔺임리아나 | AV38: 청년 | BM38: 김지연 | BN38: 안양
W39: 🔺박드미트리 | X39: 장년 | AF39: 두드키나스베트라나 | AG39: 부녀 | BM39: 이수지 | BN39: 안양
AF40: 🔺리스베틀라나아나톨리예브나 | AG40: 부녀 | BM40: 안윤희 | BN40: 군포
AF41: 🔺이림마니콜라예브나 Ли Римма Николаевна | AG41: 자문 | BM41: 이은지 | BN41: 인덕원
AF42: 박인가니콜라예브나 | AG42: 자문
AF43: 출리나율리야그리고리예브나 | AG43: 부녀
AC46: 해외선교부
BM47: 우크라이나키이우지역 | CR47: 카자흐스탄알마티지역 | DG47: 카자흐스탄악토베지역
H51: 러시아크림공화국 팀장: 이다리야A | AC51: 러시아 모스크바지역 해외지역 강사: | AX51: 우즈베키스탄(타슈켄트) 팀장: 박류드밀라 | BN51: 강사: 이진모 | BT51: 우크라이나 새신자3팀 | CS51: 카자흐스탄팀장: 기블레르마리나 | DI51: 팀장:후사이노바베라
H52: 통역: 배알리나 | R52: =SUM(F55,I55,L55,O55) -> 25 | AX52: 통역: 배알리나 | BN52: 팀장: 자카르첸코마리야 | BT52: 우크라이나청년새신자팀장: 자카르첸코마리야 | CS52: 통역:
AJ54: c
E55: (크림반도) 사명자구역 CIS01 | F55: =COUNTA(F56:F64) -> 9 | H55: (크림반도) CIS02 | I55: =COUNTA(I56:I63) -> 5 | K55: (크림반도) CIS03 | L55: =COUNTA(L56:L62) -> 6 | N55: (크림반도) CIS04 | O55: =COUNTA(O56:O62) -> 5 | Q55: (크림반도) 사랑구역 CIS05 | R55: 8 | W55: (러시아) CIS01 | X55: =COUNTA(X56:X63) -> 5 | Z55: (러시아) CIS02 | AA55: =COUNTA(AA56:AA62) -> 6 | AC55: (러시아) CIS03 | AD55: 13 | AF55: (러시아) CIS04 | AG55: =COUNTA(AG56:AG68) -> 8 | AI55: (러시아) CIS05 | AJ55: =COUNTA(AJ56:AJ66) -> 7 | AL55: (러시아) CIS06 | AM55: =COUNTA(AM56:AM66) -> 6 | AO55: (러시아) 신앙관리구역 | AP55: =COUNTA(AP56:AP73) -> 8 | AU55: 우즈베키스탄(타슈켄트) CIS01 | AV55: =COUNTA(AV56:AV66) -> 7 | AX55: 우즈베키스탄(타슈켄트) 사명자 CIS02 | AY55: =COUNTA(AY56:AY66) -> 3 | BA55: 우즈베키스탄(타슈켄트) CIS03 | BB55: 5 | BD55: 새 : CIS15=>3 | BE55: =COUNTA(BE56:BE66) -> 5 | BM55: (우크라이나) CIS01 | BN55: =COUNTA(BN56:BN65) -> 7 | BP55: (우크라이나) CIS02 | BQ55: =COUNTA(BQ56:BQ65) -> 5 | BS55: 새 : CIS4 | BT55: =COUNTA(BT56:BT73) -> 16 | BV55: 새 : CIS5 | BW55: =COUNTA(BW56:BW73) -> 15 | BY55: 새 : CIS11 | BZ55: =COUNTA(BZ56:BZ70) -> 11 | CB55: 새 : CIS13 | CC55: =COUNTA(CC56:CC66) -> 9 | CK55: (카자흐스탄) CIS01 | CL55: =COUNTA(CL56:CL63) -> 6 | CN55: (카자흐스탄) CIS02 | CO55: =COUNTA(CO56:CO63) -> 3 | CQ55: (카자흐스탄) CIS03 | CR55: =COUNTA(CR56:CR63) -> 7 | CT55: (카자흐스탄) CIS04 | CU55: =COUNTA(CU56:CU63) -> 6 | CW55: (카자흐스탄) CIS05 | CX55: =COUNTA(CX56:CX66) -> 10 | CZ55: (카자흐스탄) 사명자구역 CIS06 | DA55: =COUNTA(DA56:DA66) -> 7 | DF55: (카자흐스탄) 사명자구역 CIS01 | DG55: =COUNTA(DG56:DG63) -> 5 | DI55: (카자흐스탄) CIS02 | DJ55: =COUNTA(DJ56:DJ63) -> 6 | DL55: (카자흐스탄) CIS03 | DM55: =COUNTA(DM56:DM63) -> 6 | DO55: 새 : CIS04 | DP55: =COUNTA(DP56:DP69) -> 13
E56: 이다리야A | F56: 자문 | G56: 팀장 | H56: 칸니베츠류드밀라 | I56: 자문 | J56: 구역장 | K56: 솔로도브닉안드레이 | L56: 장년 | M56: 구역장 | N56: 마의코마르가리따 | O56: 부녀 | P56: 구역장 | Q56: 이다리야A | R56: 자문 | W56: 스미르노바예브게니야 | X56: 청년 | Y56: 구역장 | Z56: 부하리놉알렉세이유리예비치 | AA56: 장년 | AB56: 새신자구역장 | AC56: 코르네예바예카테리나유리예브나(크림부) | AD56: 부녀 | AE56: 새신자구역장 | AF56: 소히보바예카테리나알렉세예브나 Сохибова Екатерина Алексеевна | AG56: 부녀 | AH56: 구역장 | AI56: 모르구노바올가 | AK56: 구역장장 | AL56: 셀륜안토니나 | AN56: 구역장장 | AU56: 박류드밀라 | AV56: 자문 | AW56: 팀장 | AX56: 박류드밀라 | AZ56: 팀장 | BA56: 박류드밀라 | BC56: 팀장 | BD56: 틴옐레나비탈리예브나 | BM56: 쿨르느츠빅토리아 | BN56: 청년 | BO56: 팀장 | BP56: 쿨르느츠빅토리아 | BR56: 구역장 | BS56: 예구폽빅토르발레리예비치 | BT56: 청년 | BU56: 구역장 | BV56: 랴부쉬즈갈르나므콜라이브나 Рябущиць Галина Миколаївна | BW56: 청년 | BX56: 구역장 | BY56: 멜느크비타므콜라이브나 | BZ56: 부녀 | CA56: 팀장장 | CB56: 칼라챤갈르나카미브나 | CK56: 최트로핌 | CM56: 구역장 | CN56: 최아파나시니콜라예비치 | CO56: 자문 | CP56: 구역장 | CQ56: 미로노바마리나아나톨리예브나 | CR56: 부녀 | CS56: 구역장 | CT56: 칼가노바류드밀라 | CU56: 자문 | CV56: 구역장 | CW56: 조니나(카.자) | CY56: 구역장 | CZ56: 기블레르마리나 | DA56: 부녀 | DB56: 팀장 | DF56: 후사이노바베라발렌티노브나 | DG56: 부녀 | DH56: 팀장 | DI56: 쿠자흐메토바사라아흐메토브나 | DJ56: 부녀 | DK56: 구역장 | DL56: 나우루즈바옙아흐마디아타튜르코비치(카.새청) | DM56: 청년 | DN56: 새신자구역장 | DO56: 를끼나나탈리야블라디미로브나 (부-카자흐)
E57: 우사초브빅토르 | F57: 자문 | G57: 새구 | H57: 페트렌코스베틀라나 | I57: 자문 | J57: 부구역장 | K57: 칸니베츠겐나디 | L57: 자문 | N57: 블라슈크알라니콜라예브나 | O57: 부녀 | P57: 부구역장 | Q57: 보츠코바나탈리야아나톨리예브나 | W57: 디야츠코바야나유리예브나 Дьячкова Яна Юрьевн | X57: 청년 | Y57: 부구역장 | Z57: 예브도키몹로만예브게니예비치 | AA57: 장년 | AC57: 바세니나올가알렉산드로브나 Васенина Ольга Александровна | AD57: 부녀 | AE57: 부구역장장 | AF57: 예브도키모바나탈리야세르게예브나 Евдокимова Наталья Сергеевна | AG57: 부녀 | AH57: 부구역장 | AI57: 무하메토바리다이스마길로브나 | AJ57: 자문 | AL57: 키셀레바아나스타시야아나톨리예브나(38) | AM57: 부녀 | AO57: 🔺타토얀그레타바가노브나 Татоян Грета | AP57: 부녀 | AU57: 김플로라 | AV57: 자문 | AX57: 김엘리자베따 | AY57: 부녀 | BA57: 한예카테리나발렌티노브나 Хан Екатерина | BB57: 부녀 | BD57: 유르코바폴리나발레리예브나 | BE57: 부녀 | BM57: 안토넨코뱌체슬라브볼로드므로브 | BN57: 장년 | BO57: 새신자구역장 | BP57: 돌가카테르나볼로드므리브나 Долга Катерина Владимировна | BQ57: 청년 | BS57: 크라브체냐마리야페트리브나 | BT57: 청년 | BU57: 부구역장 | BV57: 크라베츠마르가르타아르테미브나 Кравець Маргарита Артемівна | BW57: 학생 | BX57: 부구역장 | BY57: 므하일류크카테르나므콜라이브나 | BZ57: 부녀 | CA57: 부구역장 | CB57: 우츠바토바알라므하일리브나 | CC57: 부녀 | CD57: 부구역장 | CK57: 이알렉세이 | CL57: 장년 | CM57: 부구역장 | CN57: 제놉 빅토르 페트로비치 Зенов Виктор Петрович | CO57: 자문 | CQ57: 예고로바류드밀라 | CR57: 부녀 | CT57: 헤가이타마라 | CU57: 자문 | CV57: 부구역장 | CW57: 아만졸로바굴미라아미로브나(카자흐) | CX57: 부녀 | CY57: 부구역장 | CZ57: 조니나 | DA57: 자문 | DF57: 마흐무토바줄피야얄쿠노브나 Махмутова Зульфия Ялкуновна | DG57: 청년 | DI57: 칸라리사표도로브나(부구님) | DJ57: 자문 | DK57: 부구역장 | DL57: 나우루즈바옙 키릴 아타튜르코비치(카자흐) | DM57: 청년 | DN57: 새신자구역장 | DO57: 김릴리야미하일로브나 Ким Лилия Михайловна | DP57: 부녀 | DQ57: 새신자부구역장장
E58: 모르구노바올가 | F58: 자문 | G58: 새구 | H58: 예기얀발렌티나 | I58: 자문 | K58: 오삿치데니스니콜라예비치 | L58: 장년 | N58: 추이코라리사세묘노브나 | O58: 자문 | Q58: 스미르노바올레나빅토리브나 | W58: 디야츠코바빅토리야유리예브나 | X58: 청년 | Z58: 🔺즈가넨코세르게이알렉산드로비치 | AA58: 장년 | AC58: 디야츠코바예카테리나유리예브나 Дьячкова Екатерина Юрьевна | AD58: 부녀 | AF58: 질린스카야옐레나레오니도브나 | AG58: 부녀 | AI58: 코발축류드밀라빅토로브나 | AJ58: 자문 | AL58: 아브라모바아가브닉발레리예브나(35) | AM58: 부녀 | AO58: 🔺쵸르나야스베틀라나알렉산드로브나 Чёрная Светлана | AP58: 부녀 | AU58: 박바딤 | AV58: 자문 | AX58: 박지나이다엔디노브나 | AY58: 부녀 | BA58: 발로바타티야나티모페예브나 | BB58: 자문 | BD58: 울키나빅토리야뱌체슬라보브나 | BE58: 청년 | BM58: 체첼니즈카한나 | BN58: 부녀 | BP58: 칼라챤갈르나카미브나 Калачян Галина Камівна | BQ58: 청년 | BR58: 새신자구역장 | BS58: 마카예바알리나비탈리이브나 | BT58: 청년 | BV58: 므쉬신마르타이바니브나 Мищишин Марта Іванівна | BW58: 청년 | BY58: 🔺파치예카테리나 | BZ58: 부녀 | CB58: 미로쉬느첸코알라볼로드므리브나 | CC58: 부녀 | CK58: 코로봅이고르블라디미로비치 Коробов Игорь | CL58: 장년 | CN58: 🔺두비닌발레리발렌티노비치 | CO58: 장년 | CQ58: 안알렉산드라게로브나 | CR58: 부녀 | CT58: 최라리사 | CV58: 부구역장 | CW58: 스기브녜바 류드밀라 미하일로브나 카키모브나 Сгибнева Людмила Михайловна | CX58: 자문 | CZ58: 로마노바소피야 | DA58: 자문 | DF58: 🔺이브라기모바나시야 Ибрагимова Насия Ахметовна | DG58: 부녀 | DI58: 나우루즈바예바아이자다카키모브나 | DJ58: 자문 | DL58: 라리오놉 다울렛 알렉세예비치(카자흐) | DM58: 청년 | DO58: 이디리소바아나라아산베코브나 Идирисова Анара | DP58: 부녀
E59: 셰르바코프드미트리발레리예비치 | F59: 장년 | G59: 새팀 | H59: 사모쉬키나이리나니콜라예브나 | I59: 자문 | K59: 보론코프이반드미트로비치 | L59: 청년 | N59: 라브준율리야므콜라이브나 | O59: 부녀 | Q59: 파니나옐레나유리예브나 | W59: 페트로샨아스믹이쉬하노브나 Петросян Асмик Ишхановна | X59: 청년 | Z59: 🔺피스쿠놉알렉산드르올레고비치 Пискунов Александр Олегович | AA59: 청년 | AC59: 솔로도브닉나탈리야알렉산드로브나 Солодовник Наталья Александровна | AD59: 부녀 | AF59: 미나소바갈리나예브게니예브나 | AG59: 부녀 | AI59: 노우르리디야알렉산드르로브나(69) | AJ59: 부녀 | AL59: 시들랴레비치크세니야겐나디예브나(29) | AM59: 부녀 | AO59: 🔺마코베치카카테르나올렉산드리브나 Маковецька Катерина Олександрівна | AP59: 부녀 | AU59: 문엘리자벳 | AV59: 자문 | AX59: 오레나 | AY59: 부녀 | BA59: 🔺판밀라찬바노브나 | BB59: 자문 | BD59: 레임바예바말리카아흐마도브나 | BE59: 청년 | BM59: 보즈제니코바나탈랴올렉산드리브나 | BN59: 청년 | BP59: 두브냑 야나 페트리브나 | BQ59: 청년 | BS59: 구스토바예브게니야세르기이브나 | BT59: 청년 | BV59: 소보바스네자나알렉산드로브나 Собова Снежана Александровна | BW59: 청년 | BY59: 클르쉬코마리나세르게예브나 | BZ59: 부녀 | CB59: 물랴르축잔나올렉산드리브나 | CC59: 부녀 | CK59: 최비싸리온드미트리예비치 Цой Виссарион | CL59: 장년 | CQ59: 마흐피로바굴자르라흐메트자노브나 Махпирова Гульзар Рахметжановна | CR59: 부녀 | CT59: 류리따 | CU59: 자문 | CW59: 최스베틀라나알렉세예브나 Цой Светлана Алексеевна | CX59: 부녀 | CZ59: 시도로바나일랴 | DA59: 부녀 | DF59: 🔺록테바올레샤세르게예브나 Локтева Олеся Сергеевна | DG59: 청년 | DI59: 추파히나나탈리야알렉산드로브나 | DJ59: 자문 | DL59: 🔺부르케예바디아나블라디미로브나 Буркеева Диана Владимировна | DM59: 청년 | DO59: 스코로호드스베틀라나유리예브나 Скороход Светлана Юрьевна | DP59: 부녀
E60: 최타이시아 | F60: 부녀 | G60: 새팀 | H60: 마슬렌코바나탈리야 | I60: 부녀 | K60: 라흐마툴린안드레이자비로비치 | L60: 장년 | N60: 🔺오사드차클라브디야므콜라이브나 | O60: 청년 | W60: 벨로굽일리야안드레예비치 Белогуб Илья Андреевич | X60: 청년 | Z60: 🔺가바이둘린라딕라쉬토비치 | AA60: 장년 | AC60: 포미체바올레샤아다모브나 Фомичева Олеся Адамовна | AD60: 부녀 | AF60: 넵스카야타티야나스타니슬라보브나 Невская Татьяна Станиславовна | AG60: 부녀 | AI60: 페드첸코옐레나알렉산드로브나 | AJ60: 부녀 | AL60: 니껠리디야빅토로브나(25) | AM60: 부녀 | AO60: 🔺우마로바마디나알리세로브나 Умарова Мадина Алишеровна | AP60: 청년 | AU60: 투르수노브슈흐라트쇼디베코비치 | AV60: 장년 | BA60: 🔺반소피야 Пан София | BB60: 자문 | BD60: 🔺풀라토바자리나알리쉐로브나 | BE60: 부녀 | BM60: 🔺부트르멘코발렌트나세르기이브나 | BN60: 청년 | BP60: 본다르보그다나야로슬라비브나 Богдана Бондар | BQ60: 청년 | BS60: 바이츠게오르기이유리예비치 Вайц Георгий | BT60: 학생 | BV60: 수호노스디나므콜라이브나 Сухонос Діна Миколаївна | BW60: 청년 | BY60: 셰브첸코마리야볼로드므리브나 | BZ60: 부녀 | CB60: 그라마빅토리야올레기브나 | CC60: 부녀 | CK60: 🔺사그데옙티모페이불라토비치 | CL60: 장년 | CQ60: 크르그조바나즈굴 | CR60: 부녀 | CT60: 두비니나베라블라디미로브나 | CU60: 부녀 | CW60: 아크피로바주흐라사드코브나 Акпирова Зухра Садыковна | CX60: 부녀 | CZ60: 코메코바아이트쿨오티즈바예브나 | DA60: 부녀 | DF60: 🔺발타바예바미람굴이르기즈크즈 Балтабаева Мирамгул Иргизкызы | DG60: 청년 | DI60: 하잠쿨로바굴나라아른바사로브나 | DJ60: 부녀 | DK60: 새신자구역장장 | DL60: 테도조이드제(152-4) | DO60: 네샤딤알라아나톨리예브나 Нещадим Алла Анатольевна | DP60: 부녀 | DQ60: 새신자구역장장
E61: 셰르바코바아나스타시야 | F61: 부녀 | G61: 새구 | K61: 우튼코이반비탈리예비치 Утынко Иван Витальевич | L61: 장년 | Z61: 🔺바쉴롭안드레이블라디미로비치 | AA61: 장년 | AC61: 그리고랸나탈리야이고례브나 Григорян Наталья Игоревна | AD61: 부녀 | AF61: 카사트키나옐레나게오르기예브나 Касаткина Елена Георгиевна | AG61: 부녀 | AI61: 보츠코바나탈리야아나톨리예브나 | AJ61: 부녀 | AL61: 파르추루치야게오르기이(36) | AM61: 청년 | AO61: 🔺샤틴스카이테엘랴나유리예브나 Шатинскайте Эляна Юрьевна | AP61: 부녀 | AU61: 아사도바마쉬후라노시로브나 | AV61: 부녀 | BA61: 🔺박올가페트로브나 Пак Ольга Петровна | BB61: 부녀 | BD61: 브도비나비올레따비탈리예브나 | BE61: 학생 | BM61: 🔺체렙니나빅토리야뱌체슬라비브나 | BN61: 부녀 | BP61: 🔺예키모바알렉산드라바디모브나 Екимова Александра | BQ61: 청년 | BS61: 파틀라흐나자르빅토로비치 Патлах Назар | BT61: 학생 | BV61: 지노브예바올레샤올렉산드리브나 Зінов'єва Олеся Олександрівн | BW61: 청년 | BY61: 도쿠니나빅토리야볼로디미리브나 | BZ61: 부녀 | CB61: 미로쉬느첸코마르가르타올렉산드리브나 | CC61: 부녀 | CK61: 🔺코메콥누르벡쉰그스칸지예비치 Комеков Нурбек Шынгысказиевич | CL61: 장년 | CQ61: 🔺마네소바옐레나블라디미로브나 | CR61: 부녀 | CT61: 오그녜바이리나블라디미로브나 | CU61: 부녀 | CW61: 주코바마리나겐나디예브나 Жукова Марина Геннадьевна | CX61: 부녀 | CZ61: 쁠레솝스키흐타티야나보리소브나 | DA61: 부녀 | DI61: 🔺카라쵸바타티야나빅토로브나 | DJ61: 부녀 | DL61: 구레옙이반빅토로비치(152-4) | DO61: 클라브디노바타티야나바실리예브나 Клавдинова Татьяна Васильевна | DP61: 부녀
E62: 실리나나탈리야 | F62: 부녀 | G62: 새구 | AC62: 아미르하냔루시네오비코브나 Амирханян Лусине Овиковна | AD62: 부녀 | AF62: 무라비요바나탈리야알렉산드로브나 Муравьёва Наталья Александровна | AG62: 부녀 | AI62: 프로코피예바타티야나표도로브나(58) | AJ62: 부녀 | AL62: 오코네쉬니코바일리나세르게예브나(26) | AM62: 청년 | AO62: 🔺스테파시나올가빅토로브나 Стефашина Ольга Викторовна | AP62: 부녀 | AU62: 구반코바발렌티나발레리예브나 | AV62: 청년 | AW62: 부구역장 | BM62: 🔺메드베드스키요스프므하일로브츠 | BN62: 청년 | BS62: 바즐축드므트로안드리요브치 | BT62: 청년 | BV62: 드라군타티야나드미트리예브나 | BW62: 청년 | BY62: 크라스노바이류드믈라안드리이브나 | BZ62: 청년 | CB62: 갈랴스나디야올레기브나 | CC62: 부녀 | CK62: 🔺마네소브알렉산드르샤무라토비치 | CL62: 장년 | CQ62: 🔺아슬라노바소피야사비로브나 | CR62: 청년 | CT62: 🔺아브두라흐마노바베네라지누로브나 | CU62: 부녀 | CW62: 쿨리니츠알라 | CX62: 부녀 | CZ62: 사그데예바레기나아르슬란베코브나 | DA62: 부녀 | DL62: 기블레르이고르로마노비치 Киблер Игорь (학생) | DM62: 학생 | DO62: 마카예바아나스타시야빅토로브나 Макаева Анастасия Викторовна | DP62: 부녀
E63: 셀륜안토니나 | F63: 부녀 | G63: 새구 | AC63: 브라기나예브게니야빅토로브나 Брагина Евгения Викторовна | AD63: 부녀 | AE63: 새신자구역장 | AF63: 알비나볼로토바 | AG63: 부녀 | AI63: 파니나옐레나유리예브나 | AJ63: 부녀 | AO63: 🔺크레호바예카테리나안드레예브나(32) | AP63: 부녀 | BS63: 바즐축비탈리안드리요브치 | BT63: 청년 | BV63: 볼로튝블라다이바노브나 Болотюк Влада Ивановна | BW63: 청년 | BY63: 크라스노바이올렉산드라안드리이브나 | BZ63: 청년 | CB63: 아타자노바자미라아타하니브나 | CC63: 청년 | CW63: 🔺사드바카소바라자트예심카노브나 Садвакасова Лазат Есимкановна | CX63: 부녀 | DL63: 구레옙이반빅토로비치 | DM63: 학생 | DO63: 콘드라티예바옥사나이바노브나 Кондратьева Оксана Ивановна | DP63: 부녀
E64: 페트리쉬나타티아나 | F64: 부녀 | G64: 새구 | AC64: 김옐리자베타페트로브나 Ким Елизавета Петровна | AD64: 부녀 | AO64: 🔺스토야노바류보브파블로브나(25) | AP64: 청년 | BS64: 바즐축올렉산드르안드리요브치 | BT64: 청년 | BV64: 🔺마르첸코율리야올레고브나 Марченко Юлия | BW64: 학생 | BY64: 본다르갈르나야로슬라비브나 | BZ64: 학생 | CB64: 마르트뉵릴리야페트리브나 | CC64: 청년 | CW64: 🔺움베탈리나랴자트샹게레예브나 Умбеталина Ляззат Шангереевна | CX64: 부녀 | DO64: 베케토바라리사자케나브나 Бекетова Лариса | DP64: 부녀
AC65: 벨로굽이리나이바노브나 Белогуб Ирина Ивановна | AD65: 부녀 | BS65: 🔺아켄치즈베로니카블라디미로브나 | BT65: 청년 | BV65: 🔺루드첸코올가므콜라이브나 Рудченко Ольга Миколаївна | BW65: 부녀 | BY65: 153-5/마슬랴나아나스타시야뱌체슬라비브나 | BZ65: 부녀 | CB65: 새 : CIS29 | CC65: =COUNTA(CC66:CC78) -> 3 | CW65: 🔺샤이마르다노바 오라즈비베 샤이호브나 Шаймарданова Оразбибе | CX65: 부녀 | DO65: 니자메디노바구젤야알림쟈노브나 Низамединова Гузеля Алимжановна | DP65: 부녀
AC66: 굴리나마리나알렉산드로브나 Гулина Марина Александровна | AD66: 부녀 | BS66: 🔺바흐롬조다무하마드 | BT66: 청년 | BV66: 🔺죠흐마르나세르기이브나 Дзьох Марина Сергiiвна | BW66: 청년 | BY66: 🔺153-5/잘레브시카빅토리야빅토리브나 | BZ66: 부녀 | CB66: 칼라챤갈르나카미브나 | CW66: 김글라피라니콜라예브나(구님) | CX66: 부녀 | DO66: 이스라일로바나즈굴오스판바예브나 Исраилова Назгуль Оспанбаевна | DP66: 부녀
BS67: 🔺두스토바사브리나잠셰도브나 | BT67: 청년 | BV67: 새 : CIS30 | BW67: =COUNTA(BW68:BW80) -> 6 | CB67: 쉐르슌야나안드리이브나 | CC67: 부녀 | DO67: 자카노바아이나쉬발라베코브나 Жаканова Айнаш Балабековна | DP67: 부녀
BS68: 🔺알림조다마흐부바토지딘 | BT68: 청년 | BV68: 랴부쉬즈갈르나므콜라이브나 | CB68: 무사예바롤라알리쉐로브나 | CC68: 청년 | DO68: 🔺카나피나인나세르게예브나 Канафина Инна Сергеевна | DP68: 부녀
BS69: 새 : CIS31 | BT69: =COUNTA(BT70:BT82) -> 6 | BV69: 즐리나옐르자베타안드리이브나 | BW69: 청년 | CB69: 고보루셴코다니엘라세르게예브나 | CC69: 청년 | DO69: 🔺모로조바타티야나빅토로브나 Морозова Татьяна Викторовна | DP69: 부녀
BS70: 에구폽빅토르 | BV70: 구조바빅토리야유리예브나 | BW70: 청년
BQ71: 러시아 | BS71: 콜첸코베니아민예브게니예비치 | BT71: 학생 | BU71: 구역장장 | BV71: 베스코로바이나소피야뱌체슬라비브나 | BW71: 학생
BQ72: 우즈벡 | BS72: 유르콥사이드존싣디코비치 | BT72: 학생
H73: 크림새신자팀 | AC73: 모스크바 새신자팀 | AX73: 새신자 | BJ73: 우크라이나 새신자1팀 | CR73: 카자흐스탄새팀장: 쁠레솝스키흐타티야나보리소브나 | DG73: 새신자 2팀 카자흐스탄 악토베
H74: 크림새신자팀장: 셰르바코바아나스타시야 | AC74: 팀장: 페트로샨아스믹이쉬하노브나 | AX74: 우즈벡새신자팀장: 김엘리자베따 | BJ74: 우크라이나부녀회팀장: 트로얀라르사아나톨리이브나 | BV74: 우크라이나 새신자2팀 | CR74: 통역: | DG74: 카자흐스탄새팀장: 나우루즈바예바미르굴비심바예브나
Q75: =SUM(F77,I77,L77,O77) -> 27 | AJ75: =SUM(AA77,AD77,AG77,AJ77) -> 36 | BV75: 우크라이나장년회팀장: 트로얀볼로드므르이바노브치 | DB75: =SUM(CO77,CR77,CU77,CX77,DA77) -> 34
E77: 새 : CIS01 | F77: =COUNTA(F78:F91) -> 13 | H77: 새 : CIS02 | I77: =COUNTA(I78:I93) -> 4 | K77: 새 : CIS03 | L77: =COUNTA(L78:L92) -> 10 | Z77: 새 : CIS01 | AA77: =COUNTA(AA78:AA93) -> 13 | AC77: 새 : CIS02 | AD77: =COUNTA(AD78:AD93) -> 9 | AF77: 새 : CIS27 | AG77: =COUNTA(AG78:AG90) -> 6 | AI77: 학생회 5 | AJ77: =COUNTA(AJ78:AJ92) -> 8 | AU77: 새 : CIS01 | AV77: =COUNTA(AV78:AV88) -> 7 | AX77: 새 : CIS02 | AY77: 6 | BA77: 새 : CIS03 | BB77: =COUNTA(BB78:BB88) -> 4 | BG77: 새 : CIS01 | BH77: =COUNTA(BH78:BH93) -> 8 | BJ77: 새 : CIS01 | BK77: =COUNTA(BK78:BK93) -> 10 | BM77: 새 : CIS12 | BN77: =COUNTA(BN78:BN88) -> 6 | BP77: 새 : CIS24 | BQ77: =COUNTA(BQ78:BQ90) -> 4 | BS77: 새 : CIS09 | BT77: =COUNTA(BT78:BT90) -> 10 | BV77: 새 : CIS2 | BW77: =COUNTA(BW78:BW93) -> 4 | BY77: 새 : CIS3 | BZ77: =COUNTA(BZ78:BZ93) -> 6 | CQ77: 카자흐(새)01 | CR77: =COUNTA(CR78:CR88) -> 8 | CT77: 카자흐(새)02 | CU77: =COUNTA(CU78:CU88) -> 10 | CW77: 카자흐(새)03 | CX77: =COUNTA(CX78:CX89) -> 11 | CZ77: 새 : CIS23 | DA77: =COUNTA(DA78:DA90) -> 5 | DF77: 새 : CIS01 | DG77: =COUNTA(DG78:DG88) -> 5 | DI77: 새 : CIS02 | DJ77: =COUNTA(DJ78:DJ88) -> 10 | DL77: 새 : CIS03 | DM77: =COUNTA(DM78:DM88) -> 10 | DO77: 새 : CIS19 | DP77: =COUNTA(DP78:DP88) -> 4
E78: 셰르바코바아나스타시야(크림부녀) | G78: 구역장 | H78: 코비젭아르툠올레고비치 Кобызев Артем Олегович | I78: 장년 | J78: 구역장 | K78: 바흐티나올가빅토로브나 Бахтина Ольга Викторовна | L78: 부녀 | M78: 구역장 | Z78: 페트로샨아스믹이쉬하노브나 | AC78: 스테파노바아나스타시야 | AD78: 청년 | AE78: 구역장 | AF78: 아미르하냔루시네오비코브나 Амирханян Лусине Овиковна | AH78: 구역장장 | AI78: 쁠레솝스키흐루피나스타니슬라보브나 | AU78: 김엘리자베따 | AW78: 팀장 | AX78: 오레나 | BA78: 박지나이다 | BG78: 트로얀라르사아나톨리이브나 Троян Лариса Анатоліївна | BH78: 부녀 | BI78: 팀장 | BJ78: 트로얀라르사아나톨리이브나 Троян Лариса Анатоліївна | BL78: 구역장 | BM78: 이바노바발렌트나세르기이브나 | BO78: 구역장 | BP78: 네샤딤알라아나톨리예브나 | BR78: 구역장 | BS78: 트로얀볼로드므르이바노브치 | BU78: 구역장 | BV78: 강블라디미르파블로비치 | BX78: 구역장 | BY78: 안토넨코 뱌체슬라브(우크) | CA78: 구역장 | CQ78: 로마노바소피야 | CS78: 구역장 | CT78: 코메코바아이트쿨오티즈바예브나 | CV78: 구역장 | CW78: 쁠레솝스키흐타티야나보리소브나 | CY78: 구역장 | CZ78: 로마노바소피야 | DF78: 나우루즈바예바미르굴비심바예브나(카자흐부녀) | DH78: 새신자팀장 | DI78: 시도로바나일랴(카자흐) | DL78: 하잠쿨로바굴나라아른바사로브나 | DO78: 오레나 | DQ78: 구역장장
E79: 술타냔레일리샤리포브나 | F79: 부녀 | H79: 바르나콥니콜라이겐나디예비치 Варнаков Николай | I79: 장년 | J79: 부구역장 | K79: 콜로드코마리야레오니도브나 Колодко Мария Леонидовна | L79: 부녀 | M79: 부구역장 | Z79: 코브제바아나스타시야세르게예브나 | AA79: 부녀 | AC79: 레온테바예브게니야예브게니예브나 Леонтьева Евгения | AD79: 학생 | AF79: 아로얀루시네에미코브나 | AG79: 부녀 | AI79: 톡토수놉이브라임누를란베코비치 | AJ79: 청년 | AU79: 누르무함베토바알튼이스마일로브나(64) | AV79: 부녀 | AX79: 레임바예바줌라드아흐마도브나(96) | AY79: 청년 | AZ79: 부구역장 | BA79: 아브드라자코바로자자느베코브나 | BB79: 부녀 | BC79: 부구역장 | BG79: 라자렌쿠스베틀라나블라디미르 | BH79: 부녀 | BJ79: 판텔레예바니나바슬리브나 | BK79: 부녀 | BL79: 부구역장 | BM79: 판첸코나탈리야이바니브나 | BN79: 부녀 | BO79: 구역장 | BP79: 벡마토바마이람칸자파르사드코브나 | BQ79: 자문 | BR79: 부구역장 | BS79: 바즐축안드리이바노브치 | BT79: 장년 | BU79: 부구역장 | BV79: 트로얀볼로드므르이바노브치 Троян Володимир | BW79: 장년 | BX79: 부구역장 | BY79: 스브스툰므콜라보르소브치 Свистун Николай Борисович | BZ79: 장년 | CA79: 부구역장 | CQ79: 아크노바알마하이룰라예브나 | CR79: 자문 | CT79: 에티크파예바마디나바킷하노브나 | CU79: 부녀 | CW79: 크루프스카야다나타블라디슬라보브나 Крупская Даната Владиславовн | CX79: 자문 | CZ79: 프르코바올가알렉산드로브나 | DA79: 부녀 | DF79: 예브바사로바타티야나페트로브나 | DG79: 부녀 | DH79: 부구역장 | DI79: 그리바노바갈리나바실리예브나 | DJ79: 자문 | DL79: 주수포바자늘칸 | DM79: 부녀 | DN79: 새신자구역장 | DO79: 바텐코바올가빅토로브나(33) | DP79: 부녀
E80: 무로바안나알렉산드로브나 | F80: 부녀 | H80: 투르차니노브예브게니이빅토로비치 Турчанинов Евгений Викторович | I80: 장년 | K80: 정스베틀라나페트로브나 Чжен Светлана Петровна | L80: 부녀 | Z80: 오스파놉미람(26) | AA80: 청년 | AC80: 곤차로바수산나삼벨로브나 Гончарова Сусанна Самвеловна | AD80: 부녀 | AF80: 바달랸예기네삼벨로브나 | AG80: 부녀 | AI80: 아만겔드예바아델리나우자로브나 | AJ80: 학생 | AU80: 샤르쉐날리예바로자몰도이사예브나(62) | AV80: 부녀 | AX80: 예센쿨로바베라빅토로브나(92) | AY80: 부녀 | BA80: 바이스마코바자말칸아마노브나 | BB80: 부녀 | BG80: 이바노바발렌트나세르기이브나 | BH80: 부녀 | BJ80: 막발라무샴바제 | BK80: 부녀 | BM80: 나우멘코타티야나바실리예브나 | BN80: 부녀 | BP80: 므론츠코바리디야올렉시이브나 | BQ80: 자문 | BS80: 골로브코안드리아나톨리요브치 | BT80: 장년 | BV80: 보구즈키예브게니파블로브치 | BW80: 장년 | BY80: 쁠레솝스키흐스타니슬라프이바노비치 Плесовских Станислав Иванович | BZ80: 장년 | CQ80: 박안나알렉세예브나 | CR80: 자문 | CT80: 마트모바누르굴아이트무하메토브나 | CU80: 부녀 | CW80: 쿠르만세이토바굴잔가브둘가비토브나 Курмансеитова Гульжан Габдул- Габитовна | CX80: 부녀 | CZ80: 날리브키나갈리나니콜라예브나 | DA80: 부녀 | DF80: 막시모바나탈리야이고레브나 | DG80: 부녀 | DH80: 부구역장 | DI80: 보떼율리야니콜라예브나 | DJ80: 부녀 | DL80: 가우프갈리나미하일로브나 | DM80: 부녀 | DO80: 만드리첸코마르가리타겐나디예브나(31/기혼) | DP80: 부녀
E81: 🔺바쉴로바빅토리야세르게예브나 | F81: 부녀 | H81: 루킨미하일니콜라예비치 Лукин Михаил Николаевич | I81: 장년 | K81: 우포로바지나이다바실리예브나 Упорова Зинаида Васильевна | L81: 부녀 | Z81: 보브로바디아나스테파노브나 | AA81: 청년 | AC81: 라트셰바아나스타시야알렉산드로브나 Латышева Анастасия Александровна | AD81: 청년 | AF81: 구바넨코이리나레오니도브나 | AG81: 부녀 | AI81: 예구폽안드레이발레리예비치 | AJ81: 학생 | AU81: 테미르바예바아이굴므르자크마토브나 | AV81: 부녀 | AX81: 이스마일로바루나라마라토브나(93) | AY81: 부녀 | BA81: 데니셴코올레샤니콜라예브나 | BB81: 부녀 | BG81: 골로브코나디야느크포리브나 | BH81: 자문 | BJ81: 모로즈이르나므하일리브나(151-2새신자) | BK81: 부녀 | BM81: 니지예바류드믈라므콜라이브나 | BN81: 부녀 | BP81: 세레다이르나그르고리브나 | BQ81: 부녀 | BS81: 주콥안드레이올레고비치 | BT81: 장년 | BU81: 카자흐스탄 | BV81: 스네즈크이우스틈비탈리요브치 | BW81: 청년 | BX81: 카자흐스탄 | BY81: 스크리프첸코표트르알렉세예비치 Скрипченко Петр Алексеевич | BZ81: 장년 | CA81: 카자흐스탄 | CQ81: 길료바류보프아르툐모브나 | CR81: 자문 | CT81: 주마니야조바줄디즈자크실르코브나 | CU81: 부녀 | CW81: 에르나자로바비비누르쿨라마노브나 Ерназарова Бибинур | CX81: 부녀 | CZ81: 발로바나탈리야알렉산드로브나 | DA81: 부녀 | DF81: 브치코바아나스타시야아나톨리예브나(89) | DG81: 부녀 | DI81: 구레예바루자알렉산드로브나 | DJ81: 부녀 | DL81: 니그메토바보타고즈샤키로브나 | DM81: 부녀 | DO81: 마무토바아이멜리카수흐라보브나(20) | DP81: 청년
E82: 포플라브스카야림마뱌체슬라보브나 | F82: 청년 | K82: 트루비즈나류드밀라니콜라예브나 Трубицына Людмила Николаевна | L82: 부녀 | Z82: 유집축마르가리타루슬라노브나 | AA82: 청년 | AC82: 포폽키릴게오르기에비치 Попов Кирилл Георгиевич | AD82: 청년 | AF82: 샤마르디나안젤리카뱌체슬라보브나 | AG82: 부녀 | AI82: 바세닌키릴알렉산드로비치 | AJ82: 학생 | AX82: 레임바예바마무라아흐마도브나(96) | AY82: 청년 | BA82: 수윰쿨로바즐드즈칸도올론카노브나 | BB82: 부녀 | BG82: 베르겔레스류보브올렉산드리브나 | BH82: 자문 | BJ82: 🔺다즈카야올가세르기이브나 Дацкая Ольга Сергіївна | BK82: 부녀 | BL82: 구역장장 | BM82: 로식인나므하일리브나 | BN82: 부녀 | BP82: 브라쥐코옥사나올렉산드리브나 | BQ82: 부녀 | BV82: 🔺코스텐코므하일로바슬료브치 | BW82: 청년 | BY82: 파블렌코이르나페트리브나 Павленко Ірина Петрівна | BZ82: 부녀 | CQ82: 🔺알라야로바마리암바이라모브나 | CR82: 자문 | CT82: 아크피로바아르지굴아마노브나 | CU82: 부녀 | CW82: 먀스냔키나마리나유리예브나 Марина Юрьевна | CX82: 부녀 | CZ82: 바트르자노바지야굴바카노브나 | DA82: 부녀 | DF82: 체르노브스카야마리야안드레예브나 | DG82: 부녀 | DI82: 다울렛무라토바마리야나우랄바예브나 | DJ82: 부녀 | DL82: 세르듁올가이오시포브나 | DM82: 부녀 | DO82: 마무토바알수수흐라보브나 | DP82: 학생
E83: 포플라브스카야마르가리타뱌체슬라보브나 | F83: 청년 | K83: 야코블레바류보브겐나디예브나 Яковлева Любовь Геннадьевна | L83: 부녀 | Z83: 즈나멘스키올렉올레고비치 | AA83: 청년 | AC83: 코스튜츠콥안드레이블라디미로비치 Костючков Андрей Владимирович | AD83: 청년 | AF83: 부슬로브스카야올가겐나디예브나 | AG83: 부녀 | AI83: 자프마리야유리이브나 | AJ83: 학생 | AX83: 일테랴코바아나스타시야유리예브나 Ильтерякова | AY83: 부녀 | BG83: 골로브코릴리야아나톨리이브나 | BH83: 부녀 | BJ83: 🔺트리포노바빅토리야빅토로브나(우크) | BK83: 부녀 | BM83: 볼로튝이르나세르기이브나 | BN83: 부녀 | BS83: 새 : CIS22 | BT83: =COUNTA(BT84:BT96) -> 7 | BY83: 보고몰로바예브게니야므콜라이브나 Богомолова Евгения Николаевна | BZ83: 부녀 | CQ83: 아뱌예바베라페트로브나 | CR83: 자문 | CT83: 칼루바예바알트나샤르자크실르코브나 | CU83: 부녀 | CW83: 사타로바투르두부부주마카드로브나 Сатарова Турду Жумакадыровна | CX83: 부녀 | CZ83: 하사노바술시나이우테게노브나 | DA83: 부녀 | DF83: 보로비코바스베틀라나블라디미로브나 | DG83: 부녀 | DI83: 티쉬코바엘레나니콜라예브나(74) | DJ83: 부녀 | DL83: 드로즈도바타티야나아나톨리예브나 | DM83: 부녀
E84: 클로츠코바스베틀라나안드레예브나 | F84: 청년 | K84: 흐리샤노비치타티야나블라디미로브나 Хрищанович Татьяна Владимировна | L84: 부녀 | Z84: 이바노바일로나이디베코브나 | AA84: 청년 | AC84: 사무센코마리나유리예브나 | AD84: 부녀 | AF84: 이사하냔타구이마미코노브나 | AG84: 청년 | AI84: 유레비치티모페이예브게니예비치 | AJ84: 학생 | AU84: 새 : CIS26 | AV84: =COUNTA(AV85:AV97) -> 3 | AX84: 🔺박타밀라아드하모브나 PAK TAMILLA ADXAMOVNA | AY84: 청년 | BG84: 른늑카테르나이바노브나 | BH84: 부녀 | BM84: 노보하즈카크세니야므콜라이브나 | BN84: 부녀 | BS84: 트로얀볼로드므르이바노브치 | BY84: 빌르이볼로드므르아나톨리요브치(153-5기) | BZ84: 장년 | CQ84: 에티크파예바굴판 가브둘-가비토브나 | CR84: 부녀 | CT84: 스트륙이리나알렉산드로브나 | CU84: 부녀 | CW84: 주마예바부룰뷰뷰주마카드로브나 Жумаева Бурул Джумакадыровна | CX84: 부녀 | DI84: 나자르베코바쿨자안(54) | DJ84: 부녀 | DK84: 새신자구역장 | DL84: 샤드치네바이리나드미트리예브나 | DM84: 부녀
E85: 안드리엔코베로니카안드레예브나 | F85: 청년 | K85: 세르바코바라이사미하일로브나 Щербакова Раиса Михайловна | L85: 부녀 | Z85: 바나루아드리아나투도로비치 | AA85: 학생 | AC85: 바라노바다리야세르게예브나 | AD85: 청년 | AI85: 타라슉빅토리야이바니브나 | AJ85: 학생 | AU85: 김엘리자베따 | BG85: 마르말륙마리나블라디미로브나 | BH85: 부녀 | BS85: 프루드쿤블라디미르니콜라예비치 | BT85: 장년 | CQ85: 니코노바이리나유리예브나 | CR85: 부녀 | CT85: 🔺타이셰바나탈리야그리고리예브나 | CU85: 부녀 | CW85: 미하일륙이리나페오도시예브나 Михайлюк Ирина Феодосьевна | CX85: 자문 | DI85: 투르순쿨로바로자투두쿨로브나(63) | DJ85: 부녀 | DK85: 새신자부구역장 | DL85: 아임베코바마랄예르키노브나 | DM85: 부녀
E86: 🔺오브친니코바안나아나톨리예브나 | F86: 청년 | K86: 베르드니코바나탈리야바실리예브나 Бердникова Наталья Васильевна | L86: 부녀 | Z86: 소바친스키키릴안드레예비치 | AA86: 학생 | AC86: 🔺안토뉴크마리야이바노브나 Антонюк Мария | AD86: 학생 | AJ86: 학생 | AU86: 하르첸코알라니콜라예브나 | AV86: 부녀 | BJ86: 일킵갈리나바실리브나 | BK86: 청년 | BL86: 부구역장 | BS86: 무샴바드제민디아노도비치 Мушамбадзе Миндиа | BT86: 장년 | CQ86: 메델하노바사파르쿨우알리하노브나 | CR86: 부녀 | CT86: 🔺룹스류드밀라발렌티노브나 | CU86: 부녀 | CW86: 프르샤즈뉵류샤므콜라이브나 Присяжнюк Люся Николаевна | CX86: 부녀 | DI86: 리순세르게이알렉산드로비치 | DJ86: 장년 | DL86: 쉐페르스베틀라나세르게예브나 | DM86: 부녀
E87: 🔺페트로샨츠카리나이쉬하노브나 | F87: 청년 | K87: 피오투흐예카테리나바디모브나(154-4) | L87: 부녀 | Z87: 도브간알렉산드라알렉산드로브나 | AA87: 학생 | AU87: 타발디예바로자코르고노브나 | AV87: 부녀 | BJ87: 코발렌코 류보브 이바니브나 Коваленко Любов Іванівна | BK87: 자문 | BP87: 우크라이나 | BS87: 로조브시크이스타니슬랍아나톨리요브치 | BT87: 장년 | CT87: 🔺누를르바예바숄판쿠르마셰브나 | CU87: 부녀 | CW87: 사야피나안젤리카비탈리예브나 Саяпина Анжелика Витальевна | CX87: 부녀 | DI87: 리순라리사미하일로브나 | DJ87: 부녀 | DL87: 사루아로바만주라미람벡크즈 | DM87: 청년
E88: 게크셀타티야나세르게예브나 | F88: 부녀 | Z88: 라브준예바올렉산드리브나 | AA88: 학생 | AU88: 오니셴코옐레나세르게예브나 | AV88: 부녀 | BJ88: 랴쉔코스비틀라나야키브나 | BK88: 자문 | BS88: 노보하즈키안드레이아나톨리예비치 | BT88: 장년 | CT88: 🔺바크트한굴나즈알마스크지 | CU88: 부녀 | CW88: 실베스트로바넬리페트로브나 | CX88: 자문 | DI88: 🔺벨렌코바베라드미트리예브나 | DJ88: 자문 | DL88: 🔺두이센베코바로자아나톨리예브나 | DM88: 부녀
E89: 에세날리예바메에림오무르베코브나 | F89: 청년 | Z89: 새 : CIS28 | BJ89: 마누엘안토니오올레나레오니디브나 | BK89: 부녀 | BS89: 코발렌코이반그르고로브치 155-3 | BT89: 자문 | CW89: 토흐타로바파리다술레이메노브나 | CX89: 부녀
E90: 진졸리야마디나테이무라조브나 | F90: 청년 | Z90: 페트로샨아스믹 | BJ90: 본다렌코올가세르게예브나 Бондаренко Ольга | BK90: 부녀 | BS90: 고몬올렉산드르드므트로브치 155-3 | BT90: 장년
E91: 파세츠닉안나블라디미로브나 | F91: 청년 | Z91: 칼류즈나야올가빅토로브나 | AA91: 부녀 | BS91: 베르겔레스안드리페도로브치 156-1 | BT91: 자문 | CW91: 부구확인필요
Z92: 이그나찌예바아나스타시야비탈리예브나 | AA92: 청년
Z93: 셰르바콥마트페이야코블레비치 | AA93: 학생
AJ94: CIS 해외개척지새신자
AM97: 새신자 총괄팀장 : 배알리나
H103: 새신자 2팀 | Z103: 새신자 3팀 | BA103: 새신자 4팀
H104: 새신자팀장: 칸타코바안나일리니치나 | Z104: 팀장: 최타이시아 | BA104: 팀장: 강블라디미르파블로비치
B107: 새 : CIS01 | C107: =COUNTA(C108:C122) -> 5 | E107: 새 : CIS01 | F107: =COUNTA(F108:F124) -> 6 | H107: 새 : CIS02 | I107: =COUNTA(I108:I122) -> 7 | K107: 새 : CIS03 | L107: =COUNTA(L108:L122) -> 7 | N107: 새 : CIS18 | O107: =COUNTA(O108:O118) -> 10 | Q107: 새 : CIS20 | R107: =COUNTA(R108:R118) -> 3 | W107: 새 : CIS04 | X107: =COUNTA(X108:X122) -> 6 | Z107: 새 : CIS05 | AA107: =COUNTA(AA108:AA120) -> 10 | AC107: 새 : CIS06 | AD107: =COUNTA(AD108:AD120) -> 9 | AF107: 새 : CIS25 | AG107: =COUNTA(AG108:AG120) -> 7 | AX107: 새 : CIS07 | AY107: =COUNTA(AY108:AY120) -> 3 | BA107: 새 : CIS08 | BB107: =COUNTA(BB108:BB118) -> 6 | BD107: 새 : CIS09 | BE107: =COUNTA(BE108:BE120) -> 10
B108: 칸타코바안나일리니치나(부-)한국 | D108: 구역장 | E108: 칸타코바안나일리니치나(부-)한국 | G108: 구역장 | H108: 바자노바나탈리야블라디미로브나 | I108: 부녀 | J108: 구역장 | K108: 플로트니코바인나블라디미로브나 | L108: 부녀 | M108: 구역장 | N108: 페트리쉬나타티아나 | Q108: 미시코바타마라이바노브나 | S108: 구역장장 | W108: 최타이시아 | Z108: 질린스카야옐레나레오니도브나 | AC108: 라자렌쿠스베틀라나블라디미르(45) | AF108: 최타이시아 | AH108: 구역장장 | AW108: 구역장 | AX108: 강블라디미르파블로비치 | BA108: 김세진 | BD108: 우사초브빅토르
B109: 쿨레쇼바사르다나세르게예브나 | C109: 부녀 | D109: 부구역장 | E109: 크라이스만마리나 Крайсман Марина | F109: 부녀 | G109: 부구역장 | H109: 아타자노바예카테리나올례고브나 | I109: 부녀 | J109: 부구역장 | K109: 갈루츠야나발레리예브나 | L109: 부녀 | M109: 부구역장 | N109: 오윤옥사나쿠쉬타라노브나(52) | O109: 부녀 | Q109: 플로트니코바나탈리야미하일로브나 | R109: 부녀 | W109: 세멘댜예바이리나빅토로브나 | X109: 부녀 | Y109: 부구역장 | Z109: 라흐마툴리나류드밀라바실리예브나 | AA109: 부녀 | AB109: 부구역장장 | AC109: 빌로킨라리사빅토로브나 | AD109: 부녀 | AF109: 마라홉스카야라리사안드레예브나 | AG109: 부녀 | AX109: 치칼렌코세르기빅토로브치 | AY109: 청년 | BA109: 자누자코브시아즈벡칸가쇼비치 | BB109: 장년 | BC109: 부구역장 | BD109: 구자놉발레리미하일로비치 | BE109: 장년
B110: 즈파디나이다미하일로브나 Ципадина Ида Михайловна | C110: 부녀 | E110: 크비린그나탈리야 Квиринг Наталья | F110: 부녀 | H110: 미시코바타마라이바노브나 | I110: 부녀 | K110: 한사나먄수잔나카라페토브나 | L110: 부녀 | N110: 코발축이리나이바노브나 | O110: 부녀 | Q110: 나자로바올가아나톨리예브나 | R110: 부녀 | W110: 카타마드제라리사 | X110: 자문 | Z110: 바투리나나데즈다유리예브나 | AA110: 부녀 | AB110: 부구역장장 | AC110: 세미키나갈리나아나톨리예브나 | AD110: 부녀 | AF110: 오코녜쉬니코바나일랴샤밀리예브나 | AG110: 부녀 | AX110: 구톱막심안드레예비치(30) | AY110: 청년 | BA110: 아이트무르자코바사울레다나베코브나 | BB110: 부녀 | BC110: 부구역장 | BD110: 일리인발레리니콜라예비치 | BE110: 장년
B111: 포포바안나니콜라예브나 Попова Анна | C111: 부녀 | E111: 코르네예바율리야이바노브나 Корнеева Юлия Ивановна | F111: 부녀 | H111: 치르키나예브게니야아나톨리예브나 | I111: 부녀 | K111: 타나냔바르두이라파엘로브나 | L111: 부녀 | N111: 로바노바올가아나톨리예브나(51) | O111: 부녀 | Q111: 이사예바안나아르카디예브나 | R111: 부녀 | W111: 게라시모바발렌티나세르게예브나 | X111: 부녀 | Z111: 김율리야스테파노브나 | AA111: 자문 | AC111: 체르뱌코바라나비탈리예브나 | AD111: 부녀 | AF111: 우사쵸바류드밀라보리소브나 | AG111: 부녀 | AX111: 야쿠빈스키이드미트리이고레비치(155기) | AY111: 청년 | BA111: 바가옙제니스한마칸베코비치(52) | BB111: 장년 | BD111: 즈판딘니콜라이겐나디예비치 | BE111: 장년
B112: 스르가쉐바줄피야우스마노브나 Сыргашева Зульфия Усмановна | C112: 부녀 | E112: 로자노바마우로바나탈리아빅토로브나 РозановаМаурова Наталья Викторовна | F112: 부녀 | H112: 미할추크엘레나빅토로브나 | I112: 부녀 | K112: 오즈마냔귤나즈샤리포브나 | L112: 부녀 | N112: 소스노브스카야나탈리야블라디미로브나(49) | O112: 부녀 | W112: 바비치류드믈라그르고리예브나 | X112: 부녀 | Z112: 파블로바나데즈다세묘노브나 | AA112: 부녀 | AC112: 보로디치스베틀라나니콜라예브나 | AD112: 부녀 | AF112: 예프레멘코이리나안필로게노브나 | AG112: 부녀 | AH112: 부구역장 | BA112: 압둘라예프아흐마드레임보예비치 | BB112: 장년 | BD112: 삽비놉안드레이미하일로비치 | BE112: 장년
B113: 일리나올가페트로브나 Ильина Ольга Петровна | C113: 부녀 | E113: 셰베르댜예바발렌티나빅토로브나 Шевердяева Валентина Викторовна | F113: 부녀 | H113: 소지에바야나아흐사르베코브나 | I113: 부녀 | K113: 마모얀미디야샤리포브나 | L113: 부녀 | M113: 부구역장 | N113: 스미르노바올레나빅토리브나(48) | O113: 부녀 | W113: 프롤르기나타티야나알렉산드로브나 | X113: 부녀 | Z113: 펠료비나나데즈다아나톨리예브나 | AA113: 부녀 | AC113: 부르나쉐바나탈리야빅토로브나 | AD113: 부녀 | AF113: 첵마조바타티야나이바노브나 | AG113: 부녀 | BA113: 보브로프이고르레오니도비치 | BB113: 장년 | BD113: 🔺미르카리몹티무르미르하사노비치 | BE113: 장년
D114: 부구역장 | E114: 폴리모노프나탈리야 야코블레브나 Фолимонова Наталья | F114: 부녀 | H114: 🔺파니나크리스티나아나톨리예브나 | I114: 부녀 | K114: 노보셀체바율리야알렉산드로브나 | L114: 부녀 | N114: 라기모바케뉼카즘(48) | O114: 부녀 | W114: 🔺그리고랸가야네마르티코브나 | X114: 부녀 | Z114: 스클랴로바베라이바노브나 | AA114: 부녀 | AC114: 바실라쉬빌리타티야나타리옐로브나 | AD114: 부녀 | AF114: 알리예바알라알마하노브나 | AG114: 부녀 | BA114: 🔺무하메도바굴노라후시야로브나(60) | BB114: 부녀 | BD114: 코발축이반바실리예비치 | BE114: 자문
D115: 부구역장 | N115: 아르치코바니나알렉산드로브나(46) | O115: 부녀 | Z115: 마카로바옐레나블라디미로브나 | AA115: 부녀 | AC115: 마요로바류보비니콜라예브나 Майорова Любовь Николаевна | AD115: 부녀 | AF115: 조이베네라아파나시예브나 156기 | AG115: 부녀 | BD115: 곤차렌코알렉산드르이바노비치(63) | BE115: 장년
N116: 아즈벨나탈리야빅토로브나(42) | O116: 부녀 | Z116: 아바이모바율리야블라디미로브나 | AA116: 부녀 | AC116: 오브친니코바이리나예브게니예브나 Овчинникова Ирина Евгеньевна | AD116: 부녀
N117: 바르세갼루시네레비코브나(41) | O117: 부녀 | Z117: 울라노바갈리나세르게예브나 | AA117: 부녀 | AC117: 소콜로바라리사페트로브나 СОКОЛОВА ЛАРИСА ПЕТРОВНА | AD117: 부녀 | BD117: 새 : CIS21 | BE117: =COUNTA(BE118:BE130) -> 3
N118: 로마노바스베틀라나올레고브나(40) | O118: 부녀 | Z118: 므시야노바타티야나니콜라예브나 | AA118: 부녀 | AH118: 부구역장 | BD118: 우사초브빅토르
BD119: 레도브스키알렉산드르페트로비치 Ледовский Александр Петрович | BE119: 자문
N120: 악토베지역 | W120: 러시아 | Z120: 러시아&벨라루시 | BD120: 미나좁아미르이마무트디노비치 МИНАЗОВ АМИР ИМАМУТДИНОВИЧ | BE120: 장년
AG125: 새신자 5팀
AG126: 팀장: 배알리나
AF129: 새 : CIS32 | AG129: =COUNTA(AG130:AG142) -> 9 | AI129: 새 : CIS33 | AJ129: =COUNTA(AJ130:AJ142) -> 9 | AL129: 새 : CIS34 | AM129: =COUNTA(AM130:AM142) -> 8 | AU129: 새 : CIS35 | AV129: =COUNTA(AV130:AV142) -> 0 | AX129: 새 : CIS36 | AY129: =COUNTA(AY130:AY142) -> 0 | BA129: 새 : CIS37 | BB129: =COUNTA(BB130:BB142) -> 0 | BD129: 새 : CIS38 | BE129: =COUNTA(BE130:BE142) -> 0 | BG129: 새 : CIS39 | BH129: =COUNTA(BH130:BH142) -> 0 | DF129: Сыргашева Зульфия Усмановна
AF130: 셰르바코프드미트리발레리예비치 | AH130: 구역장 | AI130: 마의코마르가리따 | AK130: 구역장 | AL130: 코메코바아이트쿨오티즈바예브나 | AN130: 구역장 | AW130: 구역장 | AZ130: 구역장 | BC130: 구역장 | BF130: 구역장 | BI130: 구역장
AF131: 카자콥콘스탄틴알렉산드로비치 | AG131: 장년 | AI131: 카츠코브시카류드믈라올렉산드리브나 | AJ131: 부녀 | AL131: 투르수날리예바으르스부 | AM131: 부녀
AF132: 주마쉡누르벡쿠바느치베코비치 | AG132: 장년 | AI132: 쿨리니치타티야나알렉산드로브나 | AJ132: 부녀 | AL132: 바벤코이리나블라디미로브나 | AM132: 부녀
AF133: 르발코알렉세이블라디미로비치 | AG133: 장년 | AI133: 푸즈냐스베틀라나바실리예브나 | AJ133: 부녀 | AL133: 사따로바알라보리소브나 | AM133: 부녀
AF134: 부슬로브스키로만블라디미로비치 | AG134: 장년 | AI134: 고몬타티야나알렉산드로브나 | AJ134: 부녀 | AL134: 다비도비치알비나 | AM134: 부녀
...

Sheet 참고 취합마스터파일
U1: 조직개편전 | W1: 새신자입교후 | X1: 5.27일 행정적용후
T2: 국내성도 | U2: 71 | V2: =COUNTIF($F$15:$F$678,T2) -> 73 | W2: 71 | X2: =COUNTIF($F$15:$F$678,$T2) -> 73
T3: 러시아(모스크바) | U3: 76 | V3: =COUNTIF($F$15:$F$678,T3) -> 70 | W3: 76 | X3: =COUNTIF($F$15:$F$678,$T3) -> 70 | AB3: 러시아 | AC3: 사할린
T4: 우크라이나(키이우) | U4: 57 | V4: =COUNTIF($F$15:$F$678,T4) -> 55 | W4: 57 | X4: =COUNTIF($F$15:$F$678,$T4) -> 55 | AC4: 사하공화국 (야쿠티야),야쿠츠크
T5: 크림공화국 | U5: 49 | V5: =COUNTIF($F$15:$F$678,T5) -> 0 | W5: 49 | X5: =COUNTIF($F$15:$F$678,$T5) -> 0
T6: 카자흐스탄(알마티) | U6: 69 | V6: =COUNTIF($F$15:$F$678,T6) -> 59 | W6: 69 | X6: =COUNTIF($F$15:$F$678,$T6) -> 59
T7: 카자흐스탄(악토베) | X7: =COUNTIF($F$15:$F$678,$T7) -> 50 | AB7: 카자흐스탄 | AC7: 아스타나
T8: 우크라이나오데사 | AC8: 카라간다
T9: 우크라이나리비우
T10: 우즈베키스탄(타슈켄트) | U10: =COUNTIF($F$15:$F$678,$T10) -> 51 | V10: =COUNTIF($F$15:$F$678,$T10) -> 51 | W10: =COUNTIF($F$15:$F$678,$T10) -> 51 | X10: =COUNTIF($F$15:$F$678,$T10) -> 51
T11: 해외개척 | U11: 195 | V11: =COUNTIF($F$15:$F$678,T11) -> 211 | W11: =U11+42 -> 237 | X11: =COUNTIF($F$15:$F$678,$T11) -> 211 | AB11: 해외개척지역 | AC11: 벨라루스,폴란드,루마니아
U12: =SUM(U2:U11) -> 568 | V12: =SUM(V2:V11) -> 519 | W12: =SUM(W2:W11) -> 610 | X12: =SUM(X2:X11) -> 569
D13: 총인원 | E13: =SUBTOTAL(103,$F$15:F678) -> 619 | AG13: 불필요시 삭제하면 됩니다.
C14: 번호 | D14: 고유번호 | E14: 인원수 | F14: 지역 | G14: 팀 | H14: 지역총괉팀장 | I14: 담당팀장 | J14: 팀장 | K14: 구역장 | L14: 부구역장(1) | M14: 부구역장(2) | N14: 구역 | O14: 새신자 | P14: 직책 | Q14: 겸직 | R14: 부서 | S14: 이름(KR) | T14: 이름(RU) | U14: 성별 | V14: 생년월일 | W14: (만)나이 | X14: 전화번호 | Y14: 직분 | Z14: 등록상태 | AA14: 국적 | AB14: 국가 | AC14: 도시명 | AD14: 출결 여부 | AE14: 사유/기간 | AF14: 센터기수 | AG14: 기타사항 | AH14: 변경전 지역
C15: 1 | D15: 00360527-00006 | E15: =SUBTOTAL(103,$R$15:R15) -> 1 | F15: 국내성도 | G15: 국내_장년 | H15: 00360527-00006 | I15: 김세진 | J15: 00360527-00006 | K15: 00360830-00345 | L15: 00390826-00075 | M15: x | N15: 1구역 | P15: 국내총괄팀장 | Q15: 구역장 | R15: 2장년 | S15: 김세진 | T15: Ким Сергей | U15: 남 | V15: 32431 | W15: =DATEDIF(V15,TODAY(),"Y") -> 37 | X15: 010.6640.3437 | Y15: 집사 | Z15: 총회등록 | AA15: 우즈베키스탄/한국(국적취득) | AB15: 한국 | AC15: 서울특별시 | AH15: 국내성도
C16: 2 | D16: 00360830-00345 | E16: =SUBTOTAL(103,$R$15:R16) -> 2 | F16: 국내성도 | G16: 국내_장년 | H16: 00360527-00006 | I16: 김세진 | J16: 00360527-00006 | K16: 00360830-00345 | L16: 00390826-00075 | M16: x | N16: 1구역 | P16: 구역장 | R16: 2장년 | S16: 허드미트리 | T16: Хе Дмитрий | U16: 남 | V16: 32370 | W16: =DATEDIF(V16,TODAY(),"Y") -> 37 | X16: 010-9575-8815 | Y16: 집사 | Z16: 총회등록 | AA16: 우즈베키스탄 | AB16: 한국 | AC16: 서울특별시 | AH16: 국내성도
C17: 3 | D17: 00291129-00211 | E17: =SUBTOTAL(103,$R$15:R17) -> 3 | F17: 해외개척 | G17: 국내_장년 | H17: 00360527-00006 | I17: 김세진 | J17: 00360527-00006 | K17: 00360830-00345 | L17: 00390826-00075 | M17: x | N17: 1구역 | R17: 2장년 | S17: 김에두아르드 | T17: Ким Эдуард | U17: 남 | V17: 29900 | W17: =DATEDIF(V17,TODAY(),"Y") -> 44 | X17: 010-2426-2496/(+1(506) 898-3709) | Y17: 집사 | Z17: 총회등록 | AA17: 우크라이나 | AB17: 캐나다 | AC17: 프레더릭턴 | AH17: 해외개척
C18: 4 | D18: 00360830-00344 | E18: =SUBTOTAL(103,$R$15:R18) -> 4 | F18: 국내성도 | G18: 국내_장년 | H18: 00360527-00006 | I18: 김세진 | J18: 00360527-00006 | K18: 00360830-00345 | L18: 00390826-00075 | M18: x | N18: 1구역 | R18: 2장년 | S18: 이드미트리 | T18: Ли Дмитрий | U18: 남 | V18: 32279 | W18: =DATEDIF(V18,TODAY(),"Y") -> 37 | X18: 010-2351-0933 | Y18: 집사 | Z18: 총회등록 | AA18: 우즈베키스탄 | AB18: 한국 | AC18: 서울특별시 | AH18: 국내성도
C19: 5 | D19: 00320813-00008 | E19: =SUBTOTAL(103,$R$15:R19) -> 5 | F19: 국내성도 | G19: 국내_장년 | H19: 00360527-00006 | I19: 김세진 | J19: 00360527-00006 | K19: 00360830-00345 | L19: 00390826-00075 | M19: x | N19: 1구역 | R19: 2장년 | S19: 박뱌체슬라브 | T19: Пак Вячеслав | U19: 남 | V19: 31456 | W19: =DATEDIF(V19,TODAY(),"Y") -> 39 | X19: 010-4374-0713 | Y19: 집사 | Z19: 총회등록 | AA19: 우즈베키스탄 | AB19: 한국 | AC19: 서울특별시 | AH19: 국내성도
C20: 6 | D20: 00371218-00469 | E20: =SUBTOTAL(103,$R$15:R20) -> 6 | F20: 국내성도 | G20: 국내_장년 | H20: 00360527-00006 | I20: 김세진 | J20: 00360527-00006 | K20: 00360830-00345 | L20: 00390826-00075 | M20: x | N20: 1구역 | R20: 2장년 | S20: 한세묜세묘노비치 | T20: Хан Семён | U20: 남 | V20: 33599 | W20: =DATEDIF(V20,TODAY(),"Y") -> 34 | X20: 010-8433-2802 | Y20: 집사 | Z20: 총회등록 | AA20: 우즈베키스탄 | AB20: 한국 | AC20: 서울특별시 | AH20: 국내성도
C21: 7 | D21: 00360810-00494 | E21: =SUBTOTAL(103,$R$15:R21) -> 7 | F21: 국내성도 | G21: 국내_장년 | H21: 00360527-00006 | I21: 김세진 | J21: 00360527-00006 | K21: 00360830-00345 | L21: 00390826-00075 | M21: x | N21: 1구역 | R21: 2장년 | S21: 오가이디미트리 | T21: Огай Дмитрий | U21: 남 | V21: 31780 | W21: =DATEDIF(V21,TODAY(),"Y") -> 39 | X21: 010-4333-4896 | Y21: 집사 | Z21: 총회등록 | AA21: 우즈베키스탄 | AB21: 한국 | AC21: 전라남도 | AH21: 국내성도
C22: 8 | D22: 00371217-01048 | E22: =SUBTOTAL(103,$R$15:R22) -> 8 | F22: 국내성도 | G22: 국내_장년 | H22: 00360527-00006 | I22: 김세진 | J22: 00360527-00006 | K22: 00360830-00345 | L22: 00390826-00075 | M22: x | N22: 1구역 | P22: 새신자팀장 | Q22: 구역장 | R22: 2장년 | S22: 강블라디미르파블로비치 | T22: Кан Владимир | U22: 남 | V22: 33031 | W22: =DATEDIF(V22,TODAY(),"Y") -> 35 | X22: 010-5820-6557 | Y22: 집사 | Z22: 총회등록 | AA22: 러시아 | AB22: 한국 | AC22: 서울특별시 | AH22: 국내성도
C23: 9 | D23: 00360830-00343 | E23: =SUBTOTAL(103,$R$15:R23) -> 9 | F23: 국내성도 | G23: 국내_장년 | H23: 00360527-00006 | I23: 김세진 | J23: 00360527-00006 | K23: 00360830-00345 | L23: 00390826-00075 | M23: x | N23: 1구역 | R23: 2장년 | S23: 박드미트리 | T23: Пак Дмитрий | U23: 남 | V23: 30685 | W23: =DATEDIF(V23,TODAY(),"Y") -> 42 | X23: 010-2856-8404 | Y23: 성도 | Z23: 교회등록 | AA23: 우즈베키스탄 | AB23: 한국 | AC23: 경기도 | AD23: 출결제외 | AE23: 신앙유약 | AH23: 국내성도
C24: 10 | D24: 00390826-00075 | E24: =SUBTOTAL(103,$R$15:R24) -> 10 | F24: 국내성도 | G24: 국내_청년 | H24: 00360527-00006 | I24: 김세진 | J24: 00360527-00006 | K24: 00390826-00075 | L24: x | M24: x | N24: 2구역 | P24: 구역장 | R24: 4청년 | S24: 김세르게이발레리예비치 | T24: Ким Сергей Валерьевич | U24: 남 | V24: 32305 | W24: =DATEDIF(V24,TODAY(),"Y") -> 37 | X24: 010-8441-1728 | Y24: 문도 | Z24: 총회등록 | AA24: 러시아 | AB24: 한국 | AC24: 경기도 | AF24: 147-1기 | AH24: 국내성도
C25: 11 | D25: 00311023-00027 | E25: =SUBTOTAL(103,$R$15:R25) -> 11 | F25: 국내성도 | G25: 국내_청년 | H25: 00360527-00006 | I25: 김세진 | J25: 00360527-00006 | K25: 00390826-00075 | L25: x | M25: x | N25: 2구역 | R25: 4청년 | S25: 주유리 | T25: Дю Юрий | U25: 남 | V25: 32377 | W25: =DATEDIF(V25,TODAY(),"Y") -> 37 | X25: 010-3141-8193 | Y25: 문도 | Z25: 총회등록 | AA25: 러시아 | AB25: 한국 | AC25: 서울특별시 | AH25: 국내성도
C26: 12 | D26: 00390826-00117 | E26: =SUBTOTAL(103,$R$15:R26) -> 12 | F26: 국내성도 | G26: 국내_청년 | H26: 00360527-00006 | I26: 김세진 | J26: 00360527-00006 | K26: 00390826-00075 | L26: x | M26: x | N26: 2구역 | R26: 4청년 | S26: 손이고르아루투로비치 | T26: Сон Игорь Артурович | U26: 남 | V26: 36739 | W26: =DATEDIF(V26,TODAY(),"Y") -> 25 | X26: 010-97112243 | Y26: 성도 | Z26: 총회등록 | AA26: 우즈베키스탄 | AB26: 한국 | AC26: 서울특별시 | AF26: 147-4기 | AH26: 국내성도
C27: 13 | D27: 00360830-00347 | E27: =SUBTOTAL(103,$R$15:R27) -> 13 | F27: 국내성도 | G27: 국내_청년 | H27: 00360527-00006 | I27: 김세진 | J27: 00360527-00006 | K27: 00390826-00075 | L27: x | M27: x | N27: 2구역 | R27: 4청년 | S27: 강파벨 | T27: Кан Павел | U27: 남 | V27: 33538 | W27: =DATEDIF(V27,TODAY(),"Y") -> 34 | X27: 010-5552-2710 | Y27: 성도 | Z27: 교회등록 | AA27: 카자흐스탄 | AB27: 한국 | AC27: 경상북도 | AD27: 출결제외 | AE27: 신앙유약 | AH27: 국내성도
C28: 14 | D28: 00400227-01416 | E28: =SUBTOTAL(103,$R$15:R28) -> 14 | F28: 국내성도 | G28: 국내_청년 | H28: 00360527-00006 | I28: 김세진 | J28: 00360527-00006 | K28: 00390826-00075 | L28: x | M28: x | N28: 2구역 | R28: 4청년 | S28: 김예브게니알렉산드로비치 | T28: Ким Евгений Александрович | U28: 남 | V28: 33400 | W28: =DATEDIF(V28,TODAY(),"Y") -> 34 | X28: 7-747-455-6934 | Y28: 성도 | Z28: 입교 | AA28: 카자흐스탄 | AB28: 카자흐스탄 | AC28: 알마티 | AD28: 출결제외 | AE28: 신앙유약 | AF28: 149-1기 | AH28: 국내성도
C29: 15 | D29: 00261225-00087 | E29: =SUBTOTAL(103,$R$15:R29) -> 15 | F29: 국내성도 | G29: 국내_부녀 | H29: 00341026-00033 | I29: 차소연 | J29: 00341026-00033 | K29: 00261225-00087 | L29: 00290520-00027 | M29: x | N29: 1구역 | P29: 구역장 | R29: 3부녀 | S29: 최승미 | T29: Цой Виктория(ЦойСынгМи) | U29: 여 | V29: 31249 | W29: =DATEDIF(V29,TODAY(),"Y") -> 40 | X29: 010-8921-3985 | Y29: 집사 | Z29: 총회등록 | AA29: 우즈베키스탄 | AB29: 한국 | AC29: 서울특별시 | AH29: 국내성도
C30: 16 | D30: 00290520-00027 | E30: =SUBTOTAL(103,$R$15:R30) -> 16 | F30: 국내성도 | G30: 국내_부녀 | H30: 00341026-00033 | I30: 차소연 | J30: 00341026-00033 | K30: 00261225-00087 | L30: 00290520-00027 | M30: x | N30: 1구역 | P30: 부구역장 | R30: 3부녀 | S30: 정갈리나 | T30: Тен Галина | U30: 여 | V30: 29183 | W30: =DATEDIF(V30,TODAY(),"Y") -> 46 | X30: 010-5329-6884 | Y30: 집사 | Z30: 총회등록 | AA30: 카자흐스탄 | AB30: 한국 | AC30: 서울특별시 | AH30: 국내성도
C31: 17 | D31: 00361031-00487 | E31: =SUBTOTAL(103,$R$15:R31) -> 17 | F31: 국내성도 | G31: 국내_부녀 | H31: 00341026-00033 | I31: 차소연 | J31: 00341026-00033 | K31: 00261225-00087 | L31: 00290520-00027 | M31: x | N31: 1구역 | R31: 3부녀 | S31: 최릴리야 | T31: Цой Лилия | U31: 여 | V31: 33815 | W31: =DATEDIF(V31,TODAY(),"Y") -> 33 | X31: 010-7550-5848 | Y31: 집사 | Z31: 총회등록 | AA31: 우즈베키스탄 | AB31: 한국 | AC31: 인천광역시 | AH31: 국내성도
C32: 18 | D32: 00311023-00028 | E32: =SUBTOTAL(103,$R$15:R32) -> 18 | F32: 국내성도 | G32: 국내_부녀 | H32: 00341026-00033 | I32: 차소연 | J32: 00341026-00033 | K32: 00261225-00087 | L32: 00290520-00027 | M32: x | N32: 1구역 | R32: 3부녀 | S32: 박옐레나 | T32: Пак Елена | U32: 여 | V32: 32547 | W32: =DATEDIF(V32,TODAY(),"Y") -> 36 | X32: 010-5615-2266 | Y32: 집사 | Z32: 총회등록 | AA32: 우즈베키스탄 | AB32: 한국 | AC32: 경기도 | AH32: 국내성도
C33: 19 | D33: 00280508-00022 | E33: =SUBTOTAL(103,$R$15:R33) -> 19 | F33: 국내성도 | G33: 국내_부녀 | H33: 00341026-00033 | I33: 차소연 | J33: 00341026-00033 | K33: 00261225-00087 | L33: 00290520-00027 | M33: x | N33: 1구역 | R33: 3부녀 | S33: 엘리나바투크흐티나 | T33: Батухтина Элина | U33: 여 | V33: 31504 | W33: =DATEDIF(V33,TODAY(),"Y") -> 39 | X33: 010-4593-5238 | Y33: 문도 | Z33: 총회등록 | AA33: 우크라이나 | AB33: 한국 | AC33: 서울특별시 | AD33: 출결제외 | AE33: 신앙유약 | AH33: 국내성도
C34: 20 | D34: 00360830-00346 | E34: =SUBTOTAL(103,$R$15:R34) -> 20 | F34: 국내성도 | G34: 국내_부녀 | H34: 00341026-00033 | I34: 차소연 | J34: 00341026-00033 | K34: 00360830-00346 | L34: 00350330-00153 | M34: x | N34: 2구역 | P34: 구역장 | R34: 3부녀 | S34: 김예카테리나 | T34: Ким Екатерина | U34: 여 | V34: 33312 | W34: =DATEDIF(V34,TODAY(),"Y") -> 34 | X34: 010-5877-6557 | Y34: 집사 | Z34: 총회등록 | AA34: 우즈베키스탄 | AB34: 한국 | AC34: 서울특별시 | AH34: 국내성도
C35: 21 | D35: 00350330-00153 | E35: =SUBTOTAL(103,$R$15:R35) -> 21 | F35: 국내성도 | G35: 국내_부녀 | H35: 00341026-00033 | I35: 차소연 | J35: 00341026-00033 | K35: 00360830-00346 | L35: 00350330-00153 | M35: x | N35: 2구역 | P35: 부구역장 | R35: 3부녀 | S35: 문발레리야 | T35: Мун Валерия | U35: 여 | V35: 32771 | W35: =DATEDIF(V35,TODAY(),"Y") -> 36 | X35: 010-7296-2009 | Y35: 집사 | Z35: 총회등록 | AA35: 카자흐스탄 | AB35: 한국 | AC35: 서울특별시 | AH35: 국내성도
C36: 22 | D36: 00371217-01047 | E36: =SUBTOTAL(103,$R$15:R36) -> 22 | F36: 국내성도 | G36: 국내_부녀 | H36: 00341026-00033 | I36: 차소연 | J36: 00341026-00033 | K36: 00360830-00346 | L36: 00350330-00153 | M36: x | N36: 2구역 | P36: 새신자팀장 | Q36: 구역장 | R36: 3부녀 | S36: 칸타코바안나일리니치나 | T36: Кантакова Анна | U36: 여 | V36: 31722 | W36: =DATEDIF(V36,TODAY(),"Y") -> 39 | X36: 010-2887-6167 | Y36: 집사 | Z36: 총회등록 | AA36: 러시아 | AB36: 한국 | AC36: 서울특별시 | AH36: 국내성도
C37: 23 | D37: 00340624-00330 | E37: =SUBTOTAL(103,$R$15:R37) -> 23 | F37: 국내성도 | G37: 국내_부녀 | H37: 00341026-00033 | I37: 차소연 | J37: 00341026-00033 | K37: 00360830-00346 | L37: 00350330-00153 | M37: x | N37: 2구역 | R37: 3부녀 | S37: 최유나 | T37: Цой Ольга | U37: 여 | V37: 31062 | W37: =DATEDIF(V37,TODAY(),"Y") -> 41 | X37: 010-2570-6278 | Y37: 집사 | Z37: 총회등록 | AA37: 한국 | AB37: 한국 | AC37: 서울특별시 | AH37: 국내성도
C38: 24 | D38: 00270903-00002 | E38: =SUBTOTAL(103,$R$15:R38) -> 24 | F38: 국내성도 | G38: 국내_부녀 | H38: 00341026-00033 | I38: 차소연 | J38: 00341026-00033 | K38: 00360830-00346 | L38: 00350330-00153 | M38: x | N38: 2구역 | R38: 3부녀 | S38: 정류드밀라 | T38: Тен Людмила | U38: 여 | V38: 30208 | W38: =DATEDIF(V38,TODAY(),"Y") -> 43 | X38: 010-7624-7907 | Y38: 집사 | Z38: 총회등록 | AA38: 카자흐스탄 | AB38: 한국 | AC38: 서울특별시 | AH38: 국내성도
C39: 25 | D39: 00310314-00227 | E39: =SUBTOTAL(103,$R$15:R39) -> 25 | F39: 국내성도 | G39: 국내_부녀 | H39: 00341026-00033 | I39: 차소연 | J39: 00341026-00033 | K39: 00360830-00346 | L39: 00350330-00153 | M39: x | N39: 2구역 | R39: 3부녀 | S39: 한옐레나 | T39: Хан Елена | U39: 여 | V39: 31075 | W39: =DATEDIF(V39,TODAY(),"Y") -> 41 | X39: 010-8285-1011 | Y39: 집사 | Z39: 총회등록 | AA39: 러시아 | AB39: 한국 | AC39: 서울특별시 | AD39: 출결제외 | AE39: 신앙유약 | AH39: 국내성도
C40: 26 | D40: 00320813-00009 | E40: =SUBTOTAL(103,$R$15:R40) -> 26 | F40: 국내성도 | G40: 국내_부녀 | H40: 00341026-00033 | I40: 차소연 | J40: 00341026-00033 | K40: 00360830-00346 | L40: 00350330-00153 | M40: x | N40: 2구역 | R40: 3부녀 | S40: 이다리야B | T40: Ли Дарья | U40: 여 | V40: 31736 | W40: =DATEDIF(V40,TODAY(),"Y") -> 39 | X40: 010-4045-1523 | Y40: 문도 | Z40: 총회등록 | AA40: 우즈베키스탄 | AB40: 한국 | AC40: 서울특별시 | AD40: 출결제외 | AE40: 신앙유약 | AH40: 국내성도
C41: 27 | D41: 00341026-00033 | E41: =SUBTOTAL(103,$R$15:R41) -> 27 | F41: 국내성도 | G41: 국내_부녀 | H41: 00341026-00033 | I41: 차소연 | J41: 00341026-00033 | K41: 00341026-00033 | L41: 00270104-00035 | M41: 00371218-00466 | N41: 3구역 | P41: 팀장 | Q41: 구역장 | R41: 3부녀 | S41: 차소연 | T41: Ча Лариса | U41: 여 | V41: 30625 | W41: =DATEDIF(V41,TODAY(),"Y") -> 42 | X41: 010-2882-8927 | Y41: 집사 | Z41: 총회등록 | AA41: 한국 | AB41: 한국 | AC41: 전라남도 | AH41: 국내성도
C42: 28 | D42: 00270104-00035 | E42: =SUBTOTAL(103,$R$15:R42) -> 28 | F42: 국내성도 | G42: 국내_부녀 | H42: 00341026-00033 | I42: 차소연 | J42: 00341026-00033 | K42: 00341026-00033 | L42: 00270104-00035 | M42: 00371218-00466 | N42: 3구역 | P42: 부구역장 | R42: 3부녀 | S42: 굴나라사드코바 | T42: Садыкова Гульнара | U42: 여 | V42: 30935 | W42: =DATEDIF(V42,TODAY(),"Y") -> 41 | X42: 010-6406-8815 | Y42: 집사 | Z42: 총회등록 | AA42: 키르기스스탄 | AB42: 한국 | AC42: 서울특별시 | AH42: 국내성도
C43: 29 | D43: 00371218-00466 | E43: =SUBTOTAL(103,$R$15:R43) -> 29 | F43: 국내성도 | G43: 국내_부녀 | H43: 00341026-00033 | I43: 차소연 | J43: 00341026-00033 | K43: 00341026-00033 | L43: 00270104-00035 | M43: 00371218-00466 | N43: 3구역 | P43: 부구역장 | R43: 3부녀 | S43: 이이리나라디오노브나 | T43: Ли Ирина | U43: 여 | V43: 33662 | W43: =DATEDIF(V43,TODAY(),"Y") -> 33 | X43: 010-2394-2802 | Y43: 집사 | Z43: 총회등록 | AA43: 우즈베키스탄 | AB43: 한국 | AC43: 서울특별시 | AH43: 국내성도
C44: 30 | D44: 00371218-00453 | E44: =SUBTOTAL(103,$R$15:R44) -> 30 | F44: 국내성도 | G44: 국내_부녀 | H44: 00341026-00033 | I44: 차소연 | J44: 00341026-00033 | K44: 00341026-00033 | L44: 00270104-00035 | M44: 00371218-00466 | N44: 3구역 | R44: 1자문 | S44: 김류드밀라 | T44: Ким Людмила | U44: 여 | V44: 18173 | W44: =DATEDIF(V44,TODAY(),"Y") -> 76 | X44: 010-9692-4972 | Y44: 성도 | Z44: 총회등록 | AA44: 우즈베키스탄 | AB44: 한국 | AC44: 경기도 | AH44: 국내성도
C45: 31 | D45: 00350330-00148 | E45: =SUBTOTAL(103,$R$15:R45) -> 31 | F45: 국내성도 | G45: 국내_부녀 | H45: 00341026-00033 | I45: 차소연 | J45: 00341026-00033 | K45: 00341026-00033 | L45: 00270104-00035 | M45: 00371218-00466 | N45: 3구역 | R45: 3부녀 | S45: 주숙자 | T45: Дю Светлана | U45: 여 | V45: 21465 | W45: =DATEDIF(V45,TODAY(),"Y") -> 67 | X45: 010-5567-8193 | Y45: 집사 | Z45: 총회등록 | AA45: 러시아 | AB45: 한국 | AC45: 서울특별시 | AH45: 국내성도
C46: 32 | D46: 00390826-00066 | E46: =SUBTOTAL(103,$R$15:R46) -> 32 | F46: 국내성도 | G46: 국내_부녀 | H46: 00341026-00033 | I46: 차소연 | J46: 00341026-00033 | K46: 00341026-00033 | L46: 00270104-00035 | M46: 00371218-00466 | N46: 3구역 | R46: 3부녀 | S46: 박이리나빅토로브나 | T46: Пак Ирина Викторовна | U46: 여 | V46: 24988 | W46: =DATEDIF(V46,TODAY(),"Y") -> 57 | X46: 010-5201-5526 | Y46: 성도 | Z46: 입교 | AA46: 키르기스스탄 | AB46: 한국 | AC46: 충청북도 | AF46: 147-1기 | AH46: 국내성도
C47: 33 | D47: 00390826-00069 | E47: =SUBTOTAL(103,$R$15:R47) -> 33 | F47: 국내성도 | G47: 국내_부녀 | H47: 00341026-00033 | I47: 차소연 | J47: 00341026-00033 | K47: 00341026-00033 | L47: 00270104-00035 | M47: 00371218-00466 | N47: 3구역 | R47: 3부녀 | S47: 이소피야 | T47: Ли София (LISOFIIA) | U47: 여 | V47: 25896 | W47: =DATEDIF(V47,TODAY(),"Y") -> 55 | X47: 010-8205-9722 | Y47: 성도 | Z47: 총회등록 | AA47: 키르기스스탄 | AB47: 한국 | AC47: 인천광역시 | AF47: 147-1기 | AH47: 국내성도
C48: 34 | D48: 00400819-00001 | E48: =SUBTOTAL(103,$R$15:R48) -> 34 | F48: 국내성도 | G48: 국내_부녀 | H48: 00341026-00033 | I48: 차소연 | J48: 00341026-00033 | K48: 00341026-00033 | L48: 00270104-00035 | M48: 00371218-00466 | N48: 3구역 | R48: 3부녀 | S48: 두드키나스베틀라나미하일로브나 | T48: ДУДКИНА СВЕТЛАНА МИХАЙЛОВНА | U48: 여 | V48: 22442 | W48: =DATEDIF(V48,TODAY(),"Y") -> 64 | X48: 010-2213-7839 | Y48: 성도 | Z48: 입교 | AA48: 러시아 | AB48: 한국 | AC48: 경기도 | AF48: 151-1기 | AH48: 국내성도
C49: 35 | D49: 00410325-00429 | E49: =SUBTOTAL(103,$R$15:R49) -> 35 | F49: 우즈베키스탄(타슈켄트) | G49: 국내_부녀 | H49: 00341026-00033 | I49: 차소연 | J49: 00341026-00033 | K49: 00341026-00033 | L49: 00270104-00035 | M49: 00371218-00466 | N49: 3구역 | O49: 새신자 | R49: 1자문 | S49: 박인가니콜라예브나 | T49: PAK IN-GA NIKOLAYEVNA | U49: 여 | V49: 19444 | W49: =DATEDIF(V49,TODAY(),"Y") -> 72 | X49: 010-9589-6878 | Y49: 성도 | Z49: 입교 | AA49: 우즈베키스탄 | AB49: 한국 | AC49: 광주 | AF49: 153-5기 | AH49: 국내성도
C50: 36 | D50: 00410325-00430 | E50: =SUBTOTAL(103,$R$15:R50) -> 36 | F50: 국내성도 | G50: 국내_부녀 | H50: 00341026-00033 | I50: 차소연 | J50: 00341026-00033 | K50: 00341026-00033 | L50: 00270104-00035 | M50: 00371218-00466 | N50: 3구역 | O50: 새신자 | R50: 3부녀 | S50: 출리나율리야그리고리예브나 | T50: Чулина Юлия Григорьевна | U50: 여 | V50: 35278 | W50: =DATEDIF(V50,TODAY(),"Y") -> 29 | X50: 010-8441-1321 | Y50: 성도 | Z50: 입교 | AA50: 러시아 | AB50: 한국 | AC50: 군산 | AF50: 153-5기 | AH50: 국내성도
C51: 37 | D51: 00400227-01414 | E51: =SUBTOTAL(103,$R$15:R51) -> 37 | F51: 국내성도 | G51: 국내_부녀 | H51: 00341026-00033 | I51: 차소연 | J51: 00341026-00033 | K51: 00341026-00033 | L51: 00270104-00035 | M51: 00371218-00466 | N51: 3구역 | R51: 4청년 | S51: 리알렉시나블라딜레노브나 | T51: Ли Алексина Владиленовна | U51: 여 | V51: 33012 | W51: =DATEDIF(V51,TODAY(),"Y") -> 35 | X51: 010-4244-3010 | Y51: 성도 | Z51: 교회등록 | AA51: 카자흐스탄 | AB51: 한국 | AF51: 149-1기 | AH51: 국내성도
C52: 38 | D52: 00400227-01392 | E52: =SUBTOTAL(103,$R$15:R52) -> 38 | F52: 국내성도 | G52: 국내_부녀 | H52: 00341026-00033 | I52: 차소연 | J52: 00341026-00033 | K52: 00341026-00033 | L52: 00270104-00035 | M52: 00371218-00466 | N52: 3구역 | R52: 3부녀 | S52: 리스베틀라나아나톨리예브나 | T52: Ли Светлана Анатольевна | U52: 여 | V52: 23079 | W52: =DATEDIF(V52,TODAY(),"Y") -> 62 | X52: 010-2117-9127 | Y52: 성도 | Z52: 입교 | AA52: 카자흐스탄 | AB52: 한국 | AC52: 경기도 | AE52: 신앙유약(24-01-16) | AF52: 149-1기 | AH52: 국내성도
C53: 39 | D53: 00400530-00093 | E53: =SUBTOTAL(103,$R$15:R53) -> 39 | F53: 국내성도 | G53: 국내_부녀 | H53: 00341026-00033 | I53: 차소연 | J53: 00341026-00033 | K53: 00341026-00033 | L53: 00270104-00035 | M53: 00371218-00466 | N53: 3구역 | R53: 1자문 | S53: 이림마니콜라예브나 | T53: Ли Римма Николаевна | U53: 여 | V53: 19818 | W53: =DATEDIF(V53,TODAY(),"Y") -> 71 | X53: 998-90-290-3254 | Y53: 성도 | Z53: 입교 | AA53: 우즈베키스탄 | AB53: 한국 | AC53: 경기도 | AD53: 출결제외 | AF53: 150-4기 | AH53: 국내성도
B54: 취합X | D54: 00390623-00107 | E54: =SUBTOTAL(103,$R$15:R54) -> 39 | G54: 국내_부녀 | H54: 00341026-00033 | I54: 차소연 | J54: 00341026-00033 | K54: 00341026-00033 | N54: 3구역 | Q54: 베드로지파 | S54: 김이솔다 | T54: Ким Изольда | U54: 여 | AB54: 한국
C55: 40 | D55: 00180613-00005 | E55: =SUBTOTAL(103,$R$15:R55) -> 40 | F55: 우크라이나(키이우) | G55: 국내_부녀 | H55: 00341026-00033 | I55: 차소연 | J55: 00341026-00033 | K55: 00180613-00005 | L55: 00261114-00053 | M55: x | N55: 4구역 | P55: 임원 | Q55: 구역장 | R55: 0교역 | S55: 이진모 | T55: Ли Джин Мо | U55: 남 | V55: 28737 | W55: =DATEDIF(V55,TODAY(),"Y") -> 47 | X55: 010-7562-1362 | Y55: 교역 | Z55: 총회등록 | AA55: 한국 | AB55: 한국 | AH55: 우크라이나(키이우)
C56: 41 | D56: 00261114-00053 | E56: =SUBTOTAL(103,$R$15:R56) -> 40 | H56: 00341026-00033 | I56: 차소연 | J56: 00341026-00033 | K56: 00180613-00005 | L56: 00261114-00053 | M56: x | N56: 4구역 | P56: 총무 | Q56: 부구역장 | S56: 박지민 | U56: 남 | V56: 31732 | W56: =DATEDIF(V56,TODAY(),"Y") -> 39 | X56: 010-2058-7374 | Y56: 교역 | Z56: 총회등록 | AB56: 한국 | AC56: 경기도
C57: 42 | D57: 00311023-00025 | E57: =SUBTOTAL(103,$R$15:R57) -> 41 | F57: 국내성도 | G57: 국내_부녀 | H57: 00341026-00033 | I57: 차소연 | J57: 00341026-00033 | K57: 00180613-00005 | L57: 00261114-00053 | M57: x | N57: 4구역 | P57: 구역장 | R57: 1자문 | S57: 최트로핌 | T57: Цой Трофим | U57: 남 | V57: 19202 | W57: =DATEDIF(V57,TODAY(),"Y") -> 73 | X57: 010-8318-5207 | Y57: 집사 | Z57: 총회등록 | AA57: 우즈베키스탄 | AB57: 한국 | AC57: 경기도 | AH57: 국내성도
C58: 43 | D58: 00311023-00026 | E58: =SUBTOTAL(103,$R$15:R58) -> 42 | F58: 국내성도 | G58: 국내_부녀 | H58: 00341026-00033 | I58: 차소연 | J58: 00341026-00033 | K58: 00180613-00005 | L58: 00261114-00053 | M58: x | N58: 4구역 | P58: 부구역장 | R58: 1자문 | S58: 최라리사 | T58: Цой Лариса | U58: 여 | V58: 19466 | W58: =DATEDIF(V58,TODAY(),"Y") -> 72 | X58: 010-8217-5304 | Y58: 집사 | Z58: 총회등록 | AA58: 우즈베키스탄 | AB58: 한국 | AC58: 경기도 | AH58: 국내성도
C59: 44 | D59: 00400530-00092 | E59: =SUBTOTAL(103,$R$15:R59) -> 43 | F59: 국내성도 | G59: 국내_부녀 | H59: 00341026-00033 | I59: 차소연 | J59: 00341026-00033 | K59: 00180613-00005 | L59: 00261114-00053 | M59: x | N59: 4구역 | R59: 1자문 | S59: 박모이세이 | T59: Пак Моисей | U59: 남 | V59: 19784 | W59: =DATEDIF(V59,TODAY(),"Y") -> 71 | X59: 010-4074-3821 | Y59: 성도 | Z59: 교회등록 | AA59: 우즈베키스탄 | AB59: 한국 | AC59: 경기도 | AF59: 150-4기 | AH59: 국내성도
C60: 45 | D60: 00360830-00342 | E60: =SUBTOTAL(103,$R$15:R60) -> 44 | F60: 국내성도 | G60: 국내_부녀 | H60: 00341026-00033 | I60: 차소연 | J60: 00341026-00033 | K60: 00180613-00005 | L60: 00261114-00053 | M60: x | N60: 4구역 | R60: 3부녀 | S60: 쿠즈올가 | T60: Кузь Ольга | U60: 여 | V60: 22276 | W60: =DATEDIF(V60,TODAY(),"Y") -> 65 | X60: 010-2186-2669 | Y60: 성도 | Z60: 총회등록 | AA60: 우크라이나 | AB60: 한국 | AC60: 서울특별시 | AH60: 국내성도
C61: 46 | D61: 00360423-00596 | E61: =SUBTOTAL(103,$R$15:R61) -> 45 | F61: 해외개척 | G61: 국내_부녀 | H61: 00341026-00033 | I61: 차소연 | J61: 00341026-00033 | K61: 00180613-00005 | L61: 00261114-00053 | M61: x | N61: 4구역 | R61: 3부녀 | S61: 강예카테리나 | T61: Кан Екатеринa | U61: 여 | V61: 33959 | W61: =DATEDIF(V61,TODAY(),"Y") -> 33 | X61: 77479550557/010-8088-0311(한국번호) | Y61: 성도 | Z61: 입교 | AA61: 카자흐스탄 | AB61: 카자흐스탄 | AC61: 알마티 | AD61: 출결제외 | AE61: 신앙유약 | AH61: 해외개척
