Workbook
Name D: #REF!
Name 국내: #REF!
Name 명단: #REF!
Name 슬라이서_새신자111: #REF!
Name 슬라이서_지역: #REF!
Name 슬라이서_지역111: #REF!

Sheet 42년6월 조직도
AR2: 요한지파 과천교회 국제부 CIS & 해외선교부 러시아어권지역 조직도
BH4: 2025.06.15 기준
AW6: CIS지역 & 러시아지역
AR7: CIS 지역 | AW7: 부장 | AX7: 박지민 | BE7: 해선부
AR8: 지역장 | AT8: 진실혜 | BC8: 총서무 | BF8: 이시우
AR9: 총서기 | AT9: 이시우 | BC9: 부서기/서무 | BF9: 임영선
AR10: 회계 | AT10: 이난희 | BC10: 부서기/서무 | BF10: 안소연
BC11: 부서기 | BF11: 이송희
AP14: 전도과 | AS14: 교육과 | BC14: 신앙관리과 부과장 | BF14: 안윤희 | BH14: 센터서무 | BI14: 박소정
AP15: 전도서기 | AQ15: 최유담 | AS15: 교육행정서기 | AT15: 이지영 | BC15: 통번역과 부과장 | BF15: 이시우 | BH15: 센터부서무 | BI15: 김형구
AP16: 전도서기 | AQ16: 이수지 | AS16: 교육과운영서기 | AT16: 김지연 | BC16: 온라인컨텐츠과장 | BF16: 스미르노바예브게니야 | BH16: 센터부서무 | BI16: 정재홍
AS17: 교육과부서기 | AT17: 김효정
AS18: 교육행정서기 | AT18: 배기란
AS19: 교육행정서기 | AT19: 임진수
AV23: 국제부 CIS 국내
AW26: 국내거주
AW27: 장년팀장: 김세진 부녀팀장: 박지민
AJ30: 장: CIS01 | AK30: =COUNTA(AK31:AK43) -> 6 | AM30: 청장: CIS02 | AN30: =COUNTA(AN31:AN43) -> 7 | AP30: 부: CIS01 | AQ30: =COUNTA(AQ31:AQ41) -> 8 | AS30: 부: CIS02 | AT30: =COUNTA(AT31:AT41) -> 7 | AV30: 자: CIS01 부: CIS03 | AW30: =COUNTA(AW31:AW43) -> 9 | AY30: 부: CIS04 | AZ30: =COUNTA(AZ31:AZ41) -> 6 | BB30: 부: CIS05-1 | BC30: =COUNTA(BC31:BC41) -> 7 | BE30: 부: CIS05-2 | BF30: =COUNTA(BF31:BF41) -> 8 | BH30: 부: CIS07 | BI30: =COUNTA(BI31:BI41) -> 5 | BK30: 청: CIS01 | BL30: =COUNTA(BL31:BL41) -> 6 | BN30: 청: CIS02 | BO30: =COUNTA(BO31:BO41) -> 8 | BV30: 파견 | BW30: =COUNTA(BW31:BW42) -> 11
AJ31: 주유리 | AK31: 청년 | AL31: 구역장 | AM31: 김세르게이발레리예비치 | AN31: 청년 | AO31: 구역장 | AP31: 박지민(안윤희) | AS31: 김예카테리나 | AT31: 부녀 | AU31: 구역장 | AV31: 이이리나라디오노브나 | AW31: 부녀 | AX31: 구역장 | AY31: 박지민 | AZ31: 교역 | BA31: 구역장 | BB31: 홍수정 | BC31: 부녀 | BD31: 구역장 | BE31: 홍수정 | BF31: 부녀 | BH31: 한엘자 | BI31: 부녀 | BJ31: 구역장 | BK31: 이시우 | BL31: 청년 | BM31: 구역장 | BN31: 진실혜 | BO31: 청년 | BP31: 구역장 | BV31: 최유담 | BW31: 약수
AJ32: 김세진 | AK32: 장년 | AM32: 한세묜세묘노비치 | AN32: 장년 | AP32: 최릴리야 | AQ32: 부녀 | AS32: 문발레리야 | AT32: 부녀 | AU32: 부구역장 | AV32: 정갈리나 | AW32: 부녀 | AX32: 부구역장 | AY32: 이진모 | AZ32: 교역 | BB32: 박소정 | BC32: 부녀 | BD32: 부구역장 | BE32: 김현진 | BF32: 부녀 | BG32: 부구역장 | BH32: 박스베틀라나발레리야노브나 | BI32: 부녀 | BJ32: 부구역장 | BK32: 주마리나 | BL32: 청년 | BN32: 한올가 | BO32: 청년 | BP32: 부구역장 | BV32: 김효정 | BW32: 서울역
AJ33: 허드미트리 | AK33: 장년 | AM33: 강블라디미르파블로비치 | AN33: 장년 | AP33: 박옐레나 | AQ33: 부녀 | AS33: 칸타코바안나일리니치나 | AT33: 부녀 | AV33: 굴나라사드코바 | AW33: 부녀 | AY33: 박모이세이 | AZ33: 자문 | BB33: 김옥사나 | BC33: 부녀 | BE33: 이수현 | BF33: 부녀 | BH33: 토포로브스카야류드밀라 | BI33: 부녀 | BK33: 배알리나 | BL33: 청년 | BN33: 이정주 | BO33: 청년 | BV33: 김형구 | BW33: 신사
AJ34: 이드미트리 | AK34: 장년 | AM34: 손이고르아루투로비치 | AN34: 청년 | AP34: 최유나 | AQ34: 부녀 | AS34: 정류드밀라 | AT34: 부녀 | AV34: 김류드밀라 | AW34: 자문 | AY34: 쿠즈올가 | AZ34: 부녀 | BB34: 이지영 | BC34: 부녀 | BE34: 김희영 | BF34: 부녀 | BH34: 바그뉵나탈리야이바노브나 | BI34: 부녀 | BK34: 김따띠야나게오르게브나 | BL34: 청년 | BN34: 박지호 | BO34: 청년 | BV34: 정재홍 | BW34: 신사
AJ35: 박뱌체슬라브 | AK35: 장년 | AM35: 야쿠빈스키이드미트리이고레비치(155기) | AN35: 청년 | AP35: 🔺엘리나바투크흐티나 | AQ35: 부녀 | AS35: 최승미 | AT35: 부녀 | AV35: 주숙자 | AW35: 부녀 | AY35: 🔺강예카테리나 | AZ35: 부녀 | BB35: 임영선 | BC35: 부녀 | BD35: 부구역장 | BE35: 유지헌 | BF35: 부녀 | BH35: 도로페예바올가이바노브나 | BI35: 부녀 | BK35: 스미르노바예브게니야 | BL35: 청년 | BN35: 박혜주 | BO35: 청년 | BV35: 이난희 | BW35: 사당
AJ36: 김에두아르드 | AK36: 장년 | AM36: 🔺김예브게니알렉산드로비치 | AN36: 청년 | AP36: 🔺한옐레나 | AQ36: 부녀 | AS36: 🔺이다리야B | AT36: 부녀 | AV36: 박이리나빅토로브나 | AW36: 부녀 | AY36: 🔺한블라디슬라브 | AZ36: 청년 | BB36: 안소연 | BC36: 부녀 | BE36: 정희정 | BF36: 부녀 | BK36: 김요환 | BL36: 청년 | BN36: 자카르첸코마리야 | BO36: 청년 | BV36: 김지연 | BW36: 서울역
AM37: 🔺강파벨 | AN37: 청년 | AP37: 🔺리스베틀라나아나톨리예브나 | AQ37: 부녀 | AS37: 🔺김올가 | AT37: 청년 | AV37: 이소피아 | AW37: 부녀 | BB37: 한송연 | BC37: 부녀 | BE37: 이은정 | BF37: 부녀 | BK37: 배병건 | BN37: 박알리나루슬라노브나 | BO37: 청년 | BV37: 이수지 | BW37: 약수
AP38: 🔺이림마니콜라예브나 Ли Римма Николаевна | AQ38: 자문 | AV38: 두드키나스베트라나 | AW38: 부녀 | BE38: 박은혜 | BF38: 부녀 | BN38: 🔺남마르가리따 | BO38: 청년 | BV38: 안윤희 | BW38: 군포
AP39: 리알렉시나블라딜레노브나 | AQ39: 청년 | AV39: 출리나율리야그리고리예브나 | AW39: 부녀 | BV39: 이송희 | BW39: 서울시흥
BV40: 배기란 | BW40: 신사
BV41: 임진수 | BW41: 신사
AV47: 해외선교부
CB48: 우크라이나키이우지역
CB50: 강사: 이진모
I53: 러시아크림공화국 팀장: 이다리야A | AK53: 러시아 모스크바지역 해외지역 강사: | BH53: 우즈베키스탄(타슈켄트) 팀장: 박류드밀라 | BW53: 우크라이나 장년팀 | CK53: 우크라이나 부녀팀
I54: 통역: 배알리나 | BH54: 통역: 배알리나 | BW54: 우크라이나장년회팀장: 트로얀볼로드므르이바노브치 | CK54: 우크라이나부녀회팀장: 트로얀라르사아나톨리이브나
AQ56: c
C57: (크림반도) 사명자구역 CIS01 | D57: =COUNTA(D58:D66) -> 9 | F57: (크림반도) CIS02 | G57: =COUNTA(G58:G65) -> 7 | I57: (크림반도) CIS03 | J57: =COUNTA(J58:J64) -> 6 | L57: (크림반도) CIS04 | M57: =COUNTA(M58:M64) -> 5 | O57: (크림반도) 사랑구역 CIS05 | P57: 3 | R57: (크림반도) 사랑구역 CIS06 | S57: 3 | X57: (러시아) CIS01 | Y57: =COUNTA(Y58:Y65) -> 5 | AA57: (러시아) CIS02 | AB57: =COUNTA(AB58:AB72) -> 11 | AD57: (러시아) CIS03 | AE57: =COUNTA(AE58:AE72) -> 8 | AG57: (러시아) CIS04 | AH57: =COUNTA(AH58:AH68) -> 6 | AJ57: (러시아) CIS05 | AK57: =COUNTA(AK58:AK68) -> 8 | AM57: (러시아) CIS06 | AN57: =COUNTA(AN58:AN70) -> 4 | AP57: (러시아) CIS07 | AQ57: =COUNTA(AQ58:AQ68) -> 8 | AS57: (러시아) CIS08 | AT57: =COUNTA(AT58:AT68) -> 8 | AV57: (러시아) 신앙관리구역 | AW57: =COUNTA(AW58:AW77) -> 6 | BE57: 우즈베키스탄(타슈켄트) 사명자 CIS01 | BF57: =COUNTA(BF58:BF68) -> 3 | BH57: 우즈베키스탄 CIS02 | BI57: =COUNTA(BI58:BI68) -> 7 | BK57: 우즈베키스탄 CIS03 | BL57: 5 | BN57: 우즈베키스탄 CIS04 | BO57: =COUNTA(BO58:BO68) -> 6 | BV57: 새 : CIS01 | BW57: =COUNTA(BW58:BW70) -> 11 | BY57: 새 : CIS2 | BZ57: =COUNTA(BZ58:BZ73) -> 10 | CE57: 새 : CIS01-1 | CF57: =COUNTA(CF58:CF73) -> 13 | CH57: 새 : CIS01-2 | CI57: =COUNTA(CI58:CI73) -> 7 | CK57: 새 : CIS01-3 | CL57: =COUNTA(CL58:CL68) -> 5 | CN57: 새 : CIS02 | CO57: =COUNTA(CO58:CO68) -> 7 | CQ57: 새 : CIS03 | CR57: =COUNTA(CR58:CR70) -> 4 | CT57: 새 : CIS04 | CU57: =COUNTA(CU58:CU72) -> 9
C58: 이다리야A | D58: 자문 | E58: 팀장 | F58: 칸니베츠류드밀라 | G58: 자문 | H58: 구역장 | I58: 솔로도브닉안드레이 | J58: 장년 | K58: 구역장 | L58: 마의코마르가리따 | M58: 부녀 | N58: 구역장 | O58: 스미르노바올레나빅토리브나 | P58: 부녀 | Q58: 구역장 | R58: 이다리야A | S58: 자문 | X58: 스미르노바예브게니야 | Y58: 청년 | Z58: 구역장 | AA58: 부하리놉알렉세이유리예비치 | AB58: 장년 | AC58: 새신자구역장 | AD58: 셰르바코프드미트리발레리예비치 | AE58: 장년 | AF58: 새신자구역장 | AG58: 코르네예바예카테리나유리예브나(크림부) | AH58: 부녀 | AI58: 새신자구역장 | AJ58: 소히보바예카테리나알렉세예브나 Сохибова Екатерина Алексеевна | AK58: 부녀 | AL58: 새신자구역장 | AM58: 바세니나올가알렉산드로브나 Васенина Ольга Александровна | AN58: 부녀 | AO58: 구역장 | AP58: 모르구노바올가 | AR58: 구역장 | AS58: 시들랴레비치크세니야겐나디예브나(29) | AT58: 부녀 | AU58: 구역장 | AV58: 스미르노바예브게니야 | AX58: 구역장 | BE58: 박류드밀라 | BG58: 팀장 | BH58: 박류드밀라 | BI58: 자문 | BJ58: 팀장 | BK58: 박류드밀라 | BM58: 팀장 | BN58: 틴옐레나비탈리예브나 | BV58: 트로얀볼로드므르이바노브치 | BW58: 장년 | BX58: 구역장 | BY58: 안토넨코 뱌체슬라브 | BZ58: 장년 | CA58: 구역장 | CE58: 트로얀라르사아나톨리이브나 Троян Лариса Анатоліївна | CF58: 부녀 | CG58: 팀장 | CH58: 판텔레예바니나바슬리브나 | CI58: 부녀 | CJ58: 부구역장 | CK58: 일킵갈리나바실리브나 | CL58: 청년 | CM58: 부구역장 | CN58: 이바노바발렌트나세르기이브나 | CO58: 부녀 | CP58: 구역장 | CQ58: 네샤딤알라아나톨리예브나 | CS58: 구역장 | CT58: 마의코마르가리따
C59: 우사초브빅토르 | D59: 자문 | E59: 새구 | F59: 사모쉬키나이리나니콜라예브나 | G59: 자문 | H59: 부구역장 | I59: 보론코프이반드미트로비치 | J59: 청년 | K59: 부구역장 | L59: 블라슈크알라니콜라예브나 | M59: 부녀 | N59: 부구역장 | O59: 코노노바옐레나바실리예브나 | P59: 부녀 | R59: 보츠코바나탈리야아나톨리예브나 | S59: 부녀 | X59: 디야츠코바야나유리예브나 Дьячкова Яна Юрьевн | Y59: 청년 | Z59: 부구역장 | AA59: 부슬로브스키로만블라디미로비치 | AB59: 장년 | AC59: 부구역장 | AD59: 이바놉블라디슬랍안드레예비치 | AE59: 장년 | AG59: 무라비요바나탈리야알렉산드로브나 Муравьёва Наталья Александровна | AH59: 부녀 | AJ59: 카사트키나옐레나게오르기예브나 Касаткина Елена Георгиевна | AK59: 부녀 | AL59: 부구역장장 | AM59: 예브도키모바나탈리야세르게예브나 Евдокимова Наталья Сергеевна | AN59: 부녀 | AO59: 부구역장 | AP59: 페드첸코옐레나알렉산드로브나 | AQ59: 부녀 | AR59: 부구역장 | AS59: 아브라모바아가브닉발레리예브나(35) | AT59: 부녀 | AV59: 🔺쵸르나야스베틀라나알렉산드로브나 Чёрная Светлана | AW59: 부녀 | BE59: 김엘리자베따 | BF59: 부녀 | BH59: 김플로라 | BI59: 자문 | BK59: 한예카테리나발렌티노브나 Хан Екатерина | BL59: 부녀 | BN59: 유르코바폴리나발레리예브나 | BO59: 부녀 | BP59: 부구역장 | BV59: 바즐축안드리이바노브치 | BW59: 장년 | BX59: 부구역장 | BY59: 스브스툰므콜라보르소브치 Свистун Николай Борисович | BZ59: 장년 | CA59: 부구역장 | CE59: 라자렌쿠스베틀라나블라디미르 | CF59: 부녀 | CH59: 막발라무샴바제 | CI59: 부녀 | CK59: 코발렌코 류보브 이바니브나 Коваленко Любов Іванівна | CL59: 자문 | CN59: 판첸코나탈리야이바니브나 | CO59: 부녀 | CP59: 구역장 | CQ59: 벡마토바마이람칸자파르사드코브나 | CR59: 자문 | CS59: 부구역장 | CT59: 카츠코브시카류드믈라올렉산드리브나 | CU59: 부녀
C60: 모르구노바올가 | D60: 자문 | E60: 새구 | F60: 예기얀발렌티나 | G60: 자문 | I60: 칸니베츠겐나디 | J60: 자문 | L60: 추이코라리사세묘노브나 | M60: 자문 | O60: 사르다랸사티크우나노브나 | P60: 부녀 | R60: 파니나옐레나유리예브나 | S60: 부녀 | X60: 디야츠코바빅토리야유리예브나 | Y60: 청년 | AA60: 카자콥콘스탄틴알렉산드로비치 | AB60: 장년 | AD60: 벡케르안드레이야코블레비치 | AE60: 청년 | AG60: 솔로도브닉나탈리야알렉산드로브나 Солодовник Наталья Александровна | AH60: 부녀 | AJ60: 미나소바갈리나예브게니예브나 | AK60: 부녀 | AM60: 굴리나마리나알렉산드로브나 Гулина Марина Александровна | AN60: 부녀 | AP60: 프로코피예바타티야나표도로브나(58) | AQ60: 부녀 | AR60: 부구역장 | AS60: 오코네쉬니코바일리나세르게예브나(26) | AT60: 청년 | AV60: 🔺우마로바마디나알리세로브나 Умарова Мадина Алишеровна | AW60: 청년 | BE60: 박지나이다엔디노브나 | BF60: 부녀 | BH60: 박바딤 | BI60: 자문 | BK60: 발로바타티야나티모페예브나 | BL60: 자문 | BN60: 울키나빅토리야뱌체슬라보브나 | BO60: 청년 | BV60: 골로브코안드리아나톨리요브치 | BW60: 장년 | BY60: 쁠레솝스키흐스타니슬라프이바노비치 Плесовских Станислав Иванович | BZ60: 장년 | CE60: 체첼니즈카한나 | CF60: 부녀 | CH60: 모로즈이르나므하일리브나 | CI60: 부녀 | CK60: 랴쉔코스비틀라나야키브나 | CL60: 자문 | CN60: 나우멘코타티야나바실리예브나 | CO60: 부녀 | CQ60: 므론츠코바리디야올렉시이브나 | CR60: 자문 | CT60: 쿨리니치타티야나알렉산드로브나 | CU60: 부녀
C61: 셰르바코프드미트리발레리예비치 | D61: 장년 | E61: 새팀 | F61: 페트렌코스베틀라나 | G61: 자문 | I61: 오삿치데니스니콜라예비치 | J61: 장년 | L61: 라브준율리야므콜라이브나 | M61: 부녀 | O61: 가브릴로바옐레나알렉세예브나 | P61: 부녀 | X61: 페트로샨아스믹이쉬하노브나 Петросян Асмик Ишхановна | Y61: 청년 | AA61: 주마쉡누르벡쿠바느치베코비치 | AB61: 장년 | AD61: 익나티옙예브게니미하일로비치 | AE61: 청년 | AG61: 포미체바올레샤아다모브나 Фомичева Олеся Адамовна | AH61: 부녀 | AJ61: 아미르하냔루시네오비코브나 Амирханян Лусине Овиковна | AK61: 부녀 | AM61: 브라기나예브게니야빅토로브나 Брагина Евгения Викторовна | AN61: 부녀 | AP61: 무하메토바리다이스마길로브나 | AQ61: 자문 | AS61: 키셀레바아나스타시야아나톨리예브나(38) | AT61: 부녀 | AV61: 🔺샤틴스카이테엘랴나유리예브나 Шатинскайте Эляна Юрьевна | AW61: 부녀 | BE61: 오레나 | BF61: 부녀 | BH61: 문엘리자벳 | BI61: 자문 | BK61: 박인가니콜라예브나 | BL61: 자문 | BN61: 레임바예바말리카아흐마도브나 | BO61: 청년 | BV61: 주콥안드레이올레고비치 | BW61: 장년 | BX61: 카자흐스탄 | BY61: 스크리프첸코표트르알렉세예비치 Скрипченко Петр Алексеевич | BZ61: 장년 | CA61: 카자흐스탄 | CE61: 골로브코나디야느크포리브나 | CF61: 자문 | CH61: 다즈카야올가세르기이브나 Дацкая Ольга Сергіївна | CI61: 부녀 | CJ61: 구역장장 | CK61: 마누엘안토니오올레나레오니디브나 | CL61: 부녀 | CN61: 니지예바류드믈라므콜라이브나 | CO61: 부녀 | CQ61: 세레다이르나그르고리브나 | CR61: 부녀 | CT61: 푸즈냐스베틀라나바실리예브나 | CU61: 부녀
C62: 최타이시아 | D62: 부녀 | E62: 새팀 | F62: 마슬렌코바나탈리야 | G62: 부녀 | I62: 라흐마툴린안드레이자비로비치 | J62: 장년 | L62: 🔺오사드차클라브디야므콜라이브나 | M62: 청년 | O62: 크라스노바옥사나레오니도브나 | P62: 부녀 | X62: 스테파노바아나스타시야 | Y62: 청년 | AA62: 르발코알렉세이블라디미로비치 | AB62: 장년 | AD62: 게르마놉빅토르블라디미로비치 156-1 | AE62: 청년 | AG62: 벨로굽이리나이바노브나 Белогуб Ирина Ивановна | AH62: 부녀 | AJ62: 넵스카야타티야나스타니슬라보브나 Невская Татьяна Станиславовна | AK62: 부녀 | AP62: 코발축류드밀라빅토로브나 | AQ62: 자문 | AS62: 니껠리디야빅토로브나(25) | AT62: 부녀 | AV62: 🔺스테파시나올가빅토로브나 Стефашина Ольга Викторовна | AW62: 부녀 | BH62: 투르수노브슈흐라트쇼디베코비치 | BI62: 장년 | BK62: 🔺판밀라찬바노브나 | BL62: 자문 | BN62: 🔺풀라토바자리나알리쉐로브나 | BO62: 부녀 | BV62: 프루드쿤블라디미르니콜라예비치 | BW62: 장년 | BY62: 파블렌코이르나페트리브나 Павленко Ірина Петрівна | BZ62: 부녀 | CE62: 베르겔레스류보브올렉산드리브나 | CF62: 자문 | CH62: 🔺트리포노바빅토리야빅토로브나(우크) | CI62: 부녀 | CK62: 본다렌코올가세르게예브나 Бондаренко Ольга | CL62: 부녀 | CN62: 로식인나므하일리브나 | CO62: 부녀 | CQ62: 브라쥐코옥사나올렉산드리브나 | CR62: 부녀 | CT62: 고몬타티야나알렉산드로브나 | CU62: 부녀
C63: 셰르바코바아나스타시야 | D63: 부녀 | E63: 새구 | F63: 조이갈리나알렉세예브나 | G63: 자문 | I63: 우튼코이반비탈리예비치 Утынко Иван Витальевич | J63: 장년 | AA63: 시들랴라비치알렉산드르 | AB63: 장년 | AD63: 르발코니키타알렉세예비치 | AE63: 청년 | AG63: 그리고랸나탈리야이고례브나 Григорян Наталья Игоревна | AH63: 부녀 | AJ63: 알비나볼로토바 | AK63: 부녀 | AP63: 노우르리디야알렉산드르로브나(69) | AQ63: 부녀 | AS63: 파르추루치야게오르기이(36) | AT63: 청년 | AV63: 🔺크레호바예카테리나안드레예브나(32) | AW63: 부녀 | BH63: 아사도바마쉬후라노시로브나 | BI63: 부녀 | BK63: 🔺반소피야 Пан София | BL63: 자문 | BN63: 브도비나비올레따비탈리예브나 | BO63: 학생 | BV63: 무샴바드제민디아노도비치 Мушамбадзе Миндиа | BW63: 장년 | BY63: 보고몰로바예브게니야므콜라이브나 Богомолова Евгения Николаевна | BZ63: 부녀 | CE63: 골로브코릴리야아나톨리이브나 | CF63: 부녀 | CH63: 코발료바스비틀라나올렉산드리브나 | CI63: 부녀 | CN63: 볼로튝이르나세르기이브나 | CO63: 부녀 | CT63: 레온칙나탈리야페트로브나 | CU63: 부녀
C64: 실리나나탈리야 | D64: 부녀 | E64: 새구 | F64: 미나조바나데즈다니콜라예브나 | G64: 부녀 | AA64: 예브도키몹로만예브게니예비치 | AB64: 장년 | AD64: 벨로굽일리야안드레예비치 Белогуб Илья Андреевич | AE64: 청년 | AJ64: 바자노바나탈리야블라디미로브나 | AK64: 부녀 | AP64: 김옐리자베타페트로브나 Ким Елизавета Петровна | AQ64: 부녀 | AS64: 디야츠코바예카테리나유리예브나 Дьячкова Екатерина Юрьевна | AT64: 부녀 | AV64: 🔺스토야노바류보브파블로브나(25) | AW64: 청년 | BG64: 부구역장 | BH64: 구반코바발렌티나발레리예브나 | BI64: 청년 | BJ64: 부구역장 | BK64: 🔺박올가페트로브나 Пак Ольга Петровна | BL64: 부녀 | BN64: 아크마토바마디나마이람베코브나 | BO64: 청년 | BV64: 로조브시크이스타니슬랍아나톨리요브치 | BW64: 장년 | BY64: 빌르이볼로드므르아나톨리요브치(153-5기) | BZ64: 장년 | CE64: 른늑카테르나이바노브나 | CF64: 부녀 | CH64: 클레반스카야스비틀라나드미트리예우나 | CI64: 부녀 | CN64: 노보하즈카크세니야므콜라이브나 | CO64: 부녀 | CT64: 크라브체냐류드믈라볼로드므리브나 | CU64: 부녀
C65: 셀륜안토니나 | D65: 부녀 | E65: 새구 | AA65: 🔺즈가넨코세르게이알렉산드로비치 | AB65: 장년 | AD65: 말르쉐브이고리세르게예비치 | AE65: 장년 | AJ65: 질린스카야옐레나레오니도브나 | AK65: 부녀 | AL65: 새신자구역장 | AP65: 글라드키흐타마라알렉산드로브나 | AQ65: 자문 | AS65: 똔키흐발레리야 | AT65: 청년 | BV65: 노보하즈키안드레이아나톨리예비치 | BW65: 장년 | BY65: 보구즈키예브게니파블로브치 | BZ65: 장년 | CE65: 마르말륙마리나블라디미로브나 | CF65: 부녀 | CT65: 크르탼시라누쉬 | CU65: 부녀
C66: 페트리쉬나타티아나 | D66: 부녀 | E66: 새구 | AA66: 🔺피스쿠놉알렉산드르올레고비치 Пискунов Александр Олегович | AB66: 청년 | AP66: 다비도비치리디야니콜라예브나 | AQ66: 자문 | BV66: 코발렌코이반그르고로브치 | BW66: 자문 | BY66: 드야콥올렉산드르므콜라요브치 | BZ66: 장년 | CE66: 쿨르느츠빅토리아 | CF66: 청년 | CT66: 토브트마리야페트리브나 | CU66: 부녀
AA67: 🔺가바이둘린라딕라쉬토비치 | AB67: 장년 | BV67: 고몬올렉산드르드므트로브치 | BW67: 장년 | BY67: 숄루흐바딤 | BZ67: 장년 | CE67: 스켑시카이르나므콜라이브나 | CF67: 부녀 | CT67: 고르디옌코나디야빅토리브나 | CU67: 부녀
AA68: 🔺바쉴롭안드레이블라디미로비치 | AB68: 장년 | BV68: 베르겔레스안드리페도로브치 | BW68: 자문 | CE68: 폴리슉빅토리야올렉시이브나 | CF68: 부녀
CE69: 🔺김스베틀라나 | CF69: 부녀
CE70: 오가네샨리디야그르고리브나 | CF70: 자문
L77: 크림새신자팀 | AJ77: 모스크바 새신자팀 | BH77: 새신자 | CC77: 우크라이나 청년팀
L78: 크림새신자팀장: 셰르바코바아나스타시야 | AJ78: 팀장: 페트로샨아스믹이쉬하노브나 | BH78: 우즈벡새신자팀장: 김엘리자베따 | CC78: 우크라이나청년새신자팀장: 자카르첸코마리야
X79: =SUM(M81,P81,S81,V81) -> 18 | AQ79: =SUM(AH81,AK81,AN81,AQ81,AT81) -> 40
I81: 새 : CIS01 | J81: =COUNTA(J82:J97) -> 15 | L81: 새 : CIS02 | M81: =COUNTA(M82:M97) -> 8 | O81: 새 : CIS03 | P81: =COUNTA(P82:P96) -> 10 | AD81: 새 : CIS01 | AE81: =COUNTA(AE82:AE97) -> 9 | AG81: 새 : CIS02 | AH81: =COUNTA(AH82:AH97) -> 10 | AJ81: 새 : CIS03 | AK81: =COUNTA(AK82:AK94) -> 3 | AM81: 새 : CIS04 | AN81: =COUNTA(AN82:AN94) -> 8 | AP81: 학생1 | AQ81: =COUNTA(AQ82:AQ96) -> 8 | AS81: 학생2 | AT81: =COUNTA(AT82:AT97) -> 11 | BE81: 새 : CIS01 | BF81: =COUNTA(BF82:BF92) -> 7 | BH81: 새 : CIS02 | BI81: 6 | BK81: 새 : CIS03 | BL81: =COUNTA(BL82:BL92) -> 4 | BV81: (우크라이나) CIS01 | BW81: =COUNTA(BW82:BW91) -> 3 | BY81: (우크라이나) CIS02-1 | BZ81: =COUNTA(BZ82:BZ100) -> 19 | CB81: (우크라이나) CIS02-2 | CC81: =COUNTA(CC82:CC100) -> 0 | CE81: (우크라이나) CIS03 | CF81: =COUNTA(CF82:CF100) -> 16 | CH81: (우크라이나) CIS04 | CI81: =COUNTA(CI82:CI96) -> 9 | CK81: (우크라이나) CIS05-1 | CL81: =COUNTA(CL82:CL92) -> 8 | CN81: (우크라이나) CIS05-2 | CO81: =COUNTA(CO82:CO92) -> 8
I82: 셰르바코바아나스타시야(크림부녀) | K82: 구역장 | L82: 코비젭아르툠올레고비치 Кобызев Артем Олегович | M82: 장년 | N82: 구역장 | O82: 바흐티나올가빅토로브나 Бахтина Ольга Викторовна | P82: 부녀 | Q82: 구역장 | AD82: 페트로샨아스믹이쉬하노브나 | AG82: 스테파노바아나스타시야 | AI82: 구역장 | AJ82: 아미르하냔루시네오비코브나 | AL82: 구역장 | AM82: 곤차로바수산나삼벨로브나 Гончарова Сусанна Самвеловна | AN82: 부녀 | AO82: 구역장장 | AP82: 쁠레솝스키흐루피나스타니슬라보브나 | AS82: 페트로샨아스믹이쉬하노브나 | BE82: 김엘리자베따 | BG82: 팀장 | BH82: 오레나 | BK82: 박지나이다 | BV82: 자카르첸코마리아 | BY82: 예구폽빅토르발레리예비치 | BZ82: 청년 | CA82: 구역장 | CD82: 구역장 | CE82: 랴부쉬즈갈르나므콜라이브나 Рябущиць Галина Миколаївна | CF82: 청년 | CG82: 구역장 | CH82: 멜느크비타므콜라이브나 | CI82: 부녀 | CJ82: 팀장장 | CK82: 칼라챤갈르나카미브나 | CM82: 팀장장 | CN82: 칼라챤갈르나카미브나 | CO82: 청년 | CP82: 구역장
I83: 술타냔레일리샤리포브나 | J83: 부녀 | L83: 바르나콥니콜라이겐나디예비치 Варнаков Николай | M83: 장년 | N83: 부구역장 | O83: 콜로드코마리야레오니도브나 Колодко Мария Леонидовна | P83: 부녀 | Q83: 부구역장 | AD83: 이그나찌예바아나스타시야비탈리예브나 | AE83: 청년 | AF83: 부구역장 | AG83: 레온테바예브게니야예브게니예브나 Леонтьева Евгения | AH83: 학생 | AI83: 부구역장 | AJ83: 아로얀루시네에미코브나 | AK83: 부녀 | AL83: 부구역장 | AM83: 샤마르디나안젤리카뱌체슬라보브나 | AN83: 부녀 | AP83: 톡토수놉이브라임누를란베코비치 | AQ83: 청년 | AR83: 부구 | AS83: 소바친스키키릴안드레예비치 | AT83: 학생 | AU83: 부구 | BE83: 타발디예바로자코르고노브나 | BF83: 부녀 | BG83: 부구역장 | BH83: 레임바예바줌라드아흐마도브나(96) | BI83: 청년 | BJ83: 부구역장 | BK83: 아브드라자코바로자자느베코브나 | BL83: 부녀 | BM83: 부구역장 | BV83: 🔺부트르멘코발렌트나세르기이브나 | BW83: 청년 | BY83: 크라브체냐마리야페트리브나 | BZ83: 청년 | CA83: 부구역장 | CE83: 크라베츠마르가르타아르테미브나 Кравець Маргарита Артемівна | CF83: 학생 | CG83: 부구역장 | CH83: 므하일류크카테르나므콜라이브나 | CI83: 부녀 | CJ83: 부구역장 | CK83: 우츠바토바알라므하일리브나 | CL83: 부녀 | CM83: 부구역장 | CN83: 쉐르슌야나안드리이브나 | CO83: 부녀 | CP83: 구역장
I84: 클로츠코바스베틀라나안드레예브나 | J84: 청년 | K84: 부구역장 | L84: 투르차니노브예브게니이빅토로비치 Турчанинов Евгений Викторович | M84: 장년 | O84: 정스베틀라나페트로브나 Чжен Светлана Петровна | P84: 부녀 | AD84: 오스파놉미람(26) | AE84: 청년 | AF84: 부구역장 | AG84: 라트셰바아나스타시야알렉산드로브나 Латышева Анастасия Александровна | AH84: 청년 | AJ84: 바달랸예기네삼벨로브나 | AK84: 부녀 | AM84: 코브제바아나스타시야세르게예브나 | AN84: 부녀 | AP84: 자프마리야유리이브나 | AQ84: 학생 | AR84: 부구 | AS84: 바나루아드리아나투도로비치 | AT84: 학생 | BE84: 누르무함베토바알튼이스마일로브나(64) | BF84: 부녀 | BH84: 예센쿨로바베라빅토로브나(92) | BI84: 부녀 | BK84: 바이스마코바자말칸아마노브나 | BL84: 부녀 | BV84: 🔺체렙니나빅토리야뱌체슬라비브나 | BW84: 부녀 | BY84: 바이츠게오르기이유리예비치 Вайц Георгий | BZ84: 청년 | CE84: 구조바빅토리야유리예브나 | CF84: 청년 | CG84: 부구역장 | CH84: 클르쉬코마리나세르게예브나 | CI84: 부녀 | CK84: 미로쉬느첸코알라볼로드므리브나 | CL84: 부녀 | CN84: 무사예바롤라알리쉐로브나 | CO84: 청년
I85: 무로바안나알렉산드로브나 | J85: 부녀 | L85: 루킨미하일니콜라예비치 Лукин Михаил Николаевич | M85: 장년 | O85: 우포로바지나이다바실리예브나 Упорова Зинаида Васильевна | P85: 부녀 | AD85: 보브로바디아나스테파노브나 | AE85: 청년 | AG85: 포폽키릴게오르기에비치 Попов Кирилл Георгиевич | AH85: 청년 | AJ85: 이사하냔타구이마미코노브나 | AK85: 청년 | AM85: 칼류즈나야올가빅토로브나 | AN85: 부녀 | AP85: 아만겔드예바아델리나우자로브나 | AQ85: 학생 | AS85: 도브간알렉산드라알렉산드로브나 | AT85: 학생 | BE85: 샤르쉐날리예바로자몰도이사예브나(62) | BF85: 부녀 | BH85: 이스마일로바루나라마라토브나(93) | BI85: 부녀 | BK85: 데니셴코올레샤니콜라예브나 | BL85: 부녀 | BV85: 🔺예키모바알렉산드라바디모브나 Екимова Александра | BW85: 청년 | BY85: 포보로즈뉴크드므트로올렉산드로브츠 | BZ85: 청년 | CE85: 므쉬신마르타이바니브나 Мищишин Марта Іванівна | CF85: 청년 | CH85: 셰브첸코마리야볼로드므리브나 | CI85: 부녀 | CK85: 로조브스카잔나올렉산드리브나 | CL85: 부녀 | CN85: 고보루셴코다니엘라세르게예브나 | CO85: 청년
I86: 포플라브스카야림마뱌체슬라보브나 | J86: 청년 | L86: 모킨블라디미르미하일로비치 | M86: 장년 | O86: 트루비즈나류드밀라니콜라예브나 Трубицына Людмила Николаевна | P86: 부녀 | AD86: 유집축마르가리타루슬라노브나 | AE86: 청년 | AG86: 코스튜츠콥안드레이블라디미로비치 Костючков Андрей Владимирович | AH86: 청년 | AM86: 구바넨코이리나레오니도브나 | AN86: 부녀 | AP86: 예구폽안드레이발레리예비치 | AQ86: 학생 | AS86: 라브준예바올렉산드리브나 | AT86: 학생 | BE86: 테미르바예바아이굴므르자크마토브나 | BF86: 부녀 | BH86: 레임바예바마무라아흐마도브나(96) | BI86: 청년 | BK86: 수윰쿨로바즐드즈칸도올론카노브나 | BL86: 부녀 | BY86: 멜느크세르기발레리요브츠 | BZ86: 청년 | CE86: 소보바스네자나알렉산드로브나 Собова Снежана Александровна | CF86: 청년 | CH86: 도쿠니나빅토리야볼로디미리브나 | CI86: 부녀 | CK86: 그라마빅토리야올레기브나 | CL86: 부녀 | CN86: 코노브르지카마르가르타세르기이브나 | CO86: 청년
I87: 포플라브스카야마르가리타뱌체슬라보브나 | J87: 청년 | L87: 솔로비옙니콜라이가브릴리예비치 | M87: 장년 | O87: 야코블레바류보브겐나디예브나 Яковлева Любовь Геннадьевна | P87: 부녀 | AD87: 즈나멘스키올렉올레고비치 | AE87: 청년 | AG87: 사무센코마리나유리예브나 | AH87: 부녀 | AM87: 부슬로브스카야올가겐나디예브나 | AN87: 부녀 | AP87: 바세닌키릴알렉산드로비치 | AQ87: 학생 | AS87: 셰르바콥마트페이야코블레비치 | AT87: 학생 | BE87: 하르첸코알라니콜라예브나 | BF87: 부녀 | BH87: 일테랴코바아나스타시야유리예브나 Ильтерякова | BI87: 부녀 | BY87: 마카예바알리나비탈리이브나 | BZ87: 청년 | CE87: 수호노스디나므콜라이브나 Сухонос Діна Миколаївна | CF87: 청년 | CH87: 크라스노바이류드믈라안드리이브나 | CI87: 청년 | CK87: 미로쉬느첸코마르가르타올렉산드리브나 | CL87: 부녀 | CN87: 샴슈리나발레리야올렉산드리브나 | CO87: 청년
I88: 안드리엔코베로니카안드레예브나 | J88: 청년 | L88: 슈옙비탈리알렉산드로비치 | M88: 장년 | O88: 흐리샤노비치타티야나블라디미로브나 Хрищанович Татьяна Владимировна | P88: 부녀 | AD88: 이바노바일로나이디베코브나 | AE88: 청년 | AG88: 바라노바다리야세르게예브나 | AH88: 청년 | AM88: 예기아자르얀소나사하키 | AN88: 청년 | AP88: 유레비치티모페이예브게니예비치 | AQ88: 학생 | AS88: 르발코소피야알렉세예브나 | AT88: 학생 | BE88: 오니셴코옐레나세르게예브나 | BF88: 부녀 | BH88: 🔺박타밀라아드하모브나 PAK TAMILLA ADXAMOVNA | BI88: 청년 | BY88: 구스토바예브게니야세르기이브나 | BZ88: 청년 | CE88: 지노브예바올레샤올렉산드리브나 Зінов'єва Олеся Олександрівн | CF88: 청년 | CH88: 크라스노바이올렉산드라안드리이브나 | CI88: 청년 | CK88: 갈랴스나디야올레기브나 | CL88: 부녀 | CN88: 보즈제니코바나탈랴올렉산드리브나 | CO88: 청년
I89: 게크셀타티야나세르게예브나 | J89: 부녀 | L89: 유로브세르게이니콜라예비치 | M89: 장년 | O89: 세르바코바라이사미하일로브나 Щербакова Раиса Михайловна | P89: 부녀 | AD89: 니키툐노크야나블라디미로브나 | AE89: 청년 | AG89: 르발코코빅토리야아나톨리예브나 | AH89: 청년 | AM89: 레비즈카야다리야레오니도브나 | AN89: 청년 | AP89: 타라슉빅토리야이바니브나 | AQ89: 학생 | AS89: 오가냔비탈리마라토비치 | AT89: 학생 | BE89: 쿠슈바코바촐폰칼무라토브나 | BF89: 부녀 | BY89: 파틀라흐나자르빅토로비치 Патлах Назар | BZ89: 학생 | CE89: 볼로튝블라다이바노브나 Болотюк Влада Ивановна | CF89: 청년 | CH89: 본다르갈르나야로슬라비브나 | CI89: 학생 | CK89: 아타자노바자미라아타하니브나 | CL89: 청년 | CN89: 돌가카테르나볼로드므리브나 Долга Катерина Владимировна | CO89: 청년
I90: 에세날리예바메에림오무르베코브나 | J90: 청년 | O90: 베르드니코바나탈리야바실리예브나 Бердникова Наталья Васильевна | P90: 부녀 | AD90: 크바츄크나데즈다알렉세예브나 | AE90: 청년 | AG90: 포포바율리야안드레예브나 | AH90: 청년 | AP90: 소히봅보그단페루조비 | AQ90: 유년 | AS90: 구쉬이반 | AT90: 학생 | BY90: 바즐축드므트로안드리요브치 | BZ90: 청년 | CE90: 즐리나옐르자베타안드리이브나 | CF90: 청년 | CG90: 부구역장 | CH90: 153-5/마슬랴나아나스타시야뱌체슬라비브나 | CI90: 부녀 | CK90: 마르트뉵릴리야페트리브나 | CL90: 청년
I91: 진졸리야마디나테이무라조브나 | J91: 청년 | O91: 피오투흐예카테리나바디모브나(154-4) | P91: 부녀 | AD91: 빌로킨발레리야바실리예브나 | AE91: 청년 | AG91: 그로모바아나스타시야드미트리예브나 | AH91: 청년 | AS91: 쿠누차코바나탈리야아르투로브나 | AT91: 학생 | BY91: 바즐축비탈리안드리요브치 | BZ91: 청년 | CE91: 베스코로바이나소피야뱌체슬라비브나 | CF91: 학생
I92: 파세츠닉안나블라디미로브나 | J92: 청년 | AG92: 🔺안토뉴크마리야이바노브나 Антонюк Мария | AH92: 학생 | AS92: 쿠브스키일리야올레고비치 | AT92: 학생 | BY92: 바즐축올렉산드르안드리요브치 | BZ92: 청년 | CE92: 🔺죠흐마르나세르기이브나 Дзьох Марина Сергiiвна | CF92: 청년
I93: 르발코타티야나발레리예브나 | J93: 부녀 | AS93: 골반보그단바실리예비치 | AT93: 학생 | BY93: 콜첸코베니아민예브게니예비치 | BZ93: 학생 | CE93: 🔺마르첸코율리야올레고브나 Марченко Юлия | CF93: 학생
I94: 바지나이리나알렉산드로브나 | J94: 청년 | BY94: 유르콥사이드존싣디코비치 | BZ94: 학생 | CE94: 드라군타티야나드미트리예브나 | CF94: 청년
I95: 🔺바쉴로바빅토리야세르게예브나 | J95: 부녀 | BY95: 스네즈크이우스틈비탈리요브치 | BZ95: 청년 | CE95: 두브냑 야나 페트리브나 | CF95: 청년
I96: 🔺오브친니코바안나아나톨리예브나 | J96: 청년 | BY96: 🔺코스텐코므하일로바슬료브치 | BZ96: 청년 | CE96: 본다르보그다나야로슬라비브나 Богдана Бондар | CF96: 청년
I97: 🔺페트로샨츠카리나이쉬하노브나 | J97: 청년 | BY97: 🔺아켄치즈베로니카블라디미로브나 | BZ97: 청년 | CE97: 🔺루드첸코올가므콜라이브나 Рудченко Ольга Миколаївна | CF97: 부녀
BY98: 🔺바흐롬조다무하마드 | BZ98: 청년
BY99: 🔺두스토바사브리나잠셰도브나 | BZ99: 청년
BY100: 🔺알림조다마흐부바토지딘 | BZ100: 청년
BY101: 🔺메드베드스키요스프므하일로브츠 | BZ101: 청년
AG103: 카자흐스탄알마티지역 | BI103: 카자흐스탄악토베지역
AG106: 카자흐스탄팀장: 기블레르마리나 | BK106: 팀장:후사이노바베라
AD109: (카자흐스탄) 사명자구역 CIS01 | AE109: =COUNTA(AE110:AE120) -> 6 | AG109: (카자흐스탄) CIS02 | AH109: =COUNTA(AH110:AH117) -> 7 | AJ109: (카자흐스탄) CIS03 | AK109: =COUNTA(AK110:AK117) -> 7 | AM109: (카자흐스탄) CIS04 | AN109: =COUNTA(AN110:AN117) -> 7 | BE109: (카자흐스탄) 사명자구역 CIS01 | BF109: =COUNTA(BF110:BF117) -> 6 | BH109: (카자흐스탄) CIS02 | BI109: =COUNTA(BI110:BI117) -> 6 | BK109: (카자흐스탄) CIS03 | BL109: =COUNTA(BL110:BL117) -> 6 | BN109: 새 : CIS04 | BO109: =COUNTA(BO110:BO123) -> 7 | BQ109: 새 : CIS05 | BR109: =COUNTA(BR110:BR123) -> 5
AD110: 기블레르마리나 | AE110: 부녀 | AF110: 팀장 | AG110: 최트로핌 | AI110: 구역장 | AJ110: 칼가노바류드밀라 | AK110: 자문 | AL110: 구역장 | AM110: 조니나(카.자) | AO110: 구역장 | BE110: 후사이노바베라발렌티노브나 | BF110: 부녀 | BG110: 팀장 | BH110: 쿠자흐메토바사라아흐메토브나 | BI110: 부녀 | BJ110: 구역장 | BK110: 나우루즈바옙아흐마디아타튜르코비치(카.새청) | BL110: 청년 | BM110: 새신자구역장 | BN110: 를끼나나탈리야블라디미로브나 | BQ110: 김릴리야미하일로브나 Ким Лилия Михайловна | BR110: 부녀
AD111: 조니나 | AE111: 자문 | AG111: 최아파나시니콜라예비치 | AH111: 자문 | AI111: 부구역장 | AJ111: 헤가이타마라 | AK111: 자문 | AL111: 부구역장 | AM111: 아만졸로바굴미라아미로브나(카자흐) | AN111: 부녀 | AO111: 부구역장 | BE111: 틴옐레나비탈리예브나 | BF111: 청년 | BH111: 칸라리사표도로브나(부구님) | BI111: 자문 | BJ111: 부구역장 | BK111: 나우루즈바옙 키릴 아타튜르코비치(카자흐) | BL111: 청년 | BM111: 새신자구역장 | BN111: 콘드라티예바옥사나이바노브나 Кондратьева Оксана Ивановна | BO111: 부녀 | BP111: 새신자부구역장장 | BQ111: 이디리소바아나라아산베코브나 Идирисова Анара | BR111: 부녀 | BS111: 새신자부구역장장
AD112: 로마노바소피야 | AE112: 자문 | AG112: 제놉 빅토르 페트로비치 Зенов Виктор Петрович | AH112: 자문 | AJ112: 최라리사 | AL112: 부구역장 | AM112: 스기브녜바 류드밀라 미하일로브나 카키모브나 Сгибнева Людмила Михайловна | AN112: 자문 | BE112: 마흐무토바줄피야얄쿠노브나 Махмутова Зульфия Ялкуновна | BF112: 청년 | BH112: 나우루즈바예바아이자다카키모브나 | BI112: 자문 | BK112: 라리오놉 다울렛 알렉세예비치(카자흐) | BL112: 청년 | BN112: 베케토바라리사자케나브나 Бекетова Лариса | BO112: 부녀 | BQ112: 스코로호드스베틀라나유리예브나 Скороход Светлана Юрьевна | BR112: 부녀
AD113: 시도로바나일랴 | AE113: 부녀 | AG113: 이알렉세이 | AH113: 장년 | AJ113: 미로노바마리나아나톨리예브나 | AK113: 부녀 | AL113: 부구역장 | AM113: 예고로바류드밀라 | AN113: 부녀 | BE113: 🔺이브라기모바나시야 Ибрагимова Насия Ахметовна | BF113: 부녀 | BH113: 추파히나나탈리야알렉산드로브나 | BI113: 자문 | BK113: 🔺부르케예바디아나블라디미로브나 Буркеева Диана Владимировна | BL113: 청년 | BN113: 니자메디노바구젤야알림쟈노브나 Низамединова Гузеля Алимжановна | BO113: 부녀 | BQ113: 클라브디노바타티야나바실리예브나 Клавдинова Татьяна Васильевна | BR113: 부녀
AD114: 코메코바아이트쿨오티즈바예브나 | AE114: 부녀 | AG114: 코로봅이고르블라디미로비치 Коробов Игорь | AH114: 장년 | AJ114: 류리따 | AK114: 자문 | AM114: 김글라피라니콜라예브나(구님) | AN114: 부녀 | BE114: 🔺록테바올레샤세르게예브나 Локтева Олеся Сергеевна | BF114: 청년 | BH114: 하잠쿨로바굴나라아른바사로브나 | BI114: 부녀 | BJ114: 새신자구역장장 | BK114: 테도조이드제(152-4) | BN114: 이스라일로바나즈굴오스판바예브나 Исраилова Назгуль Оспанбаевна | BO114: 부녀 | BP114: 새신자구역장장 | BQ114: 마카예바아나스타시야빅토로브나 Макаева Анастасия Викторовна | BR114: 부녀 | BS114: 새신자구역장장 | CW114: ``````````
AD115: 쁠레솝스키흐타티야나보리소브나 | AE115: 부녀 | AG115: 최비싸리온드미트리예비치 Цой Виссарион | AH115: 장년 | AJ115: 두비니나베라블라디미로브나 | AK115: 부녀 | AM115: 최스베틀라나알렉세예브나 Цой Светлана Алексеевна | AN115: 부녀 | BE115: 🔺발타바예바미람굴이르기즈크즈 Балтабаева Мирамгул Иргизкызы | BF115: 청년 | BH115: 🔺카라쵸바타티야나빅토로브나 | BI115: 부녀 | BK115: 구레옙이반빅토로비치(152-4) | BN115: 자카노바아이나쉬발라베코브나 Жаканова Айнаш Балабековна | BO115: 부녀
AG116: 🔺사그데옙티모페이불라토비치 | AH116: 장년 | AJ116: 오그녜바이리나블라디미로브나 | AK116: 부녀 | AM116: 아크피로바주흐라사드코브나 Акпирова Зухра Садыковна | AN116: 부녀 | BK116: 기블레르이고르로마노비치 Киблер Игорь (학생) | BL116: 학생 | BN116: 🔺카나피나인나세르게예브나 Канафина Инна Сергеевна | BO116: 부녀
AG117: 🔺코메콥누르벡쉰그스칸지예비치 Комеков Нурбек Шынгысказиевич | AH117: 장년 | AJ117: 🔺마네소바옐레나블라디미로브나 | AK117: 부녀 | AM117: 주코바마리나겐나디예브나 Жукова Марина Геннадьевна | AN117: 부녀 | BK117: 구레옙이반빅토로비치 | BL117: 학생 | BN117: 🔺모로조바타티야나빅토로브나 Морозова Татьяна Викторовна | BO117: 부녀
AG118: 🔺두비닌발레리발렌티노비치 | AH118: 장년 | AJ118: 🔺아브두라흐마노바베네라지누로브나 | AK118: 부녀 | AM118: 쿨리니츠알라 | AN118: 부녀
AG119: 🔺마네소브알렉산드르샤무라토비치 | AH119: 장년 | AJ119: 🔺아슬라노바소피야사비로브나 | AK119: 청년 | AM119: 🔺사드바카소바라자트예심카노브나 Садвакасова Лазат Есимкановна | AN119: 부녀
AM120: 🔺움베탈리나랴자트샹게레예브나 Умбеталина Ляззат Шангереевна | AN120: 부녀
AM121: 🔺샤이마르다노바 오라즈비베 샤이호브나 Шаймарданова Оразбибе | AN121: 부녀
AG125: 카자흐스탄새팀장: 쁠레솝스키흐타티야나보리소브나 | BF125: 카자흐스탄 악토베지역 새팀장: 나우루즈바예바미르굴비심바예브나
AA128: 카자흐(새)01-1 | AB128: =COUNTA(AB129:AB139) -> 10 | AD128: 새 : CIS1-2 | AE128: =COUNTA(AE129:AE141) -> 5 | AG128: 카자흐(새)02-1 | AH128: =COUNTA(AH129:AH139) -> 10 | AJ128: 카자흐(새)02-2 | AK128: =COUNTA(AK129:AK143) -> 8 | AM128: 카자흐(새)03-1 | AN128: =COUNTA(AN129:AN140) -> 11 | AP128: 카자흐(새)03-2 | AQ128: =COUNTA(AQ129:AQ140) -> 5 | BE128: 새 : CIS01 | BF128: =COUNTA(BF129:BF139) -> 5 | BH128: 새 : CIS02 | BI128: =COUNTA(BI129:BI139) -> 9 | BK128: 새 : CIS03 | BL128: =COUNTA(BL129:BL139) -> 10 | BN128: 새 : CIS04 | BO128: =COUNTA(BO129:BO139) -> 4
AA129: 로마노바소피야 | AD129: 로마노바소피야 | AF129: 구역장 | AG129: 코메코바아이트쿨오티즈바예브나 | AI129: 구역장 | AJ129: 코메코바아이트쿨오티즈바예브나 | AL129: 구역장 | AM129: 쁠레솝스키흐타티야나보리소브나 | AO129: 구역장 | AP129: 쁠레솝스키흐타티야나보리소브나 | AR129: 구역장 | BE129: 나우루즈바예바미르굴비심바예브나(카자흐부녀) | BG129: 새신자팀장 | BH129: 시도로바나일랴 | BK129: 하잠쿨로바굴나라아른바사로브나 | BN129: 오레나 | BP129: 구역장장
AA130: 길료바류보프아르툐모브나 | AB130: 자문 | AC130: 부구역장 | AD130: 프르코바올가알렉산드로브나 | AE130: 부녀 | AG130: 에티크파예바마디나바킷하노브나 | AH130: 부녀 | AI130: 부구역장 | AJ130: 투르수날리예바으르스부 | AK130: 부녀 | AM130: 주마예바부룰뷰뷰주마카드로브나 Жумаева Бурул Джумакадыровна | AN130: 부녀 | AO130: 부구역장 | AP130: 칠데바예바바길라자기파로브나 | AQ130: 자문 | BE130: 예브바사로바타티야나페트로브나 | BF130: 부녀 | BG130: 부구역장 | BH130: 보떼율리야니콜라예브나 | BI130: 부녀 | BK130: 주수포바자늘칸 | BL130: 부녀 | BM130: 새신자구역장 | BN130: 만드리첸코마르가리타겐나디예브나(31/기혼) | BO130: 부녀
AA131: 박안나알렉세예브나 | AB131: 자문 | AD131: 날리브키나갈리나니콜라예브나 | AE131: 부녀 | AG131: 안알렉산드라게로브나 | AH131: 부녀 | AJ131: 바벤코이리나블라디미로브나 | AK131: 부녀 | AM131: 크루프스카야다나타블라디슬라보브나 Крупская Даната Владиславовн | AN131: 자문 | AP131: 파블리첸코니나일리니치나 | AQ131: 자문 | BE131: 막시모바나탈리야이고레브나 | BF131: 부녀 | BG131: 부구역장 | BH131: 구레예바루자알렉산드로브나 | BI131: 부녀 | BK131: 가우프갈리나미하일로브나 | BL131: 부녀 | BN131: 마무토바아이멜리카수흐라보브나(20) | BO131: 청년
AA132: 아뱌예바베라페트로브나 | AB132: 자문 | AD132: 발로바나탈리야알렉산드로브나 | AE132: 부녀 | AG132: 사그데예바레기나아르슬란베코브나 | AH132: 부녀 | AJ132: 사따로바알라보리소브나 | AK132: 부녀 | AM132: 쿠르만세이토바굴잔가브둘가비토브나 Курмансеитова Гульжан Габдул- Габитовна | AN132: 부녀 | AP132: 이만바예바오른굴자그파로브나 | AQ132: 자문 | BE132: 브치코바아나스타시야아나톨리예브나(89) | BF132: 부녀 | BH132: 다울렛무라토바마리야나우랄바예브나 | BI132: 부녀 | BK132: 니그메토바보타고즈샤키로브나 | BL132: 부녀 | BN132: 마무토바알수수흐라보브나 | BO132: 학생
AA133: 크르그조바나즈굴 | AB133: 부녀 | AD133: 바트르자노바지야굴바카노브나 | AE133: 부녀 | AG133: 마트모바누르굴아이트무하메토브나 | AH133: 부녀 | AJ133: 다비도비치알비나 | AK133: 부녀 | AM133: 에르나자로바비비누르쿨라마노브나 Ерназарова Бибинур | AN133: 부녀 | AP133: 레즈니코바타티야나예브게니예브나 | AQ133: 부녀 | BE133: 체르노브스카야마리야안드레예브나 | BF133: 부녀 | BH133: 티쉬코바엘레나니콜라예브나(74) | BI133: 부녀 | BK133: 세르듁올가이오시포브나 | BL133: 부녀 | BN133: 🔺바텐코바올가빅토로브나(33) | BO133: 부녀
AA134: 마흐피로바굴자르라흐메트자노브나 Махпирова Гульзар Рахметжановна | AB134: 부녀 | AD134: 하사노바굴시나이우테게노브나 | AE134: 부녀 | AG134: 주마니야조바줄디즈자크실르코브나 | AH134: 부녀 | AJ134: 주마타예바아지자틸레보브나 | AK134: 부녀 | AM134: 먀스냔키나마리나유리예브나 Марина Юрьевна | AN134: 부녀 | AP134: 코체르바예바로자아크라모브나 | AQ134: 부녀 | BE134: 보로비코바스베틀라나블라디미로브나 | BF134: 부녀 | BH134: 나자르베코바쿨자안(54) | BI134: 부녀 | BK134: 드로즈도바타티야나아나톨리예브나 | BL134: 부녀
AA135: 에티크파예바굴판 가브둘-가비토브나 | AB135: 부녀 | AG135: 아크피로바아르지굴아마노브나 | AH135: 부녀 | AJ135: 라다예바옐레나알렉산드로브나 | AK135: 부녀 | AM135: 사타로바투르두부부주마카드로브나 Сатарова Турду Жумакадыровна | AN135: 부녀 | BH135: 투르순쿨로바로자투두쿨로브나(63) | BI135: 부녀 | BJ135: 새신자구역장 | BK135: 샤드치네바이리나드미트리예브나 | BL135: 부녀
AA136: 니코노바이리나유리예브나 | AB136: 부녀 | AG136: 칼루바예바알트나샤르자크실르코브나 | AH136: 부녀 | AJ136: 아브드라흐마노바알트나이샤브카트베코브나 | AK136: 부녀 | AM136: 미하일륙이리나페오도시예브나 Михайлюк Ирина Феодосьевна | AN136: 자문 | BH136: 리순세르게이알렉산드로비치 | BI136: 장년 | BJ136: 새신자부구역장 | BK136: 아임베코바마랄예르키노브나 | BL136: 부녀
AA137: 🔺아크노바알마하이룰라예브나 | AB137: 자문 | AG137: 스트륙이리나알렉산드로브나 | AH137: 부녀 | AJ137: 김옥사나레온티예브나 | AK137: 부녀 | AM137: 프르샤즈뉵류샤므콜라이브나 Присяжнюк Люся Николаевна | AN137: 부녀 | BH137: 리순라리사미하일로브나 | BI137: 부녀 | BK137: 쉐페르스베틀라나세르게예브나 | BL137: 부녀
AA138: 🔺알라야로바마리암바이라모브나 | AB138: 자문 | AG138: 🔺타이셰바나탈리야그리고리예브나 | AH138: 부녀 | AM138: 사야피나안젤리카비탈리예브나 Саяпина Анжелика Витальевна | AN138: 부녀 | BH138: 🔺벨렌코바베라드미트리예브나 | BI138: 자문 | BK138: 사루아로바만주라미람벡크즈 | BL138: 청년
...

Sheet Sheet1
A1: 번호 | B1: 고유번호 | C1: 인원수 | D1: 지역 | E1: 팀 | F1: 지역총괄팀장 | G1: 담당팀장 | H1: 팀장 | I1: 구역장 | J1: 부구역장(1) | K1: 부구역장(2) | L1: 부구역장(3) | M1: 부구역장(4) | N1: 구역 | O1: 새신자 | P1: 행정직책 | Q1: CIS직책 | R1: 사명자교육이수 | S1: 겸직 및 이력 | T1: 부서 | U1: 이름(KR) | V1: 이름(RU) | W1: 성별 | X1: 생년월일 | Y1: (만)나이 | Z1: 전화번호 | AA1: 텔레사용자명 | AB1: 직분 | AC1: 등록상태 | AD1: 국적 | AE1: 국가 | AF1: 도시명 | AG1: 출결 여부 | AH1: 사유/기간 | AI1: 센터기수 | AJ1: 기타사항 | AK1: 시차 | AL1: 이동할지역 | AM1: Десятина(십일조) | AN1: Заметка(메모)
A2: 0 | C2: 0 | P2: 임원 | Q2: 부장 | U2: 박원희 | W2: 여 | Y2: 126 | Z2: 010-8207-2119 | AA2: @sweets1221 | AC2: 총회등록 | AD2: 한국 | AE2: 한국 | AG2: 중복
A3: 1 | B3: 00360527-00006 | C3: 12 | D3: 국내성도 | E3: 국내_장년 | F3: 00360527-00006 | G3: 김세진 | H3: 00360527-00006 | I3: 00360527-00006 | J3: x | N3: 청장1구역 | P3: 팀장 | Q3: 국내팀장 | S3: 구역장 | T3: 2장년 | U3: 김세진 | V3: Ким Сергей | W3: 남 | X3: 32431 | Y3: 37 | Z3: 010-6640-3437 | AA3: @execute25 | AB3: 집사 | AC3: 총회등록 | AD3: 우즈베키스탄/한국(국적취득) | AE3: 한국 | AF3: 경기도
A4: 2 | B4: 00360830-00345 | C4: 10 | D4: 국내성도 | E4: 국내_장년 | F4: 00360527-00006 | G4: 김세진 | H4: 00360527-00006 | I4: 00360527-00006 | J4: x | N4: 청장1구역 | T4: 2장년 | U4: 허드미트리 | V4: Хе Дмитрий | W4: 남 | X4: 32370 | Y4: 37 | Z4: 010-9575-8815 | AA4: @Dmitriyhe | AB4: 집사 | AC4: 총회등록 | AD4: 우즈베키스탄 | AE4: 한국 | AF4: 서울특별시
A5: 3 | B5: 00360830-00344 | C5: 8 | D5: 국내성도 | E5: 국내_장년 | F5: 00360527-00006 | G5: 김세진 | H5: 00360527-00006 | I5: 00360527-00006 | J5: x | N5: 청장1구역 | T5: 2장년 | U5: 이드미트리 | V5: Ли Дмитрий | W5: 남 | X5: 32279 | Y5: 37 | Z5: 010-2351-0933 | AA5: @DMITRIYLEE88 | AB5: 집사 | AC5: 총회등록 | AD5: 우즈베키스탄 | AE5: 한국 | AF5: 서울특별시
A6: 4 | B6: 00320813-00008 | C6: 6 | D6: 국내성도 | E6: 국내_장년 | F6: 00360527-00006 | G6: 김세진 | H6: 00360527-00006 | I6: 00360527-00006 | J6: x | N6: 청장1구역 | T6: 2장년 | U6: 박뱌체슬라브 | V6: Пак Вячеслав | W6: 남 | X6: 31456 | Y6: 39 | Z6: 010-4374-0713 | AA6: @vvv13park | AB6: 집사 | AC6: 총회등록 | AD6: 우즈베키스탄 | AE6: 한국 | AF6: 서울특별시
A7: 5 | B7: 00371218-00469 | C7: 4 | D7: 국내성도 | E7: 국내_장년 | F7: 00360527-00006 | G7: 김세진 | H7: 00360527-00006 | I7: 00360527-00006 | J7: x | N7: 청장1구역 | T7: 2장년 | U7: 한세묜세묘노비치 | V7: Хан Семён | W7: 남 | X7: 33599 | Y7: 34 | Z7: 010-8433-2802 | AB7: 집사 | AC7: 총회등록 | AD7: 우즈베키스탄 | AE7: 한국 | AF7: 서울특별시
A8: 6 | B8: 00371217-01048 | C8: 2 | D8: 국내성도 | E8: 국내_장년 | F8: 00360527-00006 | G8: 김세진 | H8: 00360527-00006 | I8: 00360527-00006 | J8: x | N8: 청장1구역 | Q8: 새신자팀장 | S8: 구역장 | T8: 2장년 | U8: 강블라디미르파블로비치 | V8: Кан Владимир | W8: 남 | X8: 33031 | Y8: 35 | Z8: 010-5820-6557 | AA8: @kanVladimir7 | AB8: 집사 | AC8: 총회등록 | AD8: 러시아 | AE8: 한국 | AF8: 서울특별시
A9: 8 | B9: 00410822-00002 | C9: 4 | D9: 국내성도 | E9: 새신자4팀 | F9: 00360527-00006 | G9: 김세진 | H9: 00360527-00006 | I9: 00360527-00006 | J9: x | N9: 청장1구역 | T9: 4청년 | U9: 야쿠빈스키이드미트리이고레비치 | V9: Якубинский Дмитрий Игоревич | W9: 남 | X9: 32741 | Y9: 36 | Z9: 010-5890-1703 | AA9: @dimadimadimadimadimadimadima1989 | AB9: 성도 | AC9: 교회등록 | AD9: 러시아 | AE9: 한국 | AF9: 인천광역시 | AI9: 155기
A10: 9 | B10: 00311023-00027 | C10: 6 | D10: 국내성도 | E10: 국내_청년 | F10: 00360527-00006 | G10: 김세진 | H10: 00360527-00006 | I10: 00360527-00006 | J10: x | N10: 청장1구역 | Q10: 센터사명자 | T10: 4청년 | U10: 주유리 | V10: Дю Юрий | W10: 남 | X10: 32377 | Y10: 37 | Z10: 010-3141-8193 | AA10: @DyuYurii | AB10: 문도 | AC10: 총회등록 | AD10: 러시아 | AE10: 한국 | AF10: 서울특별시
A11: 10 | B11: 00390826-00075 | C11: 8 | D11: 국내성도 | E11: 국내_청년 | F11: 00360527-00006 | G11: 김세진 | H11: 00360527-00006 | I11: 00360527-00006 | J11: x | N11: 청장1구역 | Q11: 센터사명자 | T11: 4청년 | U11: 김세르게이발레리예비치 | V11: Ким Сергей Валерьевич | W11: 남 | X11: 32305 | Y11: 37 | Z11: 010-8441-1728 | AA11: @k_i_m_sergey | AB11: 문도 | AC11: 총회등록 | AD11: 러시아 | AE11: 한국 | AF11: 경기도 | AI11: 147-1기
A12: 12 | B12: 00310314-00227 | C12: 10 | D12: 국내성도 | E12: 국내_부녀 | F12: 00360527-00006 | G12: 김세진 | H12: 00360527-00006 | I12: x | J12: x | N12: 신유구역 | T12: 3부녀 | U12: 한옐레나 | V12: Хан Елена | W12: 여 | X12: 31075 | Y12: 41 | Z12: 010-8285-1011 | AB12: 집사 | AC12: 입교 | AD12: 러시아 | AE12: 한국 | AF12: 서울특별시 | AH12: 출결제외해지(2025/3/1) | AJ12: 신앙유약
A13: 14 | B13: 00400227-01392 | C13: 12 | D13: 국내성도 | E13: 국내_부녀 | F13: 00360527-00006 | G13: 김세진 | H13: 00360527-00006 | I13: x | J13: x | N13: 신유구역 | T13: 3부녀 | U13: 리스베틀라나아나톨리예브나 | V13: Светлана ЛИ | W13: 여 | X13: 23079 | Y13: 62 | Z13: 010-2117-9127 | AA13: @Liswetik | AB13: 성도 | AC13: 입교 | AD13: 카자흐스탄 | AE13: 한국 | AF13: 경기도 | AH13: 출결제외해지(2025/3/1) | AI13: 149-1기 | AJ13: 신앙유약
A14: 15 | B14: 00361031-00487 | C14: 14 | D14: 국내성도 | E14: 국내_부녀 | F14: 00360527-00006 | G14: 김세진 | H14: 00360527-00006 | I14: x | J14: x | N14: 신유구역 | T14: 3부녀 | U14: 최릴리야 | V14: Цой Лилия | W14: 여 | X14: 33815 | Y14: 33 | Z14: 010-7550-5848 | AB14: 집사 | AC14: 입교 | AD14: 우즈베키스탄 | AE14: 한국 | AF14: 인천광역시
A15: 16 | B15: 00311023-00028 | C15: 16 | D15: 국내성도 | E15: 국내_부녀 | F15: 00360527-00006 | G15: 김세진 | H15: 00360527-00006 | I15: x | J15: x | N15: 신유구역 | T15: 3부녀 | U15: 박옐레나 | V15: Пак Елена | W15: 여 | X15: 32547 | Y15: 36 | Z15: 010-5615-2266 | AB15: 집사 | AC15: 입교 | AD15: 우즈베키스탄 | AE15: 한국 | AF15: 경기도
A16: 18 | B16: 00400227-01414 | C16: 18 | D16: 국내성도 | E16: 국내_청년 | F16: 00360527-00006 | G16: 김세진 | H16: 00360527-00006 | I16: 00350330-00205 | J16: x | N16: 신유구역 | T16: 4청년 | U16: 리알렉시나블라딜레노브나 | V16: Ли Алексина Владиленовна | W16: 여 | X16: 33012 | Y16: 35 | Z16: 010-4244-3010 | AB16: 성도 | AC16: 입교 | AD16: 카자흐스탄 | AE16: 한국 | AI16: 149-1기
A17: 19 | B17: 00360830-00342 | C17: 20 | D17: 국내성도 | E17: 국내_부녀 | F17: 00360527-00006 | G17: 김세진 | H17: 00360527-00006 | I17: 00360830-00341 | J17: 00410822-00001 | N17: 신유구역 | T17: 3부녀 | U17: 쿠즈올가 | V17: Кузь Ольга | W17: 여 | X17: 22276 | Y17: 65 | Z17: 010-2186-2669 | AB17: 성도 | AC17: 총회등록 | AD17: 우크라이나 | AE17: 한국 | AF17: 서울특별시
A18: 20 | B18: 00360830-00346 | C18: 22 | D18: 국내성도 | E18: 국내_부녀 | F18: 00360527-00006 | G18: 김세진 | H18: 00360527-00006 | I18: 00360830-00346 | J18: 00350330-00153 | N18: 1구역 | P18: 구역장 | Q18: 구역장 | T18: 3부녀 | U18: 김예카테리나 | V18: Ким Екатерина | W18: 여 | X18: 33312 | Y18: 34 | Z18: 010-5877-6557 | AA18: @Rina_Kim_1 | AB18: 집사 | AC18: 총회등록 | AD18: 우즈베키스탄 | AE18: 한국 | AF18: 서울특별시
A19: 21 | B19: 00350330-00153 | C19: 24 | D19: 국내성도 | E19: 국내_부녀 | F19: 00360527-00006 | G19: 김세진 | H19: 00360527-00006 | I19: 00360830-00346 | J19: 00350330-00153 | N19: 1구역 | P19: 부구역장 | Q19: 부구역장 | T19: 3부녀 | U19: 문발레리야 | V19: Мун Валерия | W19: 여 | X19: 32771 | Y19: 36 | Z19: 010-7296-2009 | AA19: @leramun | AB19: 집사 | AC19: 총회등록 | AD19: 카자흐스탄 | AE19: 한국 | AF19: 서울특별시
A20: 22 | B20: 00371217-01047 | C20: 26 | D20: 국내성도 | E20: 야쿠츠크 | F20: 00360527-00006 | G20: 김세진 | H20: 00360527-00006 | I20: 00360830-00346 | J20: 00350330-00153 | N20: 1구역 | P20: 팀장 | Q20: 새신자팀장 | T20: 3부녀 | U20: 칸타코바안나일리니치나 | V20: Кантакова Анна | W20: 여 | X20: 31722 | Y20: 39 | Z20: 010-2887-6167 | AA20: @annakantakova | AB20: 집사 | AC20: 총회등록 | AD20: 러시아 | AE20: 한국 | AF20: 경기도 | AH20: 출결제외해지(25/07/6~9/2)출산
A21: 23 | B21: 00270903-00002 | C21: 28 | D21: 국내성도 | E21: 국내_부녀 | F21: 00360527-00006 | G21: 김세진 | H21: 00360527-00006 | I21: 00360830-00346 | J21: 00350330-00153 | N21: 1구역 | T21: 3부녀 | U21: 정류드밀라 | V21: Тен Людмила | W21: 여 | X21: 30208 | Y21: 43 | Z21: 010-7624-7907 | AB21: 집사 | AC21: 총회등록 | AD21: 카자흐스탄 | AE21: 한국 | AF21: 서울특별시
A22: 24 | B22: 00261225-00087 | C22: 30 | D22: 국내성도 | E22: 국내_부녀 | F22: 00360527-00006 | G22: 김세진 | H22: 00360527-00006 | I22: 00360830-00346 | J22: 00350330-00153 | N22: 1구역 | T22: 3부녀 | U22: 최승미 | V22: Цой Виктория(ЦойСынгМи) | W22: 여 | X22: 31249 | Y22: 40 | Z22: 010-8921-3985 | AA22: @victoriachoi8 | AB22: 집사 | AC22: 총회등록 | AD22: 우즈베키스탄 | AE22: 한국 | AF22: 서울특별시
A23: 25 | B23: 00320813-00009 | C23: 32 | D23: 국내성도 | E23: 국내_부녀 | F23: 00360527-00006 | G23: 김세진 | H23: 00360527-00006 | I23: 00360830-00346 | J23: 00350330-00153 | N23: 1구역 | T23: 3부녀 | U23: 이다리야B | V23: Ли Дарья | W23: 여 | X23: 31736 | Y23: 39 | Z23: 010-4045-1523 | AB23: 문도 | AC23: 입교 | AD23: 우즈베키스탄 | AE23: 한국 | AF23: 서울특별시 | AH23: 출결제외해지(2025/3/1) | AJ23: 신앙유약
A24: 26 | B24: 00340624-00330 | C24: 34 | D24: 국내성도 | E24: 국내_부녀 | F24: 00360527-00006 | G24: 김세진 | H24: 00360527-00006 | I24: 00360830-00346 | J24: 00350330-00153 | N24: 1구역 | T24: 3부녀 | U24: 최유나 | V24: Цой Ольга | W24: 여 | X24: 31062 | Y24: 41 | Z24: 010-2570-6278 | AB24: 집사 | AC24: 총회등록 | AD24: 한국 | AE24: 한국 | AF24: 서울특별시
A25: 27 | B25: 00390826-00066 | C25: 36 | D25: 국내성도 | E25: 국내_부녀 | F25: 00360527-00006 | G25: 김세진 | H25: 00360527-00006 | I25: 00390826-00066 | J25: 00270104-00035 | K25: 00290520-00027 | N25: 2구역 | P25: 부구역장 | Q25: 부구역장 | T25: 3부녀 | U25: 박이리나빅토로브나 | V25: Пак Ирина Викторовна | W25: 여 | X25: 24988 | Y25: 57 | Z25: 010-5201-5526 | AA25: @ari2822 | AB25: 성도 | AC25: 총회등록 | AD25: 키르기스스탄 | AE25: 한국 | AF25: 충청북도 | AI25: 147-1기
A26: 28 | B26: 00270104-00035 | C26: 38 | D26: 국내성도 | E26: 국내_부녀 | F26: 00360527-00006 | G26: 김세진 | H26: 00360527-00006 | I26: 00390826-00066 | J26: 00270104-00035 | K26: 00290520-00027 | N26: 2구역 | P26: 부구역장 | Q26: 부구역장 | T26: 3부녀 | U26: 굴나라사드코바 | V26: Садыкова Гульнара | W26: 여 | X26: 30935 | Y26: 41 | Z26: 010-6406-8815 | AA26: @Nara_Seoul | AB26: 집사 | AC26: 총회등록 | AD26: 키르기스스탄 | AE26: 한국 | AF26: 서울특별시
A27: 29 | B27: 00290520-00027 | C27: 40 | D27: 국내성도 | E27: 국내_부녀 | F27: 00360527-00006 | G27: 김세진 | H27: 00360527-00006 | I27: 00390826-00066 | J27: 00270104-00035 | K27: 00290520-00027 | N27: 2구역 | P27: 부구역장 | Q27: 부구역장 | T27: 3부녀 | U27: 정갈리나 | V27: Тен Галина | W27: 여 | X27: 29183 | Y27: 46 | Z27: 010-5329-6884 | AA27: @Galina10j | AB27: 집사 | AC27: 총회등록 | AD27: 카자흐스탄 | AE27: 한국 | AF27: 서울특별시
A28: 30 | B28: 00371218-00466 | C28: 42 | D28: 국내성도 | E28: 국내_부녀 | F28: 00360527-00006 | G28: 김세진 | H28: 00360527-00006 | I28: 00390826-00066 | J28: 00270104-00035 | K28: 00290520-00027 | N28: 2구역 | T28: 3부녀 | U28: 이이리나라디오노브나 | V28: Ли Ирина | W28: 여 | X28: 33662 | Y28: 33 | Z28: 010-2394-2802 | AB28: 집사 | AC28: 입교 | AD28: 우즈베키스탄 | AE28: 한국 | AF28: 서울특별시
A29: 31 | B29: 00371218-00453 | C29: 44 | D29: 국내성도 | E29: 국내_부녀 | F29: 00360527-00006 | G29: 김세진 | H29: 00360527-00006 | I29: 00390826-00066 | J29: 00270104-00035 | K29: 00290520-00027 | N29: 2구역 | T29: 1자문 | U29: 김류드밀라 | V29: Ким Людмила | W29: 여 | X29: 18173 | Y29: 76 | Z29: 010-9692-4972 | AA29: @Milakim02 | AB29: 성도 | AC29: 총회등록 | AD29: 우즈베키스탄 | AE29: 한국 | AF29: 경기도
A30: 32 | B30: 00350330-00148 | C30: 46 | D30: 국내성도 | E30: 국내_부녀 | F30: 00360527-00006 | G30: 김세진 | H30: 00360527-00006 | I30: 00390826-00066 | J30: 00270104-00035 | K30: 00290520-00027 | N30: 2구역 | T30: 3부녀 | U30: 주숙자 | V30: Дю Светлана | W30: 여 | X30: 21465 | Y30: 67 | Z30: 010-5567-8193 | AA30: @DyuSvetlana | AB30: 집사 | AC30: 총회등록 | AD30: 러시아 | AE30: 한국 | AF30: 서울특별시
A31: 33 | B31: 00390826-00069 | C31: 48 | D31: 국내성도 | E31: 국내_부녀 | F31: 00360527-00006 | G31: 김세진 | H31: 00360527-00006 | I31: 00390826-00066 | J31: 00270104-00035 | K31: 00290520-00027 | N31: 2구역 | T31: 3부녀 | U31: 이소피야 | V31: Ли София (LISOFIIA) | W31: 여 | X31: 25896 | Y31: 55 | Z31: 010-8205-9722 | AA31: @Lisonehka | AB31: 성도 | AC31: 총회등록 | AD31: 키르기스스탄 | AE31: 한국 | AF31: 인천광역시 | AI31: 147-1기
A32: 34 | B32: 00410325-00430 | C32: 50 | D32: 국내성도 | E32: 국내_부녀 | F32: 00360527-00006 | G32: 김세진 | H32: 00360527-00006 | I32: 00390826-00066 | J32: 00270104-00035 | K32: 00290520-00027 | N32: 2구역 | T32: 3부녀 | U32: 출리나율리야그리고리예브나 | V32: Чулина Юлия Григорьевна | W32: 여 | X32: 35278 | Y32: 29 | Z32: 010-8441-1321 | AA32: @YuliaChulina | AB32: 성도 | AC32: 교회등록 | AD32: 러시아 | AE32: 한국 | AF32: 군산 | AI32: 153-5기
A33: 35 | B33: 00330216-00019 | C33: 52 | D33: 국내성도 | E33: 국내_부녀 | N33: 2구역 | T33: 3부녀 | U33: 황알렙지나 | W33: 여 | X33: 21302 | Y33: 67 | Z33: 010-4503-7372 | AE33: 한국 | AF33: 중랑구
A34: 36 | B34: 00400819-00001 | C34: 54 | D34: 국내성도 | E34: 국내_부녀 | F34: 00360527-00006 | G34: 김세진 | H34: 00360527-00006 | I34: 00390826-00066 | J34: 00270104-00035 | K34: 00290520-00027 | N34: 2구역 | T34: 3부녀 | U34: 두드키나스베틀라나미하일로브나 | V34: ДУДКИНА СВЕТЛАНА МИХАЙЛОВНА | W34: 여 | X34: 22442 | Y34: 64 | Z34: 010-2213-7839 | AB34: 성도 | AC34: 입교 | AD34: 러시아 | AE34: 한국 | AF34: 경기도 | AH34: 출결제외해지(2025/3/1) | AI34: 151-1기 | AJ34: 신앙유약
A35: 37 | B35: 00360830-00341 | C35: 56 | D35: 국내성도 | E35: 국내_부녀 | F35: 00360527-00006 | G35: 김세진 | H35: 00360527-00006 | I35: 00360830-00341 | J35: 00410822-00001 | N35: 3구역 | P35: 구역장 | Q35: 구역장 | T35: 3부녀 | U35: 한엘자 | V35: Хан Эльза | W35: 여 | X35: 20944 | Y35: 68 | Z35: 010-8939-1957 | AA35: @han_elza | AB35: 집사 | AC35: 총회등록 | AD35: 우즈베키스탄 | AE35: 한국 | AF35: 서울특별시
A36: 38 | B36: 00410822-00001 | C36: 58 | D36: 국내성도 | E36: 국내_부녀 | F36: 00360527-00006 | G36: 김세진 | H36: 00360527-00006 | I36: 00360830-00341 | J36: 00410822-00001 | N36: 3구역 | P36: 부구역장 | Q36: 부구역장 | T36: 3부녀 | U36: 박스베틀라나발레리야노브나 | V36: Pak Svetlana Valerlyanovna | W36: 여 | X36: 23254 | Y36: 62 | Z36: 010-4766-1953 | AB36: 성도 | AC36: 교회등록 | AD36: 우즈베키스탄 | AE36: 한국 | AI36: 155기 | AJ36: D
A37: 39 | B37: 00400530-00092 | C37: 60 | D37: 국내성도 | E37: 국내_부녀 | F37: 00360527-00006 | G37: 김세진 | H37: 00360527-00006 | I37: 00360830-00341 | J37: 00410822-00001 | N37: 3구역 | T37: 1자문 | U37: 박모이세이 | V37: Пак Моисей | W37: 남 | X37: 19784 | Y37: 71 | Z37: 010-4074-3821 | AB37: 집사 | AC37: 총회등록 | AD37: 우즈베키스탄 | AE37: 한국 | AF37: 경기도 | AI37: 150-4기
A38: 40 | B38: 00230828-00053 | C38: 62 | D38: 국내성도 | E38: 국내_부녀 | F38: 00360527-00006 | G38: 김세진 | H38: 00360527-00006 | I38: 00230828-00053 | J38: x | N38: 4구역 | P38: 구역장 | Q38: 구역장 | T38: 3부녀 | U38: 박소정 | V38: Пак Со Джон | W38: 여 | X38: 30920 | Y38: 41 | Z38: 010-4316-0828 | AA38: @sojeong84 | AB38: 집사 | AC38: 총회등록 | AD38: 한국 | AE38: 한국 | AF38: 경기도
A39: 41 | B39: 00271115-00181 | C39: 64 | D39: 국내성도 | E39: 국내_부녀 | F39: 00360527-00006 | G39: 김세진 | H39: 00360527-00006 | I39: 00230828-00053 | J39: x | N39: 4구역 | P39: 기능과 | Q39: 통번역팀장 | T39: 3부녀 | U39: 김옥사나 | V39: Ким Оксана | W39: 여 | X39: 31700 | Y39: 39 | Z39: 010-5635-1510 | AA39: @Kim_Sana181 | AB39: 집사 | AC39: 총회등록 | AD39: 우즈베키스탄 | AE39: 한국 | AF39: 서울특별시
A40: 42 | B40: 00280103-00165 | C40: 66 | D40: 국내성도 | E40: 국내_부녀 | F40: 00360527-00006 | G40: 김세진 | H40: 00360527-00006 | I40: 00230828-00053 | J40: x | N40: 4구역 | P40: 기능과 | T40: 3부녀 | U40: 이지영 | V40: Ли Джи Ён | W40: 여 | X40: 30683 | Y40: 42 | Z40: 010-6701-0334 | AA40: @Yijiyeong | AB40: 집사 | AC40: 총회등록 | AD40: 한국 | AE40: 한국 | AF40: 경기도
A41: 43 | B41: 00231212-00123 | C41: 68 | D41: 국내성도 | E41: 국내_부녀 | F41: 00360527-00006 | G41: 김세진 | H41: 00360527-00006 | I41: 00281228-00434 | J41: x | N41: 4구역 | P41: 임원 | Q41: 총서기 | S41: 해선부서무 | T41: 3부녀 | U41: 임영선 | V41: Лим Ён Сон | W41: 여 | X41: 29107 | Y41: 46 | Z41: 010-7157-2339 | AA41: @execute25 | AB41: 집사 | AC41: 총회등록 | AD41: 한국 | AE41: 한국 | AF41: 서울특별시
A42: 44 | B42: 00371201-00514 | C42: 70 | D42: 국내성도 | E42: 국내_부녀 | F42: 00360527-00006 | G42: 김세진 | H42: 00360527-00006 | I42: 00281228-00434 | J42: x | N42: 4구역 | P42: 부서기 | Q42: 부서기 | S42: 해선부서무 | T42: 3부녀 | U42: 안소연 | V42: Ан Со Ён | W42: 여 | X42: 29445 | Y42: 45 | Z42: 010-3066-7285 | AA42: @SOYOUN37 | AB42: 집사 | AC42: 총회등록 | AD42: 한국 | AE42: 한국 | AF42: 서울특별시
A43: 45 | B43: 00301028-00368 | C43: 72 | D43: 국내성도 | E43: 국내_부녀 | F43: 00360527-00006 | G43: 김세진 | H43: 00360527-00006 | I43: 00281228-00434 | J43: x | N43: 4구역 | S43: HWPL | T43: 3부녀 | U43: 한** | V43: Хан Сон Ён | W43: 여 | X43: 29529 | Y43: 45 | Z43: 보안 | AA43: 보안 | AB43: 집사 | AC43: 총회등록 | AD43: 한국 | AE43: 한국 | AF43: 서울특별시 | AJ43: 소통을원하면 홍수정 구역장에게 문의
A44: 46 | B44: 00281228-00434 | C44: 74 | D44: 국내성도 | E44: 국내_부녀 | F44: 00360527-00006 | G44: 김세진 | H44: 00360527-00006 | I44: 00281228-00434 | J44: 00230515-00016 | N44: 5구역 | P44: 구역장 | Q44: 구역장 | T44: 3부녀 | U44: 홍수정 | V44: Хонг Су Жонг | W44: 여 | X44: 29276 | Y44: 45 | Z44: 010-6406-0466 | AB44: 집사 | AC44: 총회등록 | AD44: 한국 | AE44: 한국 | AF44: 경기도
A45: 47 | B45: 00280830-00123 | C45: 76 | D45: 국내성도 | E45: 국내_부녀 | F45: 00360527-00006 | G45: 김세진 | H45: 00360527-00006 | I45: 00281228-00434 | J45: 00230515-00016 | N45: 5구역 | S45: 국제부청년서기 | T45: 3부녀 | U45: 이수현 | V45: Ли Су Хён | W45: 여 | X45: 30623 | Y45: 42 | Z45: 010-7183-3854 | AA45: @suhyun2 | AB45: 집사 | AC45: 총회등록 | AD45: 한국 | AE45: 한국 | AF45: 서울특별시
A46: 48 | B46: 00231009-00031 | C46: 78 | D46: 국내성도 | E46: 국내_부녀 | F46: 00360527-00006 | G46: 김세진 | H46: 00360527-00006 | I46: 00281228-00434 | J46: 00230515-00016 | N46: 5구역 | S46: 센터부서무무 | T46: 3부녀 | U46: 김희영 | V46: Ким Хи Ён | W46: 여 | X46: 26302 | Y46: 54 | Z46: 010-8960-7214 | AA46: @scjhee | AB46: 집사 | AC46: 총회등록 | AD46: 한국 | AE46: 한국 | AF46: 경기도
A47: 49 | B47: 00270624-00034 | C47: 80 | D47: 국내성도 | E47: 국내_부녀 | F47: 00360527-00006 | G47: 김세진 | H47: 00360527-00006 | I47: 00281228-00434 | J47: 00230515-00016 | N47: 5구역 | T47: 3부녀 | U47: 유지헌 | V47: Ю Джи Хон | W47: 여 | X47: 29493 | Y47: 45 | Z47: 010-9876-7374 | AA47: @lovingyjh57 | AB47: 집사 | AC47: 총회등록 | AD47: 한국 | AE47: 한국 | AF47: 경기도
A48: 50 | B48: 00240610-00045 | C48: 82 | D48: 국내성도 | E48: 국내_부녀 | F48: 00360527-00006 | G48: 김세진 | H48: 00360527-00006 | I48: 00281228-00434 | J48: 00230515-00016 | N48: 5구역 | T48: 3부녀 | U48: 정희정 | V48: Чон Хи Чжон | W48: 여 | X48: 28181 | Y48: 48 | Z48: 010-3590-6766 | AA48: @howareu2024 | AB48: 집사 | AC48: 총회등록 | AD48: 한국 | AE48: 한국 | AF48: 경기도
A49: 51 | B49: 00230515-00016 | C49: 84 | D49: 국내성도 | E49: 국내_부녀 | F49: 00360527-00006 | G49: 김세진 | H49: 00360527-00006 | I49: 00281228-00434 | J49: 00230515-00016 | N49: 5구역 | T49: 3부녀 | U49: 이은정 | V49: Ли Ын Чжон | W49: 여 | X49: 30002 | Y49: 43 | Z49: 010-3246-7458 | AA49: @blackpearl8800 | AB49: 집사 | AC49: 총회등록 | AD49: 한국 | AE49: 한국 | AF49: 경기도
A50: 52 | B50: 00281229-00003 | C50: 86 | D50: 국내성도 | E50: 국내_부녀 | F50: 00360527-00006 | G50: 김세진 | H50: 00360527-00006 | I50: 00281228-00434 | J50: 00230515-00016 | N50: 5구역 | T50: 3부녀 | U50: 이송희 | W50: 여 | X50: 30775 | Y50: 41 | Z50: 010-3465-8687 | AB50: 집사 | AC50: 총회등록 | AD50: 한국 | AE50: 한국 | AF50: 서울특별시
A51: 53 | B51: 00350330-00205 | C51: 88 | D51: 국내성도 | E51: 국내_청년 | F51: 00360527-00006 | G51: 김세진 | H51: 00360527-00006 | I51: 00350330-00205 | J51: x | N51: 청1구역 | P51: 구역장 | Q51: 구역장 | T51: 4청년 | U51: 이시우 | V51: Ли Щи У | W51: 여 | X51: 31799 | Y51: 39 | Z51: 010-4552-5245 | AA51: @sdnnbw | AB51: 문도 | AC51: 총회등록 | AD51: 한국 | AE51: 한국 | AF51: 서울특별시
A52: 54 | B52: 00361031-00488 | C52: 90 | D52: 국내성도 | E52: 국내_청년 | F52: 00360527-00006 | G52: 김세진 | H52: 00360527-00006 | I52: 00350330-00205 | J52: x | N52: 청1구역 | T52: 4청년 | U52: 주마리나 | V52: Дюгай Марина | W52: 여 | X52: 33947 | Y52: 33 | Z52: 010-9287-0992 | AA52: @MarishaDyu | AB52: 문도 | AC52: 총회등록 | AD52: 우즈베키스탄 | AE52: 한국 | AF52: 경기도
A53: 55 | B53: 00371218-00468 | C53: 92 | D53: 국내성도 | E53: 국내_청년 | F53: 00360527-00006 | G53: 김세진 | H53: 00360527-00006 | I53: 00350330-00205 | J53: x | N53: 청1구역 | T53: 4청년 | U53: 김따띠야나게오르게브나 | V53: Ким Татьяна | W53: 여 | X53: 33488 | Y53: 34 | Z53: 010-4390-0907 | AA53: @kjk_Tasha | AB53: 문도 | AC53: 총회등록 | AD53: 우즈베키스탄 | AE53: 한국 | AF53: 경기도
A54: 56 | B54: 00350330-00155 | C54: 94 | D54: 국내성도 | E54: 국내_청년 | F54: 00360527-00006 | G54: 김세진 | H54: 00360527-00006 | I54: 00350330-00205 | J54: x | N54: 청1구역 | P54: 팀장 | Q54: 센터사명자 | T54: 4청년 | U54: 배알리나 | V54: Бе Алина | W54: 여 | X54: 34403 | Y54: 31 | Z54: 010-6370-4971 | AA54: @uamd94 | AB54: 문도 | AC54: 총회등록 | AD54: 러시아 | AE54: 한국 | AF54: 서울특별시
A55: 57 | B55: 00300617-00077 | C55: 96 | D55: 국내성도 | E55: 국내_청년 | F55: 00360527-00006 | G55: 김세진 | H55: 00360527-00006 | I55: 00350330-00205 | J55: x | N55: 청1구역 | S55: HWPL | T55: 4청년 | U55: 김** | V55: Ким Ё Хван | W55: 남 | X55: 33643 | Y55: 33 | Z55: 보안 | AA55: 보안 | AB55: 문도 | AC55: 총회등록 | AD55: 한국 | AE55: 한국 | AF55: 서울특별시 | AJ55: 소통을원하면 홍수정 구역장에게 문의
A56: 58 | B56: 00350330-00154 | C56: 97 | E56: 국내_청년 | F56: 00360527-00006 | G56: 김세진 | H56: 00360527-00006 | I56: 00350330-00205 | J56: x | N56: 청1구역 | P56: 구역장 | Q56: 팀장 | S56: 구역장 | U56: 스미르노바예브게니야 | V56: Смирнова Евгения | W56: 여 | X56: 33065 | Y56: 35 | Z56: 010-6654-0035 | AA56: @onlyniia | AB56: 문도 | AC56: 총회등록 | AD56: 러시아 | AE56: 한국 | AF56: 서울특별시 | AG56: 중복
A57: 59 | B57: 00301028-00371 | C57: 99 | D57: 국내성도 | E57: 국내_청년 | F57: 00360527-00006 | G57: 김세진 | H57: 00360527-00006 | I57: 00301028-00371 | J57: 00340624-00331 | N57: 청2구역 | P57: 임원 | Q57: 지역장 | S57: 구역장,국제부전도과장 | T57: 4청년 | U57: 진실혜 | V57: Чжин Щиль Хе | W57: 여 | X57: 31978 | Y57: 38 | Z57: 010-2949-9771 | AA57: @NEARandDEAR | AB57: 문도 | AC57: 총회등록 | AD57: 한국 | AE57: 한국 | AF57: 서울특별시
A58: 60 | B58: 00340624-00331 | C58: 101 | D58: 국내성도 | E58: 국내_청년 | F58: 00360527-00006 | G58: 김세진 | H58: 00360527-00006 | I58: 00301028-00371 | J58: 00340624-00331 | N58: 청2구역 | P58: 부구역장 | Q58: 부구역장 | T58: 4청년 | U58: 한올가 | V58: Хан Ольга | W58: 여 | X58: 32578 | Y58: 36 | Z58: 010-3012-6255 | AB58: 문도 | AC58: 총회등록 | AD58: 러시아 | AE58: 한국 | AF58: 서울특별시
A59: 61 | B59: 00361105-00044 | C59: 103 | D59: 국내성도 | E59: 국내_청년 | F59: 00360527-00006 | G59: 김세진 | H59: 00360527-00006 | I59: 00301028-00371 | J59: 00340624-00331 | N59: 청2구역 | S59: 국제부서무 | T59: 4청년 | U59: 이정주 | V59: Ли Чон Джу | W59: 여 | X59: 34867 | Y59: 30 | Z59: 010-4940-5463 | AA59: @satorijei | AB59: 문도 | AC59: 총회등록 | AD59: 일본 | AE59: 한국 | AF59: 서울특별시
A60: 62 | B60: 00291224-00082 | C60: 105 | D60: 국내성도 | E60: 국내_청년 | F60: 00360527-00006 | G60: 김세진 | H60: 00360527-00006 | I60: 00301028-00371 | J60: 00340624-00331 | N60: 청2구역 | P60: 기능과 | S60: HWPL | T60: 4청년 | U60: 박지호 | V60: Пак Джи Хо | W60: 남 | X60: 33136 | Y60: 35 | Z60: 010-9057-2977 | AA60: @G1_Alex | AB60: 문도 | AC60: 총회등록 | AD60: 한국 | AE60: 한국 | AF60: 경기도
A61: 63 | B61: 00310314-00231 | C61: 107 | D61: 국내성도 | E61: 우크라이나청년 | F61: 00360527-00006 | G61: 김세진 | H61: 00360527-00006 | I61: 00301028-00371 | J61: 00340624-00331 | N61: 청2구역 | P61: 해외지역강사 | Q61: 청년회팀장 | S61: 구역장 | T61: 4청년 | U61: 자카르첸코마리야 | V61: Захарченко Мария | W61: 여 | X61: 34746 | Y61: 30 | Z61: 010-4467-2226 | AA61: @mary_wp | AB61: 문도 | AC61: 총회등록 | AD61: 우크라이나 | AE61: 한국 | AF61: 서울특별시
A62: 73 | B62: 00300725-00026 | C62: 109 | D62: 러시아(크림공화국) | E62: 크림공화국 | F62: 00300725-00026 | G62: 이다리야A | H62: 00300725-00026 | I62: 00300725-00026 | J62: x | N62: 0구역 | P62: 해외지역강사 | Q62: 팀장 | S62: 구역장 | T62: 1자문 | U62: 이다리야A | V62: Ли Дарья(лидер) | W62: 여 | X62: 18512 | Y62: 75 | Z62: 7-978-604-30-83 | AA62: @Dariya0609 | AB62: 집사 | AC62: 총회등록 | AD62: 러시아 | AE62: 러시아(크림) | AF62: 크림반도 옥탸브리스크
A63: 76 | B63: 00310314-00225 | C63: 111 | D63: 러시아(크림공화국) | E63: 크림공화국 | F63: 00300725-00026 | G63: 이다리야A | H63: 00300725-00026 | I63: 00300725-00026 | J63: x | N63: 0구역 | P63: 팀장 | Q63: 새신자팀장 | T63: 1자문 | U63: 최타이시아 | V63: Цой Таисия | W63: 여 | X63: 20283 | Y63: 70 | Z63: 7978-940-32-85 | AA63: @TaisiaTcoj | AB63: 집사 | AC63: 총회등록 | AD63: 러시아 | AE63: 러시아(크림) | AF63: 크림반도 옥탸브리스크
A64: 134 | B64: 00400530-00139 | C64: 113 | D64: 러시아(크림공화국) | E64: 크림공화국 | F64: 00300725-00026 | G64: 이다리야A | H64: 00300725-00026 | I64: 00300725-00026 | J64: x | N64: 0구역 | P64: 구역장 | Q64: 센터사명자 | S64: 구역장 | T64: 2장년 | U64: 코비젭아르툠올레고비치 | V64: Кобызев Артем Олегович | W64: 남 | X64: 32406 | Y64: 37 | Z64: 8-977-013-8745 | AA64: @Artem_Kobyzev | AB64: 집사 | AC64: 총회등록 | AD64: 러시아 | AE64: 독일 | AF64: 베른카스텔 쿠에스 | AI64: 150-4기 | AL64: 모스크바
A65: 112 | B65: 00381122-00014 | C65: 115 | D65: 러시아(크림공화국) | E65: 크림공화국 | F65: 00300725-00026 | G65: 이다리야A | H65: 00300725-00026 | I65: 00300725-00026 | J65: x | N65: 0구역 | P65: 구역장 | Q65: 센터사명자 | S65: 구역장 | T65: 3부녀 | U65: 코르네예바예카테리나유리예브나 | V65: Корнеева Екатерина | W65: 여 | X65: 29411 | Y65: 45 | Z65: (7-978)-590-19-75 | AA65: @Ta_N_r_I | AB65: 집사 | AC65: 총회등록 | AD65: 러시아 | AE65: 러시아(크림) | AF65: 크림반도 얄타 | AL65: 크림
A66: 81 | B66: 00330526-00003 | C66: 117 | D66: 러시아(크림공화국) | E66: 크림공화국 | F66: 00300725-00026 | G66: 이다리야A | H66: 00300725-00026 | I66: 00300725-00026 | J66: x | N66: 0구역 | P66: 구역장 | Q66: 센터사명자 | S66: 구역장 | T66: 3부녀 | U66: 셀륜안토니나 | V66: Селюн Антонина | W66: 여 | X66: 24204 | Y66: 59 | Z66: 7978-968-15-02 | AA66: @Selyuntonya | AB66: 집사 | AC66: 총회등록 | AD66: 러시아 | AE66: 러시아(크림) | AF66: 크림반도 옥탸브리스크
A67: 162 | B67: 00400530-00144 | C67: 119 | D67: 러시아(크림공화국) | E67: 크림공화국 | F67: 00300725-00026 | G67: 이다리야A | H67: 00300725-00026 | I67: 00300725-00026 | J67: x | N67: 0구역 | P67: 부구역장 | Q67: 센터사명자 | S67: 부구역장 | T67: 3부녀 | U67: 곤차로바수산나삼벨로브나 | V67: Гончарова Сусанна Самвеловна | W67: 여 | X67: 34308 | Y67: 32 | Z67: 7-988-534-0685 | AA67: @susannagoncharova | AB67: 성도 | AC67: 교회등록 | AD67: 러시아 | AE67: 러시아 | AF67: 로스토프주 | AI67: 150-4기 | AK67: -6
A68: 83 | B68: 00400530-00103 | C68: 121 | D68: 러시아(크림공화국) | E68: 크림공화국 | F68: 00300725-00026 | G68: 이다리야A | H68: 00300725-00026 | I68: 00300725-00026 | J68: x | N68: 0구역 | P68: 구역장 | Q68: 센터사명자 | S68: 구역장 | T68: 3부녀 | U68: 바흐티나올가빅토로브나 | V68: Бахтина Ольга Викторовна | W68: 여 | X68: 23479 | Y68: 61 | Z68: 7-978-895-6553 | AA68: @OlgaBahtina0 | AB68: 집사 | AC68: 총회등록 | AD68: 러시아 | AE68: 러시아(크림) | AF68: 바흐치사라이 | AI68: 150-4기 | AL68: 이동x
A69: 84 | B69: 00360423-00591 | C69: 123 | D69: 러시아(크림공화국) | E69: 크림공화국1팀 | F69: 00300725-00026 | G69: 최타이시아 | H69: 00310314-00225 | I69: 00360423-00591 | J69: 00371218-00452 | N69: 1구역 | P69: 구역장 | Q69: 구역장 | T69: 1자문 | U69: 칸니베츠류드밀라 | V69: Канивец Людмила | W69: 여 | X69: 18745 | Y69: 74 | Z69: 7978-778-74-31 | AA69: @Varvara-8 | AB69: 집사 | AC69: 총회등록 | AD69: 러시아 | AE69: 러시아(크림) | AF69: 크림반도 옥탸브리스크
A70: 85 | B70: 00371218-00452 | C70: 125 | D70: 러시아(크림공화국) | E70: 크림공화국1팀 | F70: 00300725-00026 | G70: 최타이시아 | H70: 00310314-00225 | I70: 00360423-00591 | J70: 00371218-00452 | N70: 1구역 | P70: 부구역장 | Q70: 부구역장 | T70: 1자문 | U70: 사모쉬키나이리나니콜라예브나 | V70: Самошкина Ирина Николаевна | W70: 여 | X70: 18004 | Y70: 76 | Z70: 7978-760-75-02 | AA70: @VvSs49 | AB70: 집사 | AC70: 총회등록 | AD70: 러시아 | AE70: 러시아(크림) | AF70: 크림반도 얄타
A71: 104 | B71: 00400530-00094 | C71: 127 | D71: 러시아(크림공화국) | E71: 크림공화국1팀 | F71: 00300725-00026 | G71: 최타이시아 | H71: 00310314-00225 | I71: 00360423-00591 | J71: 00371218-00452 | K71: 00400530-00094 | N71: 1구역 | P71: 부구역장 | Q71: 새신자부구역장 | R71: 42.10 | T71: 1자문 | U71: 정스베틀라나페트로브나 | V71: Чжен Светлана Петровна | W71: 여 | X71: 20169 | Y71: 70 | Z71: 996-70-297-9730 | AA71: @SvetlanaChzhen | AB71: 집사 | AC71: 총회등록 | AD71: 러시아 | AE71: 러시아 | AF71: 로스토프주 | AI71: 150-4기 | AL71: 이동x
A72: 86 | B72: 00320813-00003 | C72: 129 | D72: 러시아(크림공화국) | E72: 크림공화국1팀 | F72: 00300725-00026 | G72: 최타이시아 | H72: 00310314-00225 | I72: 00360423-00591 | J72: 00371218-00452 | N72: 1구역 | T72: 1자문 | U72: 예기얀발렌티나 | V72: Егиян Валентина | W72: 여 | X72: 19128 | Y72: 73 | Z72: 7978-738-85-04 | AA72: @valyahiva | AB72: 집사 | AC72: 총회등록 | AD72: 러시아 | AE72: 러시아(크림) | AF72: 크림반도 얄타
A73: 105 | B73: 00381122-00004 | C73: 131 | D73: 러시아(크림공화국) | E73: 크림공화국1팀 | F73: 00300725-00026 | G73: 최타이시아 | H73: 00310314-00225 | I73: 00360423-00591 | J73: 00371218-00452 | N73: 1구역 | T73: 1자문 | U73: 추이코라리사세묘노브나 | V73: Чуйко Лариса | W73: 여 | X73: 18355 | Y73: 75 | Z73: 7-978-677-2013 | AA73: @Logikaen | AB73: 집사 | AC73: 총회등록 | AD73: 러시아 | AE73: 러시아(크림) | AF73: 크림반도 얄타
A74: 87 | B74: 00361031-00502 | C74: 133 | D74: 러시아(크림공화국) | E74: 크림공화국1팀 | F74: 00300725-00026 | G74: 최타이시아 | H74: 00310314-00225 | I74: 00360423-00591 | J74: 00371218-00452 | N74: 1구역 | T74: 1자문 | U74: 페트렌코스베틀라나 | V74: Петренко Светлана | W74: 여 | X74: 18579 | Y74: 75 | Z74: 7978-7051889 | AA74: @Svet-15 | AB74: 집사 | AC74: 총회등록 | AD74: 러시아 | AE74: 러시아(크림) | AF74: 크림반도 얄타
A75: 78 | B75: 00320813-00004 | C75: 135 | D75: 러시아(크림공화국) | E75: 크림공화국1팀 | F75: 00300725-00026 | G75: 최타이시아 | H75: 00310314-00225 | I75: 00320813-00004 | J75: 00400530-00097 | N75: 2구역 | P75: 구역장 | Q75: 구역장 | T75: 3부녀 | U75: 마의코마르가리따 | V75: Майко Маргарита | W75: 여 | X75: 21384 | Y75: 67 | Z75: 7978-146-80-18 | AA75: @May_ko18 | AB75: 집사 | AC75: 총회등록 | AD75: 러시아 | AE75: 러시아(크림) | AF75: 크림반도 얄타
A76: 147 | B76: 00400530-00097 | C76: 137 | D76: 러시아(크림공화국) | E76: 크림공화국1팀 | F76: 00300725-00026 | G76: 최타이시아 | H76: 00310314-00225 | I76: 00320813-00004 | J76: 00400530-00097 | N76: 2구역 | P76: 부구역장 | Q76: 새신자부구역장 | R76: 42.10 | T76: 3부녀 | U76: 크라이스만마리나 | V76: Крайсман Марина | W76: 여 | X76: 21995 | Y76: 65 | Z76: 8-901-438-7446 | AA76: @mplarksch | AB76: 집사 | AC76: 총회등록 | AD76: 독일 | AE76: 독일 | AF76: 브람쉐 | AI76: 150-4기
A77: 140 | B77: 00410523-00478 | C77: 139 | D77: 러시아(크림공화국) | E77: 크림공화국1팀 | F77: 00300725-00026 | G77: 최타이시아 | H77: 00310314-00225 | I77: 00320813-00004 | J77: 00400530-00097 | N77: 2구역 | P77: 부구역장 | Q77: 부구역장 | T77: 3부녀 | U77: 바달랸예기네삼벨로브나 | V77: Бадалян Егине Самвеловна | W77: 여 | X77: 30325 | Y77: 43 | Z77: 7-962-862-5827 | AA77: @Egine_09 | AB77: 성도 | AC77: 교회등록 | AD77: 러시아 | AE77: 러시아 | AF77: 스타브로폴 | AI77: 154-4기 | AK77: -5
A78: 107 | B78: 00410523-00460 | C78: 141 | D78: 러시아(크림공화국) | E78: 크림공화국1팀 | F78: 00300725-00026 | G78: 최타이시아 | H78: 00310314-00225 | I78: 00320813-00004 | J78: 00400530-00097 | N78: 2구역 | T78: 3부녀 | U78: 마라홉스카야라리사안드레예브나 | V78: Мараховская Лариса Андреевна | W78: 여 | X78: 21767 | Y78: 66 | Z78: 7-961-501-9834 | AA78: @Larakim333 | AB78: 성도 | AC78: 교회등록 | AD78: 러시아 | AE78: 러시아 | AF78: 크라스노다르 | AI78: 154-4기 | AK78: -6
A79: 110 | B79: 00410523-00466 | C79: 143 | E79: 크림공화국1팀 | F79: 00300725-00026 | G79: 최타이시아 | H79: 00310314-00225 | I79: 00320813-00004 | J79: 00400530-00097 | N79: 2구역 | T79: 3부녀 | U79: 예프레멘코이리나안필로게노브나 | V79: Ефременко Ирина Анфилогеновна | W79: 여 | X79: 23390 | Y79: 62 | Z79: 7-977-815-5364 | AA79: @Iirina64 | AB79: 성도 | AC79: 교회등록 | AD79: 러시아 | AE79: 러시아 | AF79: 압하지야 | AI79: 154-4기 | AK79: -7
A80: 109 | B80: 00400530-00106 | C80: 145 | D80: 러시아(크림공화국) | E80: 크림공화국1팀 | F80: 00300725-00026 | G80: 최타이시아 | H80: 00310314-00225 | I80: 00320813-00004 | J80: 00400530-00097 | N80: 2구역 | T80: 3부녀 | U80: 트루비즈나류드밀라니콜라예브나 | V80: Трубицына Людмила | W80: 여 | X80: 24432 | Y80: 59 | Z80: 8-988-355-4287 | AA80: @LydmilaTrubicina | AB80: 집사 | AC80: 총회등록 | AD80: 러시아 | AE80: 러시아 | AF80: 크라스노다르주 | AI80: 150-4기 | AL80: 이동x
A81: 115 | B81: 00390826-00073 | C81: 147 | D81: 러시아(크림공화국) | E81: 크림공화국2팀 | F81: 00300725-00026 | G81: 최타이시아 | H81: 00310314-00225 | I81: 00320813-00004 | J81: 00390826-00074 | N81: 2구역 | T81: 3부녀 | U81: 솔로도브닉나탈리야알렉산드로브나 | V81: Солодовник Наталья Александровна | W81: 여 | X81: 28450 | Y81: 48 | Z81: 7978-058-9025 | AA81: @Natalia77nata | AB81: 성도 | AC81: 교회등록 | AD81: 러시아 | AE81: 러시아(크림) | AF81: 크림반도 얄타 | AI81: 147-1기 | AL81: 크림
A82: 118 | B82: 00391111-00152 | C82: 149 | D82: 러시아(크림공화국) | E82: 크림공화국2팀 | F82: 00300725-00026 | G82: 최타이시아 | H82: 00310314-00225 | I82: 00320813-00004 | J82: 00390826-00074 | N82: 2구역 | T82: 3부녀 | U82: 넵스카야타티야나스타니슬라보브나 | V82: Невская Татьяна Станиславовна | W82: 여 | X82: 26557 | Y82: 53 | Z82: 7-978-738-8501 | AA82: @Nevatanya | AB82: 성도 | AC82: 교회등록 | AD82: 러시아 | AE82: 러시아 | AF82: 세바스토폴 | AI82: 148-1기 | AL82: 크림
A83: 251 | B83: 00410822-01061 | C83: 151 | D83: 러시아(모스크바) | E83: 크림공화국1팀 | F83: 00300725-00026 | G83: 최타이시아 | H83: 00310314-00225 | I83: 00320813-00004 | J83: 00400530-00097 | N83: 2구역 | S83: 남편과 크림지역에 거주 남편이크림 구역편성되어 함께 크림으로 이동 (행정이동도 하면 좋을 것) | T83: 3부녀 | U83: 마요로바류보비니콜라예브나 | V83: Майорова Любовь Николаевна | W83: 여 | X83: 22724 | Y83: 63 | Z83: 34-62-084-0740 | AA83: @Lyubovnico | AB83: 성도 | AC83: 교회등록 | AD83: 러시아 | AE83: 스페인 | AF83: 발렌시아 | AI83: 155-3기
A84: 82 | B84: 00360423-00594 | C84: 153 | D84: 러시아(크림공화국) | E84: 크림공화국1팀 | F84: 00300725-00026 | G84: 최타이시아 | H84: 00310314-00225 | I84: 00360423-00594 | J84: 00400530-00121 | N84: 3구역 | P84: 구역장 | Q84: 새신자구역장 | T84: 3부녀 | U84: 페트리쉬나타티아나 | V84: Петришина Татьяна | W84: 여 | X84: 25307 | Y84: 56 | Z84: 7978-509-07-52 | AA84: @Petrishina69 | AB84: 집사 | AC84: 총회등록 | AD84: 러시아 | AE84: 러시아(크림) | AF84: 크림반도 옥탸브리스크
A85: 146 | B85: 00400530-00121 | C85: 155 | D85: 러시아(크림공화국) | E85: 크림공화국1팀 | F85: 00300725-00026 | G85: 최타이시아 | H85: 00310314-00225 | I85: 00360423-00594 | J85: 00400530-00121 | N85: 3구역 | P85: 구역장 | Q85: 구역장 | T85: 3부녀 | U85: 크비린그나탈리야 | V85: Квиринг Наталья | W85: 여 | X85: 28273 | Y85: 48 | Z85: 49-176-2046-0446 | AA85: @quieringnatalia | AB85: 성도 | AC85: 교회등록 | AD85: 독일 | AE85: 독일 | AF85: 데드몰트 | AI85: 150-4기
A86: 148 | B86: 00400530-00132 | C86: 157 | D86: 러시아(크림공화국) | E86: 크림공화국1팀 | F86: 00300725-00026 | G86: 최타이시아 | H86: 00310314-00225 | I86: 00360423-00594 | J86: 00400530-00121 | N86: 3구역 | T86: 3부녀 | U86: 로자노바마우로바나탈리아빅토로브나 | V86: РозановаМаурова Наталья Викторовна | W86: 여 | X86: 30230 | Y86: 43 | Z86: 994-50-403-5684 | AA86: @missisnata | AB86: 성도 | AC86: 교회등록 | AD86: 아제르바이잔 | AE86: 아제르바이잔 | AF86: 바쿠 | AI86: 150-4기
A87: 149 | B87: 00400530-00141 | C87: 159 | D87: 러시아(크림공화국) | E87: 크림공화국1팀 | F87: 00300725-00026 | G87: 최타이시아 | H87: 00310314-00225 | I87: 00360423-00594 | J87: 00400530-00121 | K87: 00400530-00141 | N87: 3구역 | P87: 부구역장 | R87: 42.10 | S87: 0 | T87: 3부녀 | U87: 셰베르댜예바발렌티나빅토로브나 | V87: Шевердяева Валентина Викторовна | W87: 여 | X87: 32894 | Y87: 36 | Z87: 994-50-565-9573,-994-01-2379-4213 | AA87: @sheverdyayevalentina | AB87: 성도 | AC87: 교회등록 | AD87: 아제르바이잔 | AE87: 아제르바이잔 | AF87: 바쿠 | AI87: 150-4기
A88: 150 | B88: 00390826-00068 | C88: 161 | D88: 러시아(크림공화국) | E88: 크림공화국1팀 | F88: 00300725-00026 | G88: 최타이시아 | H88: 00310314-00225 | I88: 00360423-00594 | J88: 00400530-00121 | N88: 3구역 | T88: 3부녀 | U88: 폴리모노프나탈리야 | V88: Фолимонова Наталья | W88: 여 | X88: 25602 | Y88: 55 | AA88: @folimonovnatalia | AB88: 성도 | AC88: 교회등록 | AD88: 독일 | AE88: 독일 | AF88: 슈타인푸르트 | AI88: 147-1기
A89: 153 | B89: 00400227-01394 | C89: 163 | D89: 러시아(크림공화국) | E89: 크림공화국1팀 | F89: 00300725-00026 | G89: 최타이시아 | H89: 00310314-00225 | I89: 00360423-00594 | J89: 00400530-00121 | N89: 3구역 | T89: 3부녀 | U89: 미할추크엘레나빅토로브나 | V89: Михальчук Елена Викторовна | W89: 여 | X89: 26339 | Y89: 53 | Z89: 7-951-528-3177 | AA89: @ElenaMixalhyk | AB89: 성도 | AC89: 교회등록 | AD89: 러시아 | AE89: 러시아 | AF89: 로스토프 | AI89: 149-1기 | AK89: -6
A90: 114 | B90: 00390826-00074 | C90: 165 | D90: 러시아(크림공화국) | E90: 크림공화국2팀 | F90: 00300725-00026 | G90: 최타이시아 | H90: 00310314-00225 | I90: 00360423-00594 | J90: 00400530-00121 | N90: 3구역 | T90: 3부녀 | U90: 벨로굽이리나이바노브나 | V90: Белогуб Ирина Ивановна | W90: 여 | X90: 31414 | Y90: 40 | Z90: 8968-262-9233 | AA90: @Belogub_86 | AB90: 집사 | AC90: 총회등록 | AD90: 러시아 | AE90: 러시아 | AF90: 스타브로폴스키 크레이 | AI90: 147-1기 | AL90: 크림
A91: 152 | B91: 00410326-00094 | C91: 167 | D91: 러시아(크림공화국) | E91: 크림공화국1팀 | F91: 00300725-00026 | G91: 최타이시아 | H91: 00310314-00225 | I91: 00360423-00594 | J91: 00400530-00121 | N91: 3구역 | T91: 3부녀 | U91: 라기모바케뉼카즘 | V91: Rəhimova Könül Kazım | W91: 여 | X91: 27745 | Y91: 50 | Z91: 994-55-492-5942 | AA91: @OkXan | AB91: 성도 | AC91: 교회등록 | AD91: 아제르바이잔 | AE91: 아제르바이잔 | AF91: 숨가이트 | AI91: 153-5기
A92: 154 | B92: 00400819-00475 | C92: 169 | D92: 러시아(크림공화국) | E92: 크림공화국2팀 | F92: 00300725-00026 | G92: 세멘댜예바이리나빅토로브나 | H92: 00400819-00475 | I92: 00400819-00475 | J92: 00400819-00495 | N92: 4구역 | P92: 팀장 | Q92: 새신자구역장 | S92: 구역장 1 | T92: 3부녀 | U92: 세멘댜예바이리나빅토로브나 | V92: Семендяева Ирина Викторовна | W92: 여 | X92: 28783 | Y92: 47 | Z92: 49-176-4454-2439 | AA92: @irinarambs | AB92: 성도 | AC92: 교회등록 | AD92: 러시아 | AE92: 독일 | AF92: 헤센주 | AI92: 151-1기
A93: 155 | B93: 00400819-00495 | C93: 171 | D93: 러시아(크림공화국) | E93: 크림공화국2팀 | F93: 00300725-00026 | G93: 세멘댜예바이리나빅토로브나 | H93: 00400819-00475 | I93: 00400819-00475 | J93: 00400819-00495 | N93: 4구억 | P93: 부구역장 | Q93: 새신자부구역장 | R93: 42.10 | S93: 0 | T93: 3부녀 | U93: 마모얀미디야샤리포브나 | V93: Мамоян Мидия Шарифовна | W93: 여 | X93: 35425 | Y93: 29 | Z93: 7-918-332-3853 | AA93: @Midiya_M | AB93: 성도 | AC93: 교회등록 | AD93: 러시아 | AE93: 러시아 | AF93: 크라스노다르주, 크라스노다르시 | AI93: 151-1기 | AK93: -6
A94: 156 | B94: 00410326-00104 | C94: 173 | D94: 러시아(크림공화국) | E94: 크림공화국2팀 | F94: 00300725-00026 | G94: 세멘댜예바이리나빅토로브나 | H94: 00400819-00475 | I94: 00400819-00475 | J94: 00400819-00495 | K94: 00410326-00104 | N94: 4구억 | P94: 부구역장 | Q94: 새신자부구역장 | R94: 42.10 | S94: 2 | T94: 3부녀 | U94: 아브라모바아가브닉발레리예브나 | V94: Աբրամովա Աղավնիկ Վալերիի | W94: 여 | X94: 32534 | Y94: 37 | Z94: 7-989-818-5078 | AA94: @Agavnik89 | AB94: 성도 | AC94: 교회등록 | AD94: 러시아 | AE94: 러시아 | AF94: 크라스노다르 | AI94: 153-5기 | AL94: 크림
A95: 157 | B95: 00400530-00128 | C95: 175 | D95: 러시아(크림공화국) | E95: 크림공화국2팀 | F95: 00300725-00026 | G95: 세멘댜예바이리나빅토로브나 | H95: 00400819-00475 | I95: 00400819-00475 | J95: 00400819-00495 | N95: 4구억 | T95: 3부녀 | U95: 세르바코바라이사미하일로브나 | V95: Щербакова Раиса Михайловна | W95: 여 | X95: 29363 | Y95: 45 | Z95: 8-928-430-2362 | AA95: @raisaraisa80 | AB95: 성도 | AC95: 교회등록 | AD95: 러시아 | AE95: 러시아 | AF95: 크라스노다르 변경주 | AI95: 150-4기 | AL95: 이동x
A96: 158 | B96: 00400819-00478 | C96: 177 | D96: 러시아(크림공화국) | E96: 크림공화국2팀 | F96: 00300725-00026 | G96: 세멘댜예바이리나빅토로브나 | H96: 00400819-00475 | I96: 00400819-00475 | J96: 00400819-00495 | N96: 4구억 | T96: 3부녀 | U96: 타나냔바르두이라파엘로브나 | V96: Тананян Вардуи Рафаеловна | W96: 여 | X96: 31279 | Y96: 40 | Z96: 7-928-361-5444 | AB96: 성도 | AC96: 교회등록 | AD96: 러시아 | AE96: 러시아 | AF96: 스타브로폴주 | AI96: 151-1기 | AK96: -6
A97: 159 | B97: 00400819-00491 | C97: 179 | D97: 러시아(크림공화국) | E97: 크림공화국2팀 | F97: 00300725-00026 | G97: 세멘댜예바이리나빅토로브나 | H97: 00400819-00475 | I97: 00400819-00475 | J97: 00400819-00495 | N97: 4구억 | T97: 3부녀 | U97: 오즈마냔귤나즈샤리포브나 | V97: Озманян Гюлназ Шарифовна | W97: 여 | X97: 34479 | Y97: 31 | Z97: 7-964-900-1924 | AA97: @Gyulnazozmanyan | AB97: 성도 | AC97: 교회등록 | AD97: 러시아 | AE97: 러시아 | AF97: 크라스노다르주 | AI97: 151-1기 | AK97: -6
A98: 117 | B98: 00390826-00114 | C98: 181 | D98: 러시아(크림공화국) | E98: 크림공화국2팀 | F98: 00300725-00026 | G98: 세멘댜예바이리나빅토로브나 | H98: 00400819-00475 | I98: 00400819-00475 | J98: 00400819-00495 | N98: 4구억 | T98: 3부녀 | U98: 그리고랸나탈리야이고례브나 | V98: Григорян Наталья Игоревна | W98: 여 | X98: 33133 | Y98: 35 | Z98: 994-627666 | AA98: @Nataliia_Grigoryan | AB98: 성도 | AC98: 총회등록 | AD98: 러시아 | AE98: 러시아 | AF98: 돈바스 | AI98: 147-4기 | AL98: 크림
A99: 145 | B99: 00411010-02032 | C99: 183 | D99: 러시아(크림공화국) | E99: 크림공화국2팀 | F99: 00300725-00026 | G99: 세멘댜예바이리나빅토로브나 | H99: 00400819-00475 | I99: 00400819-00475 | J99: 00400819-00495 | N99: 4구역 | T99: 4청년 | U99: 이사하냔타구이마미코노브나 | V99: ИСАХАНЯН ТАГУИ МАМИКОНОВНА | W99: 여 | X99: 33178 | Y99: 35 | Z99: 7-999-632-7476 | AA99: @itm_ma | AB99: 성도 | AC99: 교회등록 | AD99: 러시아 | AE99: 러시아 | AF99: 크라스노다르, 아르마비르 | AI99: 156기 | AL99: 크림
A100: 160 | B100: 00401127-01049 | C100: 185 | D100: 러시아(크림공화국) | E100: 크림공화국장결 | F100: 00300725-00026 | G100: 세멘댜예바이리나빅토로브나 | H100: 00400819-00475 | I100: 00400819-00475 | J100: 00400819-00495 | N100: 4구역 | T100: 3부녀 | U100: 바실라쉬빌리타티야나타리옐로브나 | V100: Басилашвили Татьяна Тариеловна | W100: 여 | X100: 32130 | Y100: 38 | Z100: 7-964-892-3414 | AB100: 성도 | AC100: 입교 | AD100: 러시아 | AE100: 러시아 | AF100: 크라스노다르 예이스크시 | AI100: 152-4기 | AK100: -6
...

Sheet 42년6월 취합마스터파일
AC1: 39 | AD1: 2022
AD2: 2025 | AE2: 국가별 지역 관할
AD3: 2025 | AE3: 러시아 | AF3: 사할린
AD4: 2025 | AF4: 사하공화국 (야쿠티야),야쿠츠크
AD5: 2025
AD6: 2025
AD7: 2025 | AE7: 카자흐스탄 | AF7: 아스타나
AD8: 2025 | AF8: 카라간다
AD9: 2025
AD10: 2025
AD11: 2025 | AE11: 해외개척지역 | AF11: 벨라루스,폴란드,루마니아
AD12: 2025
AD13: 2025
AD14: 2025
AD15: 2025
AC16: 40 | AD16: 2023
AC17: 41 | AD17: 2024
AC18: 42 | AD18: 2025
B19: 700 | C19: 총인원 | D19: =SUBTOTAL(103,$E$21:E767) -> 700
B20: 번호 | C20: 고유번호 | D20: 인원수 | E20: 지역 | F20: 팀 | G20: 지역총괄팀장 | H20: 담당팀장 | I20: 팀장 | J20: 구역장 | K20: 부구역장(1) | L20: 부구역장(2) | M20: 부구역장(3) | N20: 부구역장(4) | O20: 구역 | P20: 새신자 | Q20: 행정직책 | R20: 직책 | S20: 겸직 | T20: 부서 | U20: 이름(KR) | V20: 이름(RU) | W20: 성별 | X20: 생년월일 | Y20: (만)나이 | Z20: 전화번호 | AA20: 텔레사용자명 | AB20: 직분 | AC20: 등록상태 | AD20: 국적 | AE20: 국가 | AF20: 도시명 | AG20: 출결 여부 | AH20: 사유/기간 | AI20: 센터기수 | AJ20: 기타사항 | AK20: 시차 | AL20: 체크2
B21: 1 | C21: 00311023-00027 | D21: =SUBTOTAL(103,$T$21:T21) -> 1 | E21: 국내성도 | F21: 국내_청년 | G21: 00350330-00205 | H21: 김세진 | I21: 00360527-00006 | J21: 00311023-00027 | K21: x | L21: x | O21: 1구역 | Q21: 구역장 | R21: 구역장 | T21: 4청년 | U21: 주유리 | V21: Дю Юрий | W21: 남 | X21: 32377 | Y21: =DATEDIF(X21,TODAY(),"Y") -> 37 | Z21: 010-3141-8193 | AA21: @DyuYurii | AB21: 문도 | AC21: 총회등록 | AD21: 러시아 | AE21: 한국 | AF21: 서울특별시
B22: 2 | C22: 00360527-00006 | D22: =SUBTOTAL(103,$T$21:T22) -> 2 | E22: 국내성도 | F22: 국내_장년 | G22: 00350330-00205 | H22: 김세진 | I22: 00360527-00006 | J22: 00311023-00027 | K22: x | L22: x | O22: 1구역 | Q22: 팀장 | R22: 국내총괄팀장 | S22: 구역장 | T22: 2장년 | U22: 김세진 | V22: Ким Сергей | W22: 남 | X22: 32431 | Y22: =DATEDIF(X22,TODAY(),"Y") -> 37 | Z22: 010-6640-3437 | AA22: @execute25 | AB22: 집사 | AC22: 총회등록 | AD22: 우즈베키스탄/한국(국적취득) | AE22: 한국 | AF22: 경기도
B23: 3 | C23: 00360830-00345 | D23: =SUBTOTAL(103,$T$21:T23) -> 3 | E23: 국내성도 | F23: 국내_장년 | G23: 00350330-00205 | H23: 김세진 | I23: 00360527-00006 | J23: 00311023-00027 | K23: x | L23: x | O23: 1구역 | T23: 2장년 | U23: 허드미트리 | V23: Хе Дмитрий | W23: 남 | X23: 32370 | Y23: =DATEDIF(X23,TODAY(),"Y") -> 37 | Z23: 010-9575-8815 | AA23: @Dmitriyhe | AB23: 집사 | AC23: 총회등록 | AD23: 우즈베키스탄 | AE23: 한국 | AF23: 서울특별시
B24: 4 | C24: 00291129-00211 | D24: =SUBTOTAL(103,$T$21:T24) -> 4 | E24: 우크라이나(키이우) | F24: 국내_장년 | G24: 00350330-00205 | H24: 김세진 | I24: 00360527-00006 | J24: 00311023-00027 | K24: x | L24: x | O24: 1구역 | T24: 2장년 | U24: 김에두아르드 | V24: Ким Эдуард | W24: 남 | X24: 29900 | Y24: =DATEDIF(X24,TODAY(),"Y") -> 44 | Z24: 010-2426-2496/(1(506)-898-3709) | AA24: @Edward_cbt | AB24: 집사 | AC24: 총회등록 | AD24: 우크라이나 | AE24: 캐나다 | AF24: 프레더릭턴
B25: 5 | C25: 00360830-00344 | D25: =SUBTOTAL(103,$T$21:T25) -> 5 | E25: 국내성도 | F25: 국내_장년 | G25: 00350330-00205 | H25: 김세진 | I25: 00360527-00006 | J25: 00311023-00027 | K25: x | L25: x | O25: 1구역 | T25: 2장년 | U25: 이드미트리 | V25: Ли Дмитрий | W25: 남 | X25: 32279 | Y25: =DATEDIF(X25,TODAY(),"Y") -> 37 | Z25: 010-2351-0933 | AA25: @DMITRIYLEE88 | AB25: 집사 | AC25: 총회등록 | AD25: 우즈베키스탄 | AE25: 한국 | AF25: 서울특별시
B26: 6 | C26: 00320813-00008 | D26: =SUBTOTAL(103,$T$21:T26) -> 6 | E26: 국내성도 | F26: 국내_장년 | G26: 00350330-00205 | H26: 김세진 | I26: 00360527-00006 | J26: 00311023-00027 | K26: x | L26: x | O26: 1구역 | T26: 2장년 | U26: 박뱌체슬라브 | V26: Пак Вячеслав | W26: 남 | X26: 31456 | Y26: =DATEDIF(X26,TODAY(),"Y") -> 39 | Z26: 010-4374-0713 | AA26: @vvv13park | AB26: 집사 | AC26: 총회등록 | AD26: 우즈베키스탄 | AE26: 한국 | AF26: 서울특별시
B27: 7 | C27: 00390826-00075 | D27: =SUBTOTAL(103,$T$21:T27) -> 7 | E27: 국내성도 | F27: 국내_청년 | G27: 00350330-00205 | H27: 김세진 | I27: 00360527-00006 | J27: 00390826-00075 | K27: 00371217-01048 | L27: x | O27: 2구역 | Q27: 구역장 | R27: 구역장 | T27: 4청년 | U27: 김세르게이발레리예비치 | V27: Ким Сергей Валерьевич | W27: 남 | X27: 32305 | Y27: =DATEDIF(X27,TODAY(),"Y") -> 37 | Z27: 010-8441-1728 | AA27: @k_i_m_sergey | AB27: 문도 | AC27: 총회등록 | AD27: 러시아 | AE27: 한국 | AF27: 경기도 | AI27: 147-1기
B28: 8 | C28: 00371217-01048 | D28: =SUBTOTAL(103,$T$21:T28) -> 8 | E28: 국내성도 | F28: 국내_장년 | G28: 00350330-00205 | H28: 김세진 | I28: 00360527-00006 | J28: 00390826-00075 | K28: 00371217-01048 | L28: x | O28: 2구역 | Q28: 팀장 | R28: 새신자팀장 | S28: 구역장 | T28: 2장년 | U28: 강블라디미르파블로비치 | V28: Кан Владимир | W28: 남 | X28: 33031 | Y28: =DATEDIF(X28,TODAY(),"Y") -> 35 | Z28: 010-5820-6557 | AA28: @kanVladimir7 | AB28: 집사 | AC28: 총회등록 | AD28: 러시아 | AE28: 한국 | AF28: 서울특별시
B29: 9 | C29: 00371218-00469 | D29: =SUBTOTAL(103,$T$21:T29) -> 9 | E29: 국내성도 | F29: 국내_장년 | G29: 00350330-00205 | H29: 김세진 | I29: 00360527-00006 | J29: 00390826-00075 | K29: 00371217-01048 | L29: x | O29: 2구역 | T29: 2장년 | U29: 한세묜세묘노비치 | V29: Хан Семён | W29: 남 | X29: 33599 | Y29: =DATEDIF(X29,TODAY(),"Y") -> 34 | Z29: 010-8433-2802 | AB29: 집사 | AC29: 총회등록 | AD29: 우즈베키스탄 | AE29: 한국 | AF29: 서울특별시
B30: 10 | C30: 00390826-00117 | D30: =SUBTOTAL(103,$T$21:T30) -> 10 | E30: 국내성도 | F30: 국내_청년 | G30: 00350330-00205 | H30: 김세진 | I30: 00360527-00006 | J30: 00390826-00075 | K30: 00371217-01048 | L30: x | O30: 2구역 | T30: 4청년 | U30: 손이고르아루투로비치 | V30: Сон Игорь Артурович | W30: 남 | X30: 36739 | Y30: =DATEDIF(X30,TODAY(),"Y") -> 25 | Z30: 010-97112243 | AB30: 성도 | AC30: 입교 | AD30: 우즈베키스탄 | AE30: 한국 | AF30: 서울특별시 | AI30: 147-4기
B31: 11 | C31: 00410822-00002 | D31: =SUBTOTAL(103,$T$21:T31) -> 11 | E31: 국내성도 | F31: 새신자4팀 | G31: 00350330-00205 | H31: 김세진 | I31: 00360527-00006 | J31: 00390826-00075 | K31: 00371217-01048 | L31: x | O31: 2구역 | T31: 4청년 | U31: 야쿠빈스키이드미트리이고레비치 | V31: Якубинский Дмитрий Игоревич | W31: 남 | X31: 32741 | Y31: =DATEDIF(X31,TODAY(),"Y") -> 36 | Z31: 010-5890-1703 | AA31: @dimadimadimadimadimadimadima1989 | AB31: 성도 | AC31: 교회등록 | AD31: 러시아 | AE31: 한국 | AF31: 인천광역시 | AI31: 155기
B32: 12 | C32: 00360830-00347 | D32: =SUBTOTAL(103,$T$21:T32) -> 12 | E32: 국내성도 | F32: 국내_청년 | G32: 00350330-00205 | H32: 김세진 | I32: 00360527-00006 | J32: 00390826-00075 | K32: 00371217-01048 | L32: x | O32: 2구역 | T32: 4청년 | U32: 강파벨 | V32: Кан Павел | W32: 남 | X32: 33538 | Y32: =DATEDIF(X32,TODAY(),"Y") -> 34 | Z32: 010-5552-2710 | AB32: 성도 | AC32: 입교 | AD32: 카자흐스탄 | AE32: 한국 | AF32: 경상북도 | AH32: 출결제외해지(2023/03/14) | AJ32: 신앙유약
B33: 13 | C33: 00400227-01416 | D33: =SUBTOTAL(103,$T$21:T33) -> 13 | E33: 국내성도 | F33: 국내_청년 | G33: 00350330-00205 | H33: 김세진 | I33: 00360527-00006 | J33: 00390826-00075 | K33: 00371217-01048 | L33: x | O33: 2구역 | T33: 4청년 | U33: 김예브게니알렉산드로비치 | V33: Ким Евгений Александрович | W33: 남 | X33: 33400 | Y33: =DATEDIF(X33,TODAY(),"Y") -> 34 | Z33: 7-747-455-6934 | AB33: 성도 | AC33: 입교 | AD33: 카자흐스탄 | AE33: 카자흐스탄 | AF33: 알마티 | AH33: 출결제외해지(2025/3/1) | AI33: 149-1기 | AJ33: 신앙유약
C34: 00261114-00053 | D34: =SUBTOTAL(103,$T$21:T34) -> 13 | F34: 국내_부녀 | G34: 00350330-00205 | H34: 박지민 | I34: 00341026-00033 | J34: 00261114-00053 | K34: x | L34: x | O34: 1구역 | Q34: 임원 | R34: 총무 | S34: 구역장 | U34: 박지민 | AC34: 총회등록 | AG34: 중복
B35: 14 | C35: 00361031-00487 | D35: =SUBTOTAL(103,$T$21:T35) -> 14 | E35: 국내성도 | F35: 국내_부녀 | G35: 00350330-00205 | H35: 박지민 | I35: 00261114-00053 | J35: 00261114-00053 | K35: x | L35: x | O35: 1구역 | T35: 3부녀 | U35: 최릴리야 | V35: Цой Лилия | W35: 여 | X35: 33815 | Y35: =DATEDIF(X35,TODAY(),"Y") -> 33 | Z35: 010-7550-5848 | AB35: 집사 | AC35: 총회등록 | AD35: 우즈베키스탄 | AE35: 한국 | AF35: 인천광역시
B36: 15 | C36: 00310314-00227 | D36: =SUBTOTAL(103,$T$21:T36) -> 15 | E36: 국내성도 | F36: 국내_부녀 | G36: 00350330-00205 | H36: 박지민 | I36: 00261114-00053 | J36: 00261114-00053 | K36: x | L36: x | O36: 1구역 | T36: 3부녀 | U36: 한옐레나 | V36: Хан Елена | W36: 여 | X36: 31075 | Y36: =DATEDIF(X36,TODAY(),"Y") -> 41 | Z36: 010-8285-1011 | AB36: 집사 | AC36: 입교 | AD36: 러시아 | AE36: 한국 | AF36: 서울특별시 | AH36: 출결제외해지(2025/3/1) | AJ36: 신앙유약
B37: 16 | C37: 00311023-00028 | D37: =SUBTOTAL(103,$T$21:T37) -> 16 | E37: 국내성도 | F37: 국내_부녀 | G37: 00350330-00205 | H37: 박지민 | I37: 00261114-00053 | J37: 00261114-00053 | K37: x | L37: x | O37: 1구역 | T37: 3부녀 | U37: 박옐레나 | V37: Пак Елена | W37: 여 | X37: 32547 | Y37: =DATEDIF(X37,TODAY(),"Y") -> 36 | Z37: 010-5615-2266 | AB37: 집사 | AC37: 입교 | AD37: 우즈베키스탄 | AE37: 한국 | AF37: 경기도
B38: 17 | C38: 00340624-00330 | D38: =SUBTOTAL(103,$T$21:T38) -> 17 | E38: 국내성도 | F38: 국내_부녀 | G38: 00350330-00205 | H38: 박지민 | I38: 00261114-00053 | J38: 00261114-00053 | K38: x | L38: x | O38: 1구역 | T38: 3부녀 | U38: 최유나 | V38: Цой Ольга | W38: 여 | X38: 31062 | Y38: =DATEDIF(X38,TODAY(),"Y") -> 41 | Z38: 010-2570-6278 | AB38: 집사 | AC38: 총회등록 | AD38: 한국 | AE38: 한국 | AF38: 서울특별시
B39: 18 | C39: 00280508-00022 | D39: =SUBTOTAL(103,$T$21:T39) -> 18 | E39: 국내성도 | F39: 국내_부녀 | G39: 00350330-00205 | H39: 박지민 | I39: 00261114-00053 | J39: 00261114-00053 | K39: x | L39: x | O39: 1구역 | T39: 3부녀 | U39: 엘리나바투크흐티나 | V39: Батухтина Элина | W39: 여 | X39: 31504 | Y39: =DATEDIF(X39,TODAY(),"Y") -> 39 | Z39: 010-4593-5238 | AB39: 문도 | AC39: 입교 | AD39: 우크라이나 | AE39: 한국 | AF39: 서울특별시 | AH39: 출결제외해지(2025/3/1) | AJ39: 신앙유약
B40: 19 | C40: 00400227-01392 | D40: =SUBTOTAL(103,$T$21:T40) -> 19 | E40: 국내성도 | F40: 국내_부녀 | G40: 00350330-00205 | H40: 박지민 | I40: 00261114-00053 | J40: 00261114-00053 | K40: x | L40: x | O40: 1구역 | T40: 3부녀 | U40: 리스베틀라나아나톨리예브나 | V40: Светлана ЛИ | W40: 여 | X40: 23079 | Y40: =DATEDIF(X40,TODAY(),"Y") -> 62 | Z40: 010-2117-9127 | AA40: @Liswetik | AB40: 성도 | AC40: 입교 | AD40: 카자흐스탄 | AE40: 한국 | AF40: 경기도 | AH40: 출결제외해지(2025/3/1) | AI40: 149-1기 | AJ40: 신앙유약
B41: 20 | C41: 00400530-00093 | D41: =SUBTOTAL(103,$T$21:T41) -> 20 | E41: 국내성도 | F41: 국내_부녀 | G41: 00350330-00205 | H41: 박지민 | I41: 00261114-00053 | J41: 00261114-00053 | K41: x | L41: x | O41: 1구역 | T41: 1자문 | U41: 이림마니콜라예브나 | V41: Ли Римма Николаевна | W41: 여 | X41: 19818 | Y41: =DATEDIF(X41,TODAY(),"Y") -> 71 | Z41: 998-90-290-3254 | AB41: 성도 | AC41: 입교 | AD41: 우즈베키스탄 | AE41: 한국 | AF41: 경기도 | AH41: 출결제외해지일 (2025/4/1) | AI41: 150-4기 | AJ41: 신앙유약
B42: 21 | C42: 00400227-01414 | D42: =SUBTOTAL(103,$T$21:T42) -> 21 | E42: 국내성도 | F42: 국내_부녀 | G42: 00350330-00205 | H42: 박지민 | I42: 00261114-00053 | J42: 00261114-00053 | K42: x | L42: x | O42: 1구역 | T42: 4청년 | U42: 리알렉시나블라딜레노브나 | V42: Ли Алексина Владиленовна | W42: 여 | X42: 33012 | Y42: =DATEDIF(X42,TODAY(),"Y") -> 35 | Z42: 010-4244-3010 | AB42: 성도 | AC42: 입교 | AD42: 카자흐스탄 | AE42: 한국 | AI42: 149-1기
B43: 22 | C43: 00360830-00346 | D43: =SUBTOTAL(103,$T$21:T43) -> 22 | E43: 국내성도 | F43: 국내_부녀 | G43: 00350330-00205 | H43: 박지민 | I43: 00261114-00053 | J43: 00360830-00346 | K43: 00350330-00153 | L43: x | O43: 2구역 | Q43: 구역장 | R43: 구역장 | T43: 3부녀 | U43: 김예카테리나 | V43: Ким Екатерина | W43: 여 | X43: 33312 | Y43: =DATEDIF(X43,TODAY(),"Y") -> 34 | Z43: 010-5877-6557 | AA43: @Rina_Kim_1 | AB43: 집사 | AC43: 총회등록 | AD43: 우즈베키스탄 | AE43: 한국 | AF43: 서울특별시
B44: 23 | C44: 00350330-00153 | D44: =SUBTOTAL(103,$T$21:T44) -> 23 | E44: 국내성도 | F44: 국내_부녀 | G44: 00350330-00205 | H44: 박지민 | I44: 00261114-00053 | J44: 00360830-00346 | K44: 00350330-00153 | L44: x | O44: 2구역 | Q44: 부구역장 | R44: 부구역장 | T44: 3부녀 | U44: 문발레리야 | V44: Мун Валерия | W44: 여 | X44: 32771 | Y44: =DATEDIF(X44,TODAY(),"Y") -> 36 | Z44: 010-7296-2009 | AA44: @leramun | AB44: 집사 | AC44: 총회등록 | AD44: 카자흐스탄 | AE44: 한국 | AF44: 서울특별시
B45: 24 | C45: 00371217-01047 | D45: =SUBTOTAL(103,$T$21:T45) -> 24 | E45: 국내성도 | F45: 국내_부녀 | G45: 00350330-00205 | H45: 박지민 | I45: 00261114-00053 | J45: 00360830-00346 | K45: 00350330-00153 | L45: x | O45: 2구역 | Q45: 팀장 | R45: 새신자팀장 | S45: 구역장 | T45: 3부녀 | U45: 칸타코바안나일리니치나 | V45: Кантакова Анна | W45: 여 | X45: 31722 | Y45: =DATEDIF(X45,TODAY(),"Y") -> 39 | Z45: 010-2887-6167 | AA45: @annakantakova | AB45: 집사 | AC45: 총회등록 | AD45: 러시아 | AE45: 한국 | AF45: 경기도 | AG45: 출결제외 | AH45: 출산 (25/7/6)
B46: 25 | C46: 00270903-00002 | D46: =SUBTOTAL(103,$T$21:T46) -> 25 | E46: 국내성도 | F46: 국내_부녀 | G46: 00350330-00205 | H46: 박지민 | I46: 00261114-00053 | J46: 00360830-00346 | K46: 00350330-00153 | L46: x | O46: 2구역 | T46: 3부녀 | U46: 정류드밀라 | V46: Тен Людмила | W46: 여 | X46: 30208 | Y46: =DATEDIF(X46,TODAY(),"Y") -> 43 | Z46: 010-7624-7907 | AB46: 집사 | AC46: 총회등록 | AD46: 카자흐스탄 | AE46: 한국 | AF46: 서울특별시
B47: 26 | C47: 00261225-00087 | D47: =SUBTOTAL(103,$T$21:T47) -> 26 | E47: 국내성도 | F47: 국내_부녀 | G47: 00350330-00205 | H47: 박지민 | I47: 00261114-00053 | J47: 00360830-00346 | K47: 00350330-00153 | L47: x | O47: 2구역 | T47: 3부녀 | U47: 최승미 | V47: Цой Виктория(ЦойСынгМи) | W47: 여 | X47: 31249 | Y47: =DATEDIF(X47,TODAY(),"Y") -> 40 | Z47: 010-8921-3985 | AA47: @victoriachoi8 | AB47: 집사 | AC47: 총회등록 | AD47: 우즈베키스탄 | AE47: 한국 | AF47: 서울특별시
B48: 27 | C48: 00320813-00009 | D48: =SUBTOTAL(103,$T$21:T48) -> 27 | E48: 국내성도 | F48: 국내_부녀 | G48: 00350330-00205 | H48: 박지민 | I48: 00261114-00053 | J48: 00360830-00346 | K48: 00350330-00153 | L48: x | O48: 2구역 | T48: 3부녀 | U48: 이다리야B | V48: Ли Дарья | W48: 여 | X48: 31736 | Y48: =DATEDIF(X48,TODAY(),"Y") -> 39 | Z48: 010-4045-1523 | AB48: 문도 | AC48: 입교 | AD48: 우즈베키스탄 | AE48: 한국 | AF48: 서울특별시 | AH48: 출결제외해지(2025/3/1) | AJ48: 신앙유약
B49: 28 | C49: 00300823-00110 | D49: =SUBTOTAL(103,$T$21:T49) -> 28 | E49: 국내성도 | F49: 국내_청년 | G49: 00350330-00205 | H49: 박지민 | I49: 00261114-00053 | J49: 00360830-00346 | K49: 00350330-00153 | L49: x | O49: 2구역 | T49: 4청년 | U49: 김올가 | V49: Ким Ольга | W49: 여 | X49: 33222 | Y49: =DATEDIF(X49,TODAY(),"Y") -> 35 | Z49: 010-2206-1590 | AB49: 문도 | AC49: 입교 | AD49: 우즈베키스탄 | AE49: 한국 | AF49: 서울특별시 | AH49: 출결제외해지(2023/03/14) | AJ49: 신앙유약(24/03/27)
B50: 29 | C50: 00390826-00066 | D50: =SUBTOTAL(103,$T$21:T50) -> 29 | E50: 국내성도 | F50: 국내_부녀 | G50: 00350330-00205 | H50: 박지민 | I50: 00261114-00053 | J50: 00390826-00066 | K50: 00270104-00035 | L50: 00290520-00027 | O50: 3구역 | Q50: 부구역장 | R50: 부구역장 | T50: 3부녀 | U50: 박이리나빅토로브나 | V50: Пак Ирина Викторовна | W50: 여 | X50: 24988 | Y50: =DATEDIF(X50,TODAY(),"Y") -> 57 | Z50: 010-5201-5526 | AA50: @ari2822 | AB50: 성도 | AC50: 총회등록 | AD50: 키르기스스탄 | AE50: 한국 | AF50: 충청북도 | AI50: 147-1기
B51: 30 | C51: 00270104-00035 | D51: =SUBTOTAL(103,$T$21:T51) -> 30 | E51: 국내성도 | F51: 국내_부녀 | G51: 00350330-00205 | H51: 박지민 | I51: 00261114-00053 | J51: 00390826-00066 | K51: 00270104-00035 | L51: 00290520-00027 | O51: 3구역 | Q51: 부구역장 | R51: 부구역장 | T51: 3부녀 | U51: 굴나라사드코바 | V51: Садыкова Гульнара | W51: 여 | X51: 30935 | Y51: =DATEDIF(X51,TODAY(),"Y") -> 41 | Z51: 010-6406-8815 | AA51: @Nara_Seoul | AB51: 집사 | AC51: 총회등록 | AD51: 키르기스스탄 | AE51: 한국 | AF51: 서울특별시
B52: 31 | C52: 00290520-00027 | D52: =SUBTOTAL(103,$T$21:T52) -> 31 | E52: 국내성도 | F52: 국내_부녀 | G52: 00350330-00205 | H52: 박지민 | I52: 00261114-00053 | J52: 00390826-00066 | K52: 00270104-00035 | L52: 00290520-00027 | O52: 3구역 | Q52: 부구역장 | R52: 부구역장 | T52: 3부녀 | U52: 정갈리나 | V52: Тен Галина | W52: 여 | X52: 29183 | Y52: =DATEDIF(X52,TODAY(),"Y") -> 46 | Z52: 010-5329-6884 | AA52: @Galina10j | AB52: 집사 | AC52: 총회등록 | AD52: 카자흐스탄 | AE52: 한국 | AF52: 서울특별시
B53: 32 | C53: 00371218-00466 | D53: =SUBTOTAL(103,$T$21:T53) -> 32 | E53: 국내성도 | F53: 국내_부녀 | G53: 00350330-00205 | H53: 박지민 | I53: 00261114-00053 | J53: 00390826-00066 | K53: 00270104-00035 | L53: 00290520-00027 | O53: 3구역 | T53: 3부녀 | U53: 이이리나라디오노브나 | V53: Ли Ирина | W53: 여 | X53: 33662 | Y53: =DATEDIF(X53,TODAY(),"Y") -> 33 | Z53: 010-2394-2802 | AB53: 집사 | AC53: 총회등록 | AD53: 우즈베키스탄 | AE53: 한국 | AF53: 서울특별시
B54: 33 | C54: 00371218-00453 | D54: =SUBTOTAL(103,$T$21:T54) -> 33 | E54: 국내성도 | F54: 국내_부녀 | G54: 00350330-00205 | H54: 박지민 | I54: 00261114-00053 | J54: 00390826-00066 | K54: 00270104-00035 | L54: 00290520-00027 | O54: 3구역 | T54: 1자문 | U54: 김류드밀라 | V54: Ким Людмила | W54: 여 | X54: 18173 | Y54: =DATEDIF(X54,TODAY(),"Y") -> 76 | Z54: 010-9692-4972 | AA54: @Milakim02 | AB54: 성도 | AC54: 총회등록 | AD54: 우즈베키스탄 | AE54: 한국 | AF54: 경기도
B55: 34 | C55: 00350330-00148 | D55: =SUBTOTAL(103,$T$21:T55) -> 34 | E55: 국내성도 | F55: 국내_부녀 | G55: 00350330-00205 | H55: 박지민 | I55: 00261114-00053 | J55: 00390826-00066 | K55: 00270104-00035 | L55: 00290520-00027 | O55: 3구역 | T55: 3부녀 | U55: 주숙자 | V55: Дю Светлана | W55: 여 | X55: 21465 | Y55: =DATEDIF(X55,TODAY(),"Y") -> 67 | Z55: 010-5567-8193 | AA55: @DyuSvetlana | AB55: 집사 | AC55: 총회등록 | AD55: 러시아 | AE55: 한국 | AF55: 서울특별시
B56: 35 | C56: 00390826-00069 | D56: =SUBTOTAL(103,$T$21:T56) -> 35 | E56: 국내성도 | F56: 국내_부녀 | G56: 00350330-00205 | H56: 박지민 | I56: 00261114-00053 | J56: 00390826-00066 | K56: 00270104-00035 | L56: 00290520-00027 | O56: 3구역 | T56: 3부녀 | U56: 이소피야 | V56: Ли София (LISOFIIA) | W56: 여 | X56: 25896 | Y56: =DATEDIF(X56,TODAY(),"Y") -> 55 | Z56: 010-8205-9722 | AA56: @Lisonehka | AB56: 성도 | AC56: 총회등록 | AD56: 키르기스스탄 | AE56: 한국 | AF56: 인천광역시 | AI56: 147-1기
B57: 36 | C57: 00410325-00430 | D57: =SUBTOTAL(103,$T$21:T57) -> 36 | E57: 국내성도 | F57: 국내_부녀 | G57: 00350330-00205 | H57: 박지민 | I57: 00261114-00053 | J57: 00390826-00066 | K57: 00270104-00035 | L57: 00290520-00027 | O57: 3구역 | P57: 새신자 | T57: 3부녀 | U57: 출리나율리야그리고리예브나 | V57: Чулина Юлия Григорьевна | W57: 여 | X57: 35278 | Y57: =DATEDIF(X57,TODAY(),"Y") -> 29 | Z57: 010-8441-1321 | AA57: @YuliaChulina | AB57: 성도 | AC57: 교회등록 | AD57: 러시아 | AE57: 한국 | AF57: 군산 | AI57: 153-5기
B58: 37 | C58: 00400819-00001 | D58: =SUBTOTAL(103,$T$21:T58) -> 37 | E58: 국내성도 | F58: 국내_부녀 | G58: 00350330-00205 | H58: 박지민 | I58: 00261114-00053 | J58: 00390826-00066 | K58: 00270104-00035 | L58: 00290520-00027 | O58: 3구역 | T58: 3부녀 | U58: 두드키나스베틀라나미하일로브나 | V58: ДУДКИНА СВЕТЛАНА МИХАЙЛОВНА | W58: 여 | X58: 22442 | Y58: =DATEDIF(X58,TODAY(),"Y") -> 64 | Z58: 010-2213-7839 | AB58: 성도 | AC58: 입교 | AD58: 러시아 | AE58: 한국 | AF58: 경기도 | AH58: 출결제외해지(2025/3/1) | AI58: 151-1기 | AJ58: 신앙유약
B59: 38 | C59: 00261114-00053 | D59: =SUBTOTAL(103,$T$21:T59) -> 37 | F59: 국내_부녀 | G59: 00350330-00205 | H59: 박지민 | I59: 00261114-00053 | J59: 00261114-00053 | K59: 00180613-00005 | L59: x | O59: 4구역 | Q59: 임원 | R59: 부장 | S59: 구역장 | U59: 박지민 | W59: 남 | X59: 31732 | Y59: =DATEDIF(X59,TODAY(),"Y") -> 39 | Z59: 010-2058-7374 | AA59: @in2heaven | AB59: 교역 | AC59: 총회등록 | AE59: 한국 | AF59: 경기도
B60: 39 | D60: =SUBTOTAL(103,$T$21:T60) -> 38 | E60: 우크라이나(키이우) | F60: 국내_부녀 | G60: 00350330-00205 | H60: 박지민 | I60: 00261114-00053 | J60: 00261114-00053 | K60: 00180613-00005 | L60: x | O60: 4구역 | Q60: 해외지역강사 | S60: 국제센터주강사 | T60: 0교역 | U60: 이진모 | V60: Ли Джин Мо | W60: 남 | X60: 28737 | Y60: =DATEDIF(X60,TODAY(),"Y") -> 47 | Z60: 010-7562-1362 | AA60: @Ciskorea | AB60: 교역 | AC60: 총회등록 | AD60: 한국 | AE60: 한국 | AF60: 서울특별시
B61: 42 | C61: 00400530-00092 | D61: =SUBTOTAL(103,$T$21:T61) -> 39 | E61: 국내성도 | F61: 국내_부녀 | G61: 00350330-00205 | H61: 박지민 | I61: 00261114-00053 | J61: 00261114-00053 | K61: 00180613-00005 | L61: x | O61: 4구역 | T61: 1자문 | U61: 박모이세이 | V61: Пак Моисей | W61: 남 | X61: 19784 | Y61: =DATEDIF(X61,TODAY(),"Y") -> 71 | Z61: 010-4074-3821 | AB61: 집사 | AC61: 총회등록 | AD61: 우즈베키스탄 | AE61: 한국 | AF61: 경기도 | AI61: 150-4기
B62: 43 | C62: 00360830-00342 | D62: =SUBTOTAL(103,$T$21:T62) -> 40 | E62: 국내성도 | F62: 국내_부녀 | G62: 00350330-00205 | H62: 박지민 | I62: 00261114-00053 | J62: 00261114-00053 | K62: 00180613-00005 | L62: x | O62: 4구역 | T62: 3부녀 | U62: 쿠즈올가 | V62: Кузь Ольга | W62: 여 | X62: 22276 | Y62: =DATEDIF(X62,TODAY(),"Y") -> 65 | Z62: 010-2186-2669 | AB62: 성도 | AC62: 총회등록 | AD62: 우크라이나 | AE62: 한국 | AF62: 서울특별시
B63: 44 | C63: 00360423-00596 | D63: =SUBTOTAL(103,$T$21:T63) -> 41 | E63: 카자흐스탄(알마티) | F63: 국내_부녀 | G63: 00350330-00205 | H63: 박지민 | I63: 00261114-00053 | J63: 00261114-00053 | K63: 00180613-00005 | L63: x | O63: 4구역 | T63: 3부녀 | U63: 강예카테리나 | V63: Кан Екатеринa | W63: 여 | X63: 33959 | Y63: =DATEDIF(X63,TODAY(),"Y") -> 33 | Z63: 77479550557/010-8088-0311(한국번호) | AB63: 성도 | AC63: 입교 | AD63: 카자흐스탄 | AE63: 카자흐스탄 | AF63: 알마티 | AH63: 출결제외해지(2025/3/1) | AJ63: 신앙유약 | AK63: -3
B64: 45 | C64: 00330526-00005 | D64: =SUBTOTAL(103,$T$21:T64) -> 42 | E64: 카자흐스탄(알마티) | F64: 국내_청년 | G64: 00350330-00205 | H64: 박지민 | I64: 00261114-00053 | J64: 00261114-00053 | K64: 00180613-00005 | L64: x | O64: 4구역 | T64: 4청년 | U64: 한블라디슬라브 | V64: Хан Владислав | W64: 남 | X64: 33674 | Y64: =DATEDIF(X64,TODAY(),"Y") -> 33 | Z64: 010-7696-1311 | AB64: 문도 | AC64: 총회등록 | AD64: 우즈베키스탄 | AE64: 카자흐스탄 | AF64: 알마티 | AH64: 출결제외해지(2025/3/1) | AK64: -3
B65: 46 | C65: 00281228-00434 | D65: =SUBTOTAL(103,$T$21:T65) -> 43 | E65: 국내성도 | F65: 국내_부녀 | G65: 00350330-00205 | H65: 이시우 | I65: 00350330-00205 | J65: 00281228-00434 | K65: 00230828-00053 | L65: x | O65: 5구역 | Q65: 구역장 | R65: 구역장 | T65: 3부녀 | U65: 홍수정 | V65: Хонг Су Жонг | W65: 여 | X65: 29276 | Y65: =DATEDIF(X65,TODAY(),"Y") -> 45 | Z65: 010-6406-0466 | AB65: 집사 | AC65: 총회등록 | AD65: 한국 | AE65: 한국 | AF65: 경기도
B66: 47 | C66: 00230828-00053 | D66: =SUBTOTAL(103,$T$21:T66) -> 44 | E66: 국내성도 | F66: 국내_부녀 | G66: 00350330-00205 | H66: 이시우 | I66: 00350330-00205 | J66: 00281228-00434 | K66: 00230828-00053 | L66: x | O66: 5구역 | Q66: 부구역장 | R66: 부구역장 | T66: 3부녀 | U66: 박소정 | V66: Пак Со Джон | W66: 여 | X66: 30920 | Y66: =DATEDIF(X66,TODAY(),"Y") -> 41 | Z66: 010-4316-0828 | AA66: @sojeong84 | AB66: 집사 | AC66: 총회등록 | AD66: 한국 | AE66: 한국 | AF66: 경기도
B67: 48 | C67: 00271115-00181 | D67: =SUBTOTAL(103,$T$21:T67) -> 45 | E67: 국내성도 | F67: 국내_부녀 | G67: 00350330-00205 | H67: 이시우 | I67: 00350330-00205 | J67: 00281228-00434 | K67: 00230828-00053 | L67: x | O67: 5구역 | Q67: 기능과 | R67: 통번역팀장 | T67: 3부녀 | U67: 김옥사나 | V67: Ким Оксана | W67: 여 | X67: 31700 | Y67: =DATEDIF(X67,TODAY(),"Y") -> 39 | Z67: 010-5635-1510 | AA67: @Kim_Sana181 | AB67: 집사 | AC67: 총회등록 | AD67: 우즈베키스탄 | AE67: 한국 | AF67: 서울특별시
B68: 49 | C68: 00280103-00165 | D68: =SUBTOTAL(103,$T$21:T68) -> 46 | E68: 국내성도 | F68: 국내_부녀 | G68: 00350330-00205 | H68: 이시우 | I68: 00350330-00205 | J68: 00281228-00434 | K68: 00230828-00053 | L68: x | O68: 5구역 | Q68: 기능과 | R68: 교육행정서기 | T68: 3부녀 | U68: 이지영 | V68: Ли Джи Ён | W68: 여 | X68: 30683 | Y68: =DATEDIF(X68,TODAY(),"Y") -> 42 | Z68: 010-6701-0334 | AA68: @Yijiyeong | AB68: 집사 | AC68: 총회등록 | AD68: 한국 | AE68: 한국 | AF68: 경기도
B69: 50 | C69: 00231212-00123 | D69: =SUBTOTAL(103,$T$21:T69) -> 47 | E69: 국내성도 | F69: 국내_부녀 | G69: 00350330-00205 | H69: 이시우 | I69: 00350330-00205 | J69: 00281228-00434 | K69: 00230828-00053 | L69: x | O69: 5구역 | Q69: 부서기 | R69: 부서기 | S69: 해선부서무 | T69: 3부녀 | U69: 임영선 | V69: Лим Ён Сон | W69: 여 | X69: 29107 | Y69: =DATEDIF(X69,TODAY(),"Y") -> 46 | Z69: 010-7157-2339 | AA69: @execute25 | AB69: 집사 | AC69: 총회등록 | AD69: 한국 | AE69: 한국 | AF69: 서울특별시
B70: 51 | C70: 00371201-00514 | D70: =SUBTOTAL(103,$T$21:T70) -> 48 | E70: 국내성도 | F70: 국내_부녀 | G70: 00350330-00205 | H70: 이시우 | I70: 00350330-00205 | J70: 00281228-00434 | K70: 00230828-00053 | L70: x | O70: 5구역 | Q70: 부서기 | R70: 부서기 | S70: 해선부서무 | T70: 3부녀 | U70: 안소연 | V70: Ан Со Ён | W70: 여 | X70: 29445 | Y70: =DATEDIF(X70,TODAY(),"Y") -> 45 | Z70: 010-3066-7285 | AA70: @SOYOUN37 | AB70: 집사 | AC70: 총회등록 | AD70: 한국 | AE70: 한국 | AF70: 서울특별시
A71: 창초대X | B71: 52 | C71: 00301028-00368 | D71: =SUBTOTAL(103,$T$21:T71) -> 49 | E71: 국내성도 | F71: 국내_부녀 | G71: 00350330-00205 | H71: 이시우 | I71: 00350330-00205 | J71: 00281228-00434 | K71: 00230828-00053 | L71: x | O71: 5구역 | S71: HWPL | T71: 3부녀 | U71: 한송연 | V71: Хан Сон Ён | W71: 여 | X71: 29529 | Y71: =DATEDIF(X71,TODAY(),"Y") -> 45 | Z71: 보안 | AA71: 보안 | AB71: 집사 | AC71: 총회등록 | AD71: 한국 | AE71: 한국 | AF71: 서울특별시 | AJ71: 소통을원하면 총서기 및 홍수정 구역장에게 문의
B72: 53 | C72: 00180506-00010 | D72: =SUBTOTAL(103,$T$21:T72) -> 50 | E72: 국내성도 | F72: 국내_부녀 | G72: 00350330-00205 | H72: 이시우 | I72: 00350330-00205 | J72: 00281228-00434 | K72: 00180506-00010 | L72: x | O72: 6구역 | Q72: 부구역장 | R72: 부구역장 | S72: 국제부교육부장 | T72: 3부녀 | U72: 김현진 | V72: Ким Хён Джин | W72: 여 | X72: 27958 | Y72: =DATEDIF(X72,TODAY(),"Y") -> 49 | Z72: 010-2374-8001 | AA72: @JaceyKim | AB72: 집사 | AC72: 총회등록 | AD72: 한국 | AE72: 한국 | AF72: 경기도
B73: 54 | C73: 00280830-00123 | D73: =SUBTOTAL(103,$T$21:T73) -> 51 | E73: 국내성도 | F73: 국내_부녀 | G73: 00350330-00205 | H73: 이시우 | I73: 00350330-00205 | J73: 00281228-00434 | K73: 00180506-00010 | L73: x | O73: 6구역 | S73: 국제부청년서기 | T73: 3부녀 | U73: 이수현 | V73: Ли Су Хён | W73: 여 | X73: 30623 | Y73: =DATEDIF(X73,TODAY(),"Y") -> 42 | Z73: 010-7183-3854 | AA73: @suhyun2 | AB73: 집사 | AC73: 총회등록 | AD73: 한국 | AE73: 한국 | AF73: 서울특별시
B74: 56 | C74: 00231009-00031 | D74: =SUBTOTAL(103,$T$21:T74) -> 52 | E74: 국내성도 | F74: 국내_부녀 | G74: 00350330-00205 | H74: 이시우 | I74: 00350330-00205 | J74: 00281228-00434 | K74: 00180506-00010 | L74: x | O74: 6구역 | T74: 3부녀 | U74: 김희영 | V74: Ким Хи Ён | W74: 여 | X74: 26302 | Y74: =DATEDIF(X74,TODAY(),"Y") -> 54 | Z74: 010-8960-7214 | AA74: @scjhee | AB74: 집사 | AC74: 총회등록 | AD74: 한국 | AE74: 한국 | AF74: 경기도
B75: 57 | C75: 00270624-00034 | D75: =SUBTOTAL(103,$T$21:T75) -> 53 | E75: 국내성도 | F75: 국내_부녀 | G75: 00350330-00205 | H75: 이시우 | I75: 00350330-00205 | J75: 00281228-00434 | K75: 00180506-00010 | L75: x | O75: 6구역 | T75: 3부녀 | U75: 유지헌 | V75: Ю Джи Хон | W75: 여 | X75: 29493 | Y75: =DATEDIF(X75,TODAY(),"Y") -> 45 | Z75: 010-9876-7374 | AA75: @lovingyjh57 | AB75: 집사 | AC75: 총회등록 | AD75: 한국 | AE75: 한국 | AF75: 경기도
B76: 58 | C76: 00240610-00045 | D76: =SUBTOTAL(103,$T$21:T76) -> 54 | E76: 국내성도 | F76: 국내_부녀 | G76: 00350330-00205 | H76: 이시우 | I76: 00350330-00205 | J76: 00281228-00434 | K76: 00180506-00010 | L76: x | O76: 6구역 | T76: 3부녀 | U76: 정희정 | V76: Чон Хи Чжон | W76: 여 | X76: 28181 | Y76: =DATEDIF(X76,TODAY(),"Y") -> 48 | Z76: 010-3590-6766 | AA76: @howareu2024 | AB76: 집사 | AC76: 총회등록 | AD76: 한국 | AE76: 한국 | AF76: 경기도
B77: 59 | C77: 00230515-00016 | D77: =SUBTOTAL(103,$T$21:T77) -> 55 | E77: 국내성도 | F77: 국내_부녀 | G77: 00350330-00205 | H77: 이시우 | I77: 00350330-00205 | J77: 00281228-00434 | K77: 00180506-00010 | L77: x | O77: 6구역 | T77: 3부녀 | U77: 이은정 | V77: Ли Ын Чжон | W77: 여 | X77: 30002 | Y77: =DATEDIF(X77,TODAY(),"Y") -> 43 | Z77: 010-3246-7458 | AA77: @blackpearl8800 | AB77: 집사 | AC77: 총회등록 | AD77: 한국 | AE77: 한국 | AF77: 경기도
B78: 60 | C78: 00240624-00014 | D78: =SUBTOTAL(103,$T$21:T78) -> 56 | E78: 국내성도 | F78: 국내_부녀 | G78: 00350330-00205 | H78: 이시우 | I78: 00350330-00205 | J78: 00281228-00434 | K78: 00180506-00010 | L78: x | O78: 6구역 | T78: 3부녀 | U78: 박은혜 | V78: Пак Ын Хе | W78: 여 | X78: 30562 | Y78: =DATEDIF(X78,TODAY(),"Y") -> 42 | Z78: 010-7399-4505 | AB78: 집사 | AC78: 총회등록 | AD78: 한국 | AE78: 한국
B79: 61 | C79: 00360830-00341 | D79: =SUBTOTAL(103,$T$21:T79) -> 57 | E79: 국내성도 | F79: 국내_부녀 | G79: 00350330-00205 | H79: 박지민 | I79: 00261114-00053 | J79: 00360830-00341 | K79: 00410822-00001 | L79: x | O79: 7구역 | Q79: 구역장 | R79: 구역장 | T79: 3부녀 | U79: 한엘자 | V79: Хан Эльза | W79: 여 | X79: 20944 | Y79: =DATEDIF(X79,TODAY(),"Y") -> 68 | Z79: 010-8939-1957 | AA79: @han_elza | AB79: 집사 | AC79: 총회등록 | AD79: 우즈베키스탄 | AE79: 한국 | AF79: 서울특별시
B80: 62 | C80: 00410822-00001 | D80: =SUBTOTAL(103,$T$21:T80) -> 58 | E80: 국내성도 | F80: 국내_부녀 | G80: 00350330-00205 | H80: 박지민 | I80: 00261114-00053 | J80: 00360830-00341 | K80: 00410822-00001 | L80: x | O80: 7구역 | P80: 새신자 | Q80: 부구역장 | R80: 부구역장 | T80: 3부녀 | U80: 박스베틀라나발레리야노브나 | V80: Pak Svetlana Valerlyanovna | W80: 여 | X80: 23254 | Y80: =DATEDIF(X80,TODAY(),"Y") -> 62 | Z80: 010-4766-1953 | AB80: 성도 | AC80: 교회등록 | AD80: 우즈베키스탄 | AE80: 한국 | AI80: 155기 | AJ80: D
B81: 63 | C81: 00410822-01058 | D81: =SUBTOTAL(103,$T$21:T81) -> 59 | E81: 러시아(모스크바) | F81: 국내_부녀 | G81: 00350330-00205 | H81: 박지민 | I81: 00261114-00053 | J81: 00360830-00341 | K81: 00410822-00001 | L81: x | O81: 7구역 | P81: 새신자 | T81: 3부녀 | U81: 토포로브스카야류드밀라 | V81: Топоровская Людмила Александровна | W81: 여 | X81: 22122 | Y81: =DATEDIF(X81,TODAY(),"Y") -> 65 | Z81: 7-962-121-0324 | AB81: 성도 | AC81: 교회등록 | AD81: 러시아 | AE81: 러시아 | AF81: 사할린 | AI81: 155-3기 | AK81: 2
B82: 64 | C82: 00410822-01063 | D82: =SUBTOTAL(103,$T$21:T82) -> 60 | E82: 러시아(모스크바) | F82: 국내_부녀 | G82: 00350330-00205 | H82: 박지민 | I82: 00261114-00053 | J82: 00360830-00341 | K82: 00410822-00001 | L82: x | O82: 7구역 | P82: 새신자 | T82: 3부녀 | U82: 바그뉵나탈리야이바노브나 | V82: Багнюк Наталья Ивановна | W82: 여 | X82: 23214 | Y82: =DATEDIF(X82,TODAY(),"Y") -> 62 | Z82: 7-901-937-1421 | AB82: 성도 | AC82: 교회등록 | AD82: 러시아 | AE82: 러시아 | AF82: 사할린 | AI82: 155-3기 | AK82: 2
B83: 65 | C83: 00410822-01066 | D83: =SUBTOTAL(103,$T$21:T83) -> 61 | E83: 러시아(모스크바) | F83: 국내_부녀 | G83: 00350330-00205 | H83: 박지민 | I83: 00261114-00053 | J83: 00360830-00341 | K83: 00410822-00001 | L83: x | O83: 7구역 | P83: 새신자 | T83: 3부녀 | U83: 도로페예바올가이바노브나 | V83: Дорофеева Ольга Ивановна | W83: 여 | X83: 24232 | Y83: =DATEDIF(X83,TODAY(),"Y") -> 59 | Z83: 7-950-589-3071 | AB83: 성도 | AC83: 교회등록 | AD83: 러시아 | AE83: 러시아 | AF83: 케메로보 | AI83: 155-3기 | AK83: -2
B84: 66 | C84: 00350330-00205 | D84: =SUBTOTAL(103,$T$21:T84) -> 62 | E84: 국내성도 | F84: 국내_청년 | G84: 00350330-00205 | H84: 이시우 | I84: 00350330-00205 | J84: 00350330-00205 | K84: x | L84: x | O84: 1구역 | Q84: 임원 | R84: 총서기 | S84: 구역장 | T84: 4청년 | U84: 이시우 | V84: Ли Щи У | W84: 여 | X84: 31799 | Y84: =DATEDIF(X84,TODAY(),"Y") -> 39 | Z84: 010-4552-5245 | AA84: @sdnnbw | AB84: 문도 | AC84: 총회등록 | AD84: 한국 | AE84: 한국 | AF84: 서울특별시
B85: 67 | C85: 00361031-00488 | D85: =SUBTOTAL(103,$T$21:T85) -> 63 | E85: 국내성도 | F85: 국내_청년 | G85: 00350330-00205 | H85: 이시우 | I85: 00350330-00205 | J85: 00350330-00205 | K85: x | L85: x | O85: 1구역 | T85: 4청년 | U85: 주마리나 | V85: Дюгай Марина | W85: 여 | X85: 33947 | Y85: =DATEDIF(X85,TODAY(),"Y") -> 33 | Z85: 010-9287-0992 | AA85: @MarishaDyu | AB85: 문도 | AC85: 총회등록 | AD85: 우즈베키스탄 | AE85: 한국 | AF85: 경기도
B86: 68 | C86: 00371218-00468 | D86: =SUBTOTAL(103,$T$21:T86) -> 64 | E86: 국내성도 | F86: 국내_청년 | G86: 00350330-00205 | H86: 이시우 | I86: 00350330-00205 | J86: 00350330-00205 | K86: x | L86: x | O86: 1구역 | T86: 4청년 | U86: 김따띠야나게오르게브나 | V86: Ким Татьяна | W86: 여 | X86: 33488 | Y86: =DATEDIF(X86,TODAY(),"Y") -> 34 | Z86: 010-4390-0907 | AA86: @kjk_Tasha | AB86: 문도 | AC86: 총회등록 | AD86: 우즈베키스탄 | AE86: 한국 | AF86: 경기도
B87: 69 | C87: 00350330-00155 | D87: =SUBTOTAL(103,$T$21:T87) -> 65 | E87: 국내성도 | F87: 국내_청년 | G87: 00350330-00205 | H87: 이시우 | I87: 00350330-00205 | J87: 00350330-00205 | K87: x | L87: x | O87: 1구역 | Q87: 팀장 | R87: 새신자팀장 | T87: 4청년 | U87: 배알리나 | V87: Бе Алина | W87: 여 | X87: 34403 | Y87: =DATEDIF(X87,TODAY(),"Y") -> 31 | Z87: 010-6370-4971 | AA87: @uamd94 | AB87: 문도 | AC87: 총회등록 | AD87: 러시아 | AE87: 한국 | AF87: 서울특별시
A88: 창초대X | B88: 70 | C88: 00300617-00077 | D88: =SUBTOTAL(103,$T$21:T88) -> 66 | E88: 국내성도 | F88: 국내_청년 | G88: 00350330-00205 | H88: 이시우 | I88: 00350330-00205 | J88: 00350330-00205 | K88: x | L88: x | O88: 1구역 | Q88: 기능과 | R88: 기획부과장 | S88: HWPL | T88: 4청년 | U88: 김요환 | V88: Ким Ё Хван | W88: 남 | X88: 33643 | Y88: =DATEDIF(X88,TODAY(),"Y") -> 33 | Z88: 보안 | AA88: 보안 | AB88: 문도 | AC88: 총회등록 | AD88: 한국 | AE88: 한국 | AF88: 서울특별시 | AJ88: 소통을원하면 총서기 및 홍수정 구역장에게 문의
A89: 가편성중 | B89: 71 | C89: 00230416-00002 | D89: =SUBTOTAL(103,$T$21:T89) -> 66 | F89: 국내_청년 | G89: 00350330-00206 | H89: 이시우 | I89: 00350330-00206 | J89: 00350330-00206 | K89: x | L89: x | O89: 1구역 | U89: 배병건 | W89: 남 | X89: 34445 | Y89: =DATEDIF(X89,TODAY(),"Y") -> 31 | AA89: @philiippok | AB89: 문도 | AC89: 총회등록 | AD89: 한국 | AE89: 우즈베키스탄 | AF89: 아미르테무르
B90: 72 | C90: 00350330-00154 | D90: =SUBTOTAL(103,$T$21:T90) -> 66 | F90: 국내_청년 | G90: 00350330-00205 | H90: 이시우 | I90: 00350330-00205 | J90: 00350330-00205 | K90: x | L90: x | O90: 1구역 | Q90: 구역장 | R90: 팀장 | S90: 구역장 | U90: 스미르노바예브게니야 | V90: Смирнова Евгения | W90: 여 | X90: 33065 | Y90: =DATEDIF(X90,TODAY(),"Y") -> 35 | Z90: 010-6654-0035 | AA90: @onlyniia | AB90: 문도 | AC90: 총회등록 | AD90: 러시아 | AE90: 한국 | AF90: 서울특별시 | AG90: 중복
B91: 73 | C91: 00301028-00371 | D91: =SUBTOTAL(103,$T$21:T91) -> 67 | E91: 국내성도 | F91: 국내_청년 | G91: 00350330-00205 | H91: 이시우 | I91: 00350330-00205 | J91: 00301028-00371 | K91: 00340624-00331 | L91: x | O91: 2구역 | Q91: 임원 | R91: 지역장 | S91: 구역장 | T91: 4청년 | U91: 진실혜 | V91: Чжин Щиль Хе | W91: 여 | X91: 31978 | Y91: =DATEDIF(X91,TODAY(),"Y") -> 38 | Z91: 010-2949-9771 | AA91: @NEARandDEAR | AB91: 문도 | AC91: 총회등록 | AD91: 한국 | AE91: 한국 | AF91: 서울특별시
B92: 74 | C92: 00340624-00331 | D92: =SUBTOTAL(103,$T$21:T92) -> 68 | E92: 국내성도 | F92: 국내_청년 | G92: 00350330-00205 | H92: 이시우 | I92: 00350330-00205 | J92: 00301028-00371 | K92: 00340624-00331 | L92: x | O92: 2구역 | Q92: 부구역장 | R92: 부구역장 | T92: 4청년 | U92: 한올가 | V92: Хан Ольга | W92: 여 | X92: 32578 | Y92: =DATEDIF(X92,TODAY(),"Y") -> 36 | Z92: 010-3012-6255 | AB92: 문도 | AC92: 총회등록 | AD92: 러시아 | AE92: 한국 | AF92: 서울특별시
B93: 75 | C93: 00361105-00044 | D93: =SUBTOTAL(103,$T$21:T93) -> 69 | E93: 국내성도 | F93: 국내_청년 | G93: 00350330-00205 | H93: 이시우 | I93: 00350330-00205 | J93: 00301028-00371 | K93: 00340624-00331 | L93: x | O93: 1구역 | S93: 국제부서무 | T93: 4청년 | U93: 이정주 | V93: Ли Чон Джу | W93: 여 | X93: 34867 | Y93: =DATEDIF(X93,TODAY(),"Y") -> 30 | Z93: 010-4940-5463 | AA93: @satorijei | AB93: 문도 | AC93: 총회등록 | AD93: 일본 | AE93: 한국 | AF93: 서울특별시
B94: 76 | C94: 00291224-00082 | D94: =SUBTOTAL(103,$T$21:T94) -> 70 | E94: 국내성도 | F94: 국내_청년 | G94: 00350330-00205 | H94: 이시우 | I94: 00350330-00205 | J94: 00301028-00371 | K94: 00340624-00331 | L94: x | O94: 2구역 | Q94: 기능과 | S94: HWPL | T94: 4청년 | U94: 박지호 | V94: Пак Джи Хо | W94: 남 | X94: 33136 | Y94: =DATEDIF(X94,TODAY(),"Y") -> 35 | Z94: 010-9057-2977 | AA94: @G1_Alex | AB94: 문도 | AC94: 총회등록 | AD94: 한국 | AE94: 한국 | AF94: 경기도
B95: 78 | C95: 00310314-00231 | D95: =SUBTOTAL(103,$T$21:T95) -> 71 | E95: 국내성도 | F95: 국내_청년 | G95: 00350330-00205 | H95: 이시우 | I95: 00350330-00205 | J95: 00301028-00371 | K95: 00340624-00331 | L95: x | O95: 2구역 | Q95: 팀장 | R95: 청년회팀장 | S95: 구역장 | T95: 4청년 | U95: 자카르첸코마리야 | V95: Захарченко Мария | W95: 여 | X95: 34746 | Y95: =DATEDIF(X95,TODAY(),"Y") -> 30 | Z95: 010-4467-2226 | AA95: @mary_wp | AB95: 문도 | AC95: 총회등록 | AD95: 우크라이나 | AE95: 한국 | AF95: 서울특별시
B96: 79 | C96: 00301028-00336 | D96: =SUBTOTAL(103,$T$21:T96) -> 72 | E96: 국내성도 | F96: 국내_청년 | G96: 00350330-00205 | H96: 이시우 | I96: 00350330-00205 | J96: 00301028-00371 | K96: 00340624-00331 | L96: x | O96: 2구역 | T96: 4청년 | U96: 남마르가리따 | V96: Нам Маргарита | W96: 여 | X96: 32025 | Y96: =DATEDIF(X96,TODAY(),"Y") -> 38 | Z96: 010-9291-9908 | AB96: 문도 | AC96: 입교 | AD96: 우즈베키스탄 | AE96: 한국 | AF96: 서울특별시 | AH96: 출결제외해지(2023/03/14) | AJ96: 신앙유약
B97: 80 | C97: 00371218-00471 | D97: =SUBTOTAL(103,$T$21:T97) -> 73 | E97: 국내성도 | F97: 국내_청년 | G97: 00350330-00205 | H97: 이시우 | I97: 00350330-00205 | J97: 00301028-00371 | K97: 00340624-00331 | L97: x | O97: 2구역 | T97: 4청년 | U97: 박알리나루슬라노브나 | V97: Пак Алина | W97: 여 | X97: 37287 | Y97: =DATEDIF(X97,TODAY(),"Y") -> 24 | Z97: 010-9757-3012 | AB97: 문도 | AC97: 총회등록 | AD97: 카자흐스탄 | AE97: 한국 | AF97: 서울특별시
B98: 81 | C98: 00300725-00026 | D98: =SUBTOTAL(103,$T$21:T98) -> 74 | E98: 러시아(크림공화국) | F98: 크림공화국 | G98: 00300725-00026 | H98: 이다리야A | I98: 00300725-00026 | J98: 00300725-00026 | K98: 00310314-00223 | L98: x | O98: 1구역 | Q98: 해외지역강사 | R98: 팀장 | S98: 구역장 | T98: 1자문 | U98: 이다리야A | V98: Ли Дарья(лидер) | W98: 여 | X98: 18512 | Y98: =DATEDIF(X98,TODAY(),"Y") -> 75 | Z98: 7-978-604-30-83 | AA98: @Dariya0609 | AB98: 집사 | AC98: 총회등록 | AD98: 러시아 | AE98: 러시아(크림) | AF98: 크림반도 옥탸브리스크
B99: 82 | C99: 00310314-00223 | D99: =SUBTOTAL(103,$T$21:T99) -> 75 | E99: 러시아(크림공화국) | F99: 크림공화국 | G99: 00300725-00026 | H99: 이다리야A | I99: 00300725-00026 | J99: 00300725-00026 | K99: 00310314-00223 | L99: x | O99: 1구역 | Q99: 구역장 | R99: 새신자구역장 | S99: 부구역장 | T99: 1자문 | U99: 우사초브빅토르 | V99: Усачев Виктор | W99: 남 | X99: 19232 | Y99: =DATEDIF(X99,TODAY(),"Y") -> 73 | Z99: 38)066-167-5845/7978-745-06-30 | AA99: @vikcrimea | AB99: 집사 | AC99: 총회등록 | AD99: 러시아 | AE99: 러시아(크림) | AF99: 크림반도 옥탸브리스크
B100: 83 | C100: 00310314-00224 | D100: =SUBTOTAL(103,$T$21:T100) -> 76 | E100: 러시아(크림공화국) | F100: 크림공화국 | G100: 00300725-00026 | H100: 이다리야A | I100: 00300725-00026 | J100: 00300725-00026 | K100: 00310314-00223 | L100: x | O100: 1구역 | Q100: 구역장 | R100: 새신자구역장 | T100: 1자문 | U100: 모르구노바올가 | V100: Моргунова Ольга | W100: 여 | X100: 19598 | Y100: =DATEDIF(X100,TODAY(),"Y") -> 72 | Z100: 7978-801-61-93 | AA100: @Omore70 | AB100: 집사 | AC100: 총회등록 | AD100: 러시아 | AE100: 러시아(크림) | AF100: 크림반도 얄타
...

Sheet 42년5월 취합마스터파일
AF2: 국가별 지역 관할
AF3: 러시아 | AG3: 사할린
AG4: 사하공화국 (야쿠티야),야쿠츠크
AF7: 카자흐스탄 | AG7: 아스타나
AG8: 카라간다
AF11: 해외개척지역 | AG11: 벨라루스,폴란드,루마니아
C19: 674 | D19: 총인원 | E19: =SUBTOTAL(103,$F$21:F741) -> 674
C20: 번호 | D20: 고유번호 | E20: 인원수 | F20: 지역 | G20: 팀 | H20: 지역총괄팀장 | I20: 담당팀장 | J20: 팀장 | K20: 구역장 | L20: 부구역장(1) | M20: 부구역장(2) | N20: 부구역장(3) | O20: 부구역장(4) | P20: 구역 | Q20: 새신자 | R20: 행정직책 | S20: 직책 | T20: 겸직 | U20: 부서 | V20: 이름(KR) | W20: 이름(RU) | X20: 성별 | Y20: 생년월일 | Z20: (만)나이 | AA20: 전화번호 | AB20: 텔레사용자명 | AC20: 직분 | AD20: 등록상태 | AE20: 국적 | AF20: 국가 | AG20: 도시명 | AH20: 출결 여부 | AI20: 사유/기간 | AJ20: 센터기수 | AK20: 기타사항 | AL20: 체크 | AM20: 체크2
C21: 1 | D21: 00311023-00027 | E21: =SUBTOTAL(103,$U$21:U21) -> 1 | F21: 국내성도 | G21: 국내_청년 | H21: 00350330-00205 | I21: 김세진 | J21: 00360527-00006 | K21: 00311023-00027 | L21: x | M21: x | P21: 1구역 | R21: 구역장 | S21: 구역장 | U21: 4청년 | V21: 주유리 | W21: Дю Юрий | X21: 남 | Y21: 32377 | Z21: =DATEDIF(Y21,TODAY(),"Y") -> 37 | AA21: 010-3141-8193 | AB21: @DyuYurii | AC21: 문도 | AD21: 총회등록 | AE21: 러시아 | AF21: 한국 | AG21: 서울특별시
C22: 2 | D22: 00360527-00006 | E22: =SUBTOTAL(103,$U$21:U22) -> 2 | F22: 국내성도 | G22: 국내_장년 | H22: 00350330-00205 | I22: 김세진 | J22: 00360527-00006 | K22: 00311023-00027 | L22: x | M22: x | P22: 1구역 | R22: 팀장 | S22: 국내총괄팀장 | T22: 구역장 | U22: 2장년 | V22: 김세진 | W22: Ким Сергей | X22: 남 | Y22: 32431 | Z22: =DATEDIF(Y22,TODAY(),"Y") -> 37 | AA22: 010-6640-3437 | AB22: @execute25 | AC22: 집사 | AD22: 총회등록 | AE22: 우즈베키스탄/한국(국적취득) | AF22: 한국 | AG22: 경기도
C23: 3 | D23: 00360830-00345 | E23: =SUBTOTAL(103,$U$21:U23) -> 3 | F23: 국내성도 | G23: 국내_장년 | H23: 00350330-00205 | I23: 김세진 | J23: 00360527-00006 | K23: 00311023-00027 | L23: x | M23: x | P23: 1구역 | U23: 2장년 | V23: 허드미트리 | W23: Хе Дмитрий | X23: 남 | Y23: 32370 | Z23: =DATEDIF(Y23,TODAY(),"Y") -> 37 | AA23: 010-9575-8815 | AB23: @Dmitriyhe | AC23: 집사 | AD23: 총회등록 | AE23: 우즈베키스탄 | AF23: 한국 | AG23: 서울특별시
C24: 4 | D24: 00291129-00211 | E24: =SUBTOTAL(103,$U$21:U24) -> 4 | F24: 해외개척 | G24: 국내_장년 | H24: 00350330-00205 | I24: 김세진 | J24: 00360527-00006 | K24: 00311023-00027 | L24: x | M24: x | P24: 1구역 | U24: 2장년 | V24: 김에두아르드 | W24: Ким Эдуард | X24: 남 | Y24: 29900 | Z24: =DATEDIF(Y24,TODAY(),"Y") -> 44 | AA24: 010-2426-2496/(1(506)-898-3709) | AB24: @Edward_cbt | AC24: 집사 | AD24: 총회등록 | AE24: 우크라이나 | AF24: 캐나다 | AG24: 프레더릭턴
C25: 5 | D25: 00360830-00344 | E25: =SUBTOTAL(103,$U$21:U25) -> 5 | F25: 국내성도 | G25: 국내_장년 | H25: 00350330-00205 | I25: 김세진 | J25: 00360527-00006 | K25: 00311023-00027 | L25: x | M25: x | P25: 1구역 | U25: 2장년 | V25: 이드미트리 | W25: Ли Дмитрий | X25: 남 | Y25: 32279 | Z25: =DATEDIF(Y25,TODAY(),"Y") -> 37 | AA25: 010-2351-0933 | AB25: @DMITRIYLEE88 | AC25: 집사 | AD25: 총회등록 | AE25: 우즈베키스탄 | AF25: 한국 | AG25: 서울특별시
C26: 6 | D26: 00320813-00008 | E26: =SUBTOTAL(103,$U$21:U26) -> 6 | F26: 국내성도 | G26: 국내_장년 | H26: 00350330-00205 | I26: 김세진 | J26: 00360527-00006 | K26: 00311023-00027 | L26: x | M26: x | P26: 1구역 | U26: 2장년 | V26: 박뱌체슬라브 | W26: Пак Вячеслав | X26: 남 | Y26: 31456 | Z26: =DATEDIF(Y26,TODAY(),"Y") -> 39 | AA26: 010-4374-0713 | AB26: @vvv13park | AC26: 집사 | AD26: 총회등록 | AE26: 우즈베키스탄 | AF26: 한국 | AG26: 서울특별시
C27: 7 | D27: 00390826-00075 | E27: =SUBTOTAL(103,$U$21:U27) -> 7 | F27: 국내성도 | G27: 국내_청년 | H27: 00350330-00205 | I27: 김세진 | J27: 00360527-00006 | K27: 00390826-00075 | L27: 00371217-01048 | M27: x | P27: 2구역 | R27: 구역장 | S27: 구역장 | U27: 4청년 | V27: 김세르게이발레리예비치 | W27: Ким Сергей Валерьевич | X27: 남 | Y27: 32305 | Z27: =DATEDIF(Y27,TODAY(),"Y") -> 37 | AA27: 010-8441-1728 | AB27: @k_i_m_sergey | AC27: 문도 | AD27: 총회등록 | AE27: 러시아 | AF27: 한국 | AG27: 경기도 | AJ27: 147-1기
C28: 8 | D28: 00371217-01048 | E28: =SUBTOTAL(103,$U$21:U28) -> 8 | F28: 국내성도 | G28: 국내_장년 | H28: 00350330-00205 | I28: 김세진 | J28: 00360527-00006 | K28: 00390826-00075 | L28: 00371217-01048 | M28: x | P28: 2구역 | R28: 팀장 | S28: 새신자팀장 | T28: 구역장 | U28: 2장년 | V28: 강블라디미르파블로비치 | W28: Кан Владимир | X28: 남 | Y28: 33031 | Z28: =DATEDIF(Y28,TODAY(),"Y") -> 35 | AA28: 010-5820-6557 | AB28: @kanVladimir7 | AC28: 집사 | AD28: 총회등록 | AE28: 러시아 | AF28: 한국 | AG28: 서울특별시
C29: 9 | D29: 00371218-00469 | E29: =SUBTOTAL(103,$U$21:U29) -> 9 | F29: 국내성도 | G29: 국내_장년 | H29: 00350330-00205 | I29: 김세진 | J29: 00360527-00006 | K29: 00390826-00075 | L29: 00371217-01048 | M29: x | P29: 2구역 | U29: 2장년 | V29: 한세묜세묘노비치 | W29: Хан Семён | X29: 남 | Y29: 33599 | Z29: =DATEDIF(Y29,TODAY(),"Y") -> 34 | AA29: 010-8433-2802 | AC29: 집사 | AD29: 총회등록 | AE29: 우즈베키스탄 | AF29: 한국 | AG29: 서울특별시
C30: 10 | D30: 00390826-00117 | E30: =SUBTOTAL(103,$U$21:U30) -> 10 | F30: 국내성도 | G30: 국내_청년 | H30: 00350330-00205 | I30: 김세진 | J30: 00360527-00006 | K30: 00390826-00075 | L30: 00371217-01048 | M30: x | P30: 2구역 | U30: 4청년 | V30: 손이고르아루투로비치 | W30: Сон Игорь Артурович | X30: 남 | Y30: 36739 | Z30: =DATEDIF(Y30,TODAY(),"Y") -> 25 | AA30: 010-97112243 | AC30: 성도 | AD30: 입교 | AE30: 우즈베키스탄 | AF30: 한국 | AG30: 서울특별시 | AJ30: 147-4기
C31: 11 | D31: 00410822-00002 | E31: =SUBTOTAL(103,$U$21:U31) -> 11 | F31: 국내성도 | G31: 새신자4팀 | H31: 00350330-00205 | I31: 김세진 | J31: 00360527-00006 | K31: 00390826-00075 | L31: 00371217-01048 | M31: x | P31: 2구역 | U31: 4청년 | V31: 야쿠빈스키이드미트리이고레비치 | W31: Якубинский Дмитрий Игоревич | X31: 남 | Y31: 32741 | Z31: =DATEDIF(Y31,TODAY(),"Y") -> 36 | AA31: 010-5890-1703 | AB31: @dimadimadimadimadimadimadima1989 | AC31: 성도 | AD31: 교회등록 | AE31: 러시아 | AF31: 한국 | AG31: 인천광역시 연수구 | AJ31: 155기
C32: 12 | D32: 00360830-00347 | E32: =SUBTOTAL(103,$U$21:U32) -> 12 | F32: 국내성도 | G32: 국내_청년 | H32: 00350330-00205 | I32: 김세진 | J32: 00360527-00006 | K32: 00390826-00075 | L32: 00371217-01048 | M32: x | P32: 2구역 | U32: 4청년 | V32: 강파벨 | W32: Кан Павел | X32: 남 | Y32: 33538 | Z32: =DATEDIF(Y32,TODAY(),"Y") -> 34 | AA32: 010-5552-2710 | AC32: 성도 | AD32: 입교 | AE32: 카자흐스탄 | AF32: 한국 | AG32: 경상북도 | AI32: 출결제외해지(2023/03/14) | AK32: 신앙유약
C33: 13 | D33: 00400227-01416 | E33: =SUBTOTAL(103,$U$21:U33) -> 13 | F33: 국내성도 | G33: 국내_청년 | H33: 00350330-00205 | I33: 김세진 | J33: 00360527-00006 | K33: 00390826-00075 | L33: 00371217-01048 | M33: x | P33: 2구역 | U33: 4청년 | V33: 김예브게니알렉산드로비치 | W33: Ким Евгений Александрович | X33: 남 | Y33: 33400 | Z33: =DATEDIF(Y33,TODAY(),"Y") -> 34 | AA33: 7-747-455-6934 | AC33: 성도 | AD33: 입교 | AE33: 카자흐스탄 | AF33: 카자흐스탄 | AG33: 알마티 | AI33: 출결제외해지(2025/3/1) | AJ33: 149-1기 | AK33: 신앙유약
C34: 14 | D34: 00261114-00053 | E34: =SUBTOTAL(103,$U$21:U34) -> 13 | G34: 국내_부녀 | H34: 00350330-00205 | I34: 박지민 | J34: 00341026-00033 | K34: 00261114-00053 | L34: x | M34: x | P34: 1구역 | R34: 임원 | S34: 부장 | T34: 구역장 | V34: 박지민 | AD34: 총회등록 | AH34: 중복
C35: 15 | D35: 00361031-00487 | E35: =SUBTOTAL(103,$U$21:U35) -> 14 | F35: 국내성도 | G35: 국내_부녀 | H35: 00350330-00205 | I35: 박지민 | J35: 00261114-00053 | K35: 00261114-00053 | L35: x | M35: x | P35: 1구역 | U35: 3부녀 | V35: 최릴리야 | W35: Цой Лилия | X35: 여 | Y35: 33815 | Z35: =DATEDIF(Y35,TODAY(),"Y") -> 33 | AA35: 010-7550-5848 | AC35: 집사 | AD35: 총회등록 | AE35: 우즈베키스탄 | AF35: 한국 | AG35: 인천광역시
C36: 16 | D36: 00310314-00227 | E36: =SUBTOTAL(103,$U$21:U36) -> 15 | F36: 국내성도 | G36: 국내_부녀 | H36: 00350330-00205 | I36: 박지민 | J36: 00261114-00053 | K36: 00261114-00053 | L36: x | M36: x | P36: 1구역 | U36: 3부녀 | V36: 한옐레나 | W36: Хан Елена | X36: 여 | Y36: 31075 | Z36: =DATEDIF(Y36,TODAY(),"Y") -> 41 | AA36: 010-8285-1011 | AC36: 집사 | AD36: 입교 | AE36: 러시아 | AF36: 한국 | AG36: 서울특별시 | AI36: 출결제외해지(2025/3/1) | AK36: 신앙유약
C37: 17 | D37: 00311023-00028 | E37: =SUBTOTAL(103,$U$21:U37) -> 16 | F37: 국내성도 | G37: 국내_부녀 | H37: 00350330-00205 | I37: 박지민 | J37: 00261114-00053 | K37: 00261114-00053 | L37: x | M37: x | P37: 1구역 | U37: 3부녀 | V37: 박옐레나 | W37: Пак Елена | X37: 여 | Y37: 32547 | Z37: =DATEDIF(Y37,TODAY(),"Y") -> 36 | AA37: 010-5615-2266 | AC37: 집사 | AD37: 총회등록 | AE37: 우즈베키스탄 | AF37: 한국 | AG37: 경기도
C38: 18 | D38: 00340624-00330 | E38: =SUBTOTAL(103,$U$21:U38) -> 17 | F38: 국내성도 | G38: 국내_부녀 | H38: 00350330-00205 | I38: 박지민 | J38: 00261114-00053 | K38: 00261114-00053 | L38: x | M38: x | P38: 1구역 | U38: 3부녀 | V38: 최유나 | W38: Цой Ольга | X38: 여 | Y38: 31062 | Z38: =DATEDIF(Y38,TODAY(),"Y") -> 41 | AA38: 010-2570-6278 | AC38: 집사 | AD38: 총회등록 | AE38: 한국 | AF38: 한국 | AG38: 서울특별시
C39: 19 | D39: 00280508-00022 | E39: =SUBTOTAL(103,$U$21:U39) -> 18 | F39: 국내성도 | G39: 국내_부녀 | H39: 00350330-00205 | I39: 박지민 | J39: 00261114-00053 | K39: 00261114-00053 | L39: x | M39: x | P39: 1구역 | U39: 3부녀 | V39: 엘리나바투크흐티나 | W39: Батухтина Элина | X39: 여 | Y39: 31504 | Z39: =DATEDIF(Y39,TODAY(),"Y") -> 39 | AA39: 010-4593-5238 | AC39: 문도 | AD39: 입교 | AE39: 우크라이나 | AF39: 한국 | AG39: 서울특별시 | AI39: 출결제외해지(2025/3/1) | AK39: 신앙유약
C40: 20 | D40: 00400227-01392 | E40: =SUBTOTAL(103,$U$21:U40) -> 19 | F40: 국내성도 | G40: 국내_부녀 | H40: 00350330-00205 | I40: 박지민 | J40: 00261114-00053 | K40: 00261114-00053 | L40: x | M40: x | P40: 1구역 | U40: 3부녀 | V40: 리스베틀라나아나톨리예브나 | W40: Светлана ЛИ | X40: 여 | Y40: 23079 | Z40: =DATEDIF(Y40,TODAY(),"Y") -> 62 | AA40: 010-2117-9127 | AB40: @Liswetik | AC40: 성도 | AD40: 입교 | AE40: 카자흐스탄 | AF40: 한국 | AG40: 경기도 | AI40: 출결제외해지(2025/3/1) | AJ40: 149-1기 | AK40: 신앙유약
C41: 21 | D41: 00400530-00093 | E41: =SUBTOTAL(103,$U$21:U41) -> 20 | F41: 국내성도 | G41: 국내_부녀 | H41: 00350330-00205 | I41: 박지민 | J41: 00261114-00053 | K41: 00261114-00053 | L41: x | M41: x | P41: 1구역 | U41: 1자문 | V41: 이림마니콜라예브나 | W41: Ли Римма Николаевна | X41: 여 | Y41: 19818 | Z41: =DATEDIF(Y41,TODAY(),"Y") -> 71 | AA41: 998-90-290-3254 | AC41: 성도 | AD41: 입교 | AE41: 우즈베키스탄 | AF41: 한국 | AG41: 경기도 | AI41: 출결제외해지일 (2025/4/1) | AJ41: 150-4기 | AK41: 신앙유약
C42: 22 | D42: 00400227-01414 | E42: =SUBTOTAL(103,$U$21:U42) -> 21 | F42: 국내성도 | G42: 국내_부녀 | H42: 00350330-00205 | I42: 박지민 | J42: 00261114-00053 | K42: 00261114-00053 | L42: x | M42: x | P42: 1구역 | U42: 4청년 | V42: 리알렉시나블라딜레노브나 | W42: Ли Алексина Владиленовна | X42: 여 | Y42: 33012 | Z42: =DATEDIF(Y42,TODAY(),"Y") -> 35 | AA42: 010-4244-3010 | AC42: 성도 | AD42: 입교 | AE42: 카자흐스탄 | AF42: 한국 | AJ42: 149-1기
C43: 23 | D43: 00360830-00346 | E43: =SUBTOTAL(103,$U$21:U43) -> 22 | F43: 국내성도 | G43: 국내_부녀 | H43: 00350330-00205 | I43: 박지민 | J43: 00261114-00053 | K43: 00360830-00346 | L43: 00350330-00153 | M43: x | P43: 2구역 | R43: 구역장 | S43: 구역장 | U43: 3부녀 | V43: 김예카테리나 | W43: Ким Екатерина | X43: 여 | Y43: 33312 | Z43: =DATEDIF(Y43,TODAY(),"Y") -> 34 | AA43: 010-5877-6557 | AB43: @Rina_Kim_1 | AC43: 집사 | AD43: 총회등록 | AE43: 우즈베키스탄 | AF43: 한국 | AG43: 서울특별시
C44: 24 | D44: 00350330-00153 | E44: =SUBTOTAL(103,$U$21:U44) -> 23 | F44: 국내성도 | G44: 국내_부녀 | H44: 00350330-00205 | I44: 박지민 | J44: 00261114-00053 | K44: 00360830-00346 | L44: 00350330-00153 | M44: x | P44: 2구역 | R44: 부구역장 | S44: 부구역장 | U44: 3부녀 | V44: 문발레리야 | W44: Мун Валерия | X44: 여 | Y44: 32771 | Z44: =DATEDIF(Y44,TODAY(),"Y") -> 36 | AA44: 010-7296-2009 | AB44: @leramun | AC44: 집사 | AD44: 총회등록 | AE44: 카자흐스탄 | AF44: 한국 | AG44: 서울특별시
C45: 25 | D45: 00371217-01047 | E45: =SUBTOTAL(103,$U$21:U45) -> 24 | F45: 국내성도 | G45: 국내_부녀 | H45: 00350330-00205 | I45: 박지민 | J45: 00261114-00053 | K45: 00360830-00346 | L45: 00350330-00153 | M45: x | P45: 2구역 | R45: 팀장 | S45: 새신자팀장 | T45: 구역장 | U45: 3부녀 | V45: 칸타코바안나일리니치나 | W45: Кантакова Анна | X45: 여 | Y45: 31722 | Z45: =DATEDIF(Y45,TODAY(),"Y") -> 39 | AA45: 010-2887-6167 | AB45: @annakantakova | AC45: 집사 | AD45: 총회등록 | AE45: 러시아 | AF45: 한국 | AG45: 경기도
C46: 26 | D46: 00270903-00002 | E46: =SUBTOTAL(103,$U$21:U46) -> 25 | F46: 국내성도 | G46: 국내_부녀 | H46: 00350330-00205 | I46: 박지민 | J46: 00261114-00053 | K46: 00360830-00346 | L46: 00350330-00153 | M46: x | P46: 2구역 | U46: 3부녀 | V46: 정류드밀라 | W46: Тен Людмила | X46: 여 | Y46: 30208 | Z46: =DATEDIF(Y46,TODAY(),"Y") -> 43 | AA46: 010-7624-7907 | AC46: 집사 | AD46: 총회등록 | AE46: 카자흐스탄 | AF46: 한국 | AG46: 서울특별시
C47: 27 | D47: 00261225-00087 | E47: =SUBTOTAL(103,$U$21:U47) -> 26 | F47: 국내성도 | G47: 국내_부녀 | H47: 00350330-00205 | I47: 박지민 | J47: 00261114-00053 | K47: 00360830-00346 | L47: 00350330-00153 | M47: x | P47: 2구역 | U47: 3부녀 | V47: 최승미 | W47: Цой Виктория(ЦойСынгМи) | X47: 여 | Y47: 31249 | Z47: =DATEDIF(Y47,TODAY(),"Y") -> 40 | AA47: 010-8921-3985 | AB47: @victoriachoi8 | AC47: 집사 | AD47: 총회등록 | AE47: 우즈베키스탄 | AF47: 한국 | AG47: 서울특별시
C48: 28 | D48: 00320813-00009 | E48: =SUBTOTAL(103,$U$21:U48) -> 27 | F48: 국내성도 | G48: 국내_부녀 | H48: 00350330-00205 | I48: 박지민 | J48: 00261114-00053 | K48: 00360830-00346 | L48: 00350330-00153 | M48: x | P48: 2구역 | U48: 3부녀 | V48: 이다리야B | W48: Ли Дарья | X48: 여 | Y48: 31736 | Z48: =DATEDIF(Y48,TODAY(),"Y") -> 39 | AA48: 010-4045-1523 | AC48: 문도 | AD48: 입교 | AE48: 우즈베키스탄 | AF48: 한국 | AG48: 서울특별시 | AI48: 출결제외해지(2025/3/1) | AK48: 신앙유약
C49: 29 | D49: 00300823-00110 | E49: =SUBTOTAL(103,$U$21:U49) -> 28 | F49: 국내성도 | G49: 국내_청년 | H49: 00350330-00205 | I49: 박지민 | J49: 00261114-00053 | K49: 00360830-00346 | L49: 00350330-00153 | M49: x | P49: 2구역 | U49: 4청년 | V49: 김올가 | W49: Ким Ольга | X49: 여 | Y49: 33222 | Z49: =DATEDIF(Y49,TODAY(),"Y") -> 35 | AA49: 010-2206-1590 | AC49: 문도 | AD49: 입교 | AE49: 우즈베키스탄 | AF49: 한국 | AG49: 서울특별시 | AI49: 출결제외해지(2023/03/14) | AK49: 신앙유약(24/03/27)
C50: 30 | D50: 00390826-00066 | E50: =SUBTOTAL(103,$U$21:U50) -> 29 | F50: 국내성도 | G50: 국내_부녀 | H50: 00350330-00205 | I50: 박지민 | J50: 00261114-00053 | K50: 00390826-00066 | L50: 00270104-00035 | M50: 00290520-00027 | P50: 3구역 | R50: 부구역장 | S50: 부구역장 | U50: 3부녀 | V50: 박이리나빅토로브나 | W50: Пак Ирина Викторовна | X50: 여 | Y50: 24988 | Z50: =DATEDIF(Y50,TODAY(),"Y") -> 57 | AA50: 010-5201-5526 | AB50: @ari2822 | AC50: 성도 | AD50: 총회등록 | AE50: 키르기스스탄 | AF50: 한국 | AG50: 충청북도 | AJ50: 147-1기
C51: 31 | D51: 00270104-00035 | E51: =SUBTOTAL(103,$U$21:U51) -> 30 | F51: 국내성도 | G51: 국내_부녀 | H51: 00350330-00205 | I51: 박지민 | J51: 00261114-00053 | K51: 00390826-00066 | L51: 00270104-00035 | M51: 00290520-00027 | P51: 3구역 | R51: 부구역장 | S51: 부구역장 | U51: 3부녀 | V51: 굴나라사드코바 | W51: Садыкова Гульнара | X51: 여 | Y51: 30935 | Z51: =DATEDIF(Y51,TODAY(),"Y") -> 41 | AA51: 010-6406-8815 | AB51: @Nara_Seoul | AC51: 집사 | AD51: 총회등록 | AE51: 키르기스스탄 | AF51: 한국 | AG51: 서울특별시
C52: 32 | D52: 00290520-00027 | E52: =SUBTOTAL(103,$U$21:U52) -> 31 | F52: 국내성도 | G52: 국내_부녀 | H52: 00350330-00205 | I52: 박지민 | J52: 00261114-00053 | K52: 00390826-00066 | L52: 00270104-00035 | M52: 00290520-00027 | P52: 3구역 | R52: 부구역장 | S52: 부구역장 | U52: 3부녀 | V52: 정갈리나 | W52: Тен Галина | X52: 여 | Y52: 29183 | Z52: =DATEDIF(Y52,TODAY(),"Y") -> 46 | AA52: 010-5329-6884 | AB52: @Galina10j | AC52: 집사 | AD52: 총회등록 | AE52: 카자흐스탄 | AF52: 한국 | AG52: 서울특별시
C53: 33 | D53: 00371218-00466 | E53: =SUBTOTAL(103,$U$21:U53) -> 32 | F53: 국내성도 | G53: 국내_부녀 | H53: 00350330-00205 | I53: 박지민 | J53: 00261114-00053 | K53: 00390826-00066 | L53: 00270104-00035 | M53: 00290520-00027 | P53: 3구역 | U53: 3부녀 | V53: 이이리나라디오노브나 | W53: Ли Ирина | X53: 여 | Y53: 33662 | Z53: =DATEDIF(Y53,TODAY(),"Y") -> 33 | AA53: 010-2394-2802 | AC53: 집사 | AD53: 총회등록 | AE53: 우즈베키스탄 | AF53: 한국 | AG53: 서울특별시
C54: 34 | D54: 00371218-00453 | E54: =SUBTOTAL(103,$U$21:U54) -> 33 | F54: 국내성도 | G54: 국내_부녀 | H54: 00350330-00205 | I54: 박지민 | J54: 00261114-00053 | K54: 00390826-00066 | L54: 00270104-00035 | M54: 00290520-00027 | P54: 3구역 | U54: 1자문 | V54: 김류드밀라 | W54: Ким Людмила | X54: 여 | Y54: 18173 | Z54: =DATEDIF(Y54,TODAY(),"Y") -> 76 | AA54: 010-9692-4972 | AB54: @Milakim02 | AC54: 성도 | AD54: 총회등록 | AE54: 우즈베키스탄 | AF54: 한국 | AG54: 경기도
C55: 35 | D55: 00350330-00148 | E55: =SUBTOTAL(103,$U$21:U55) -> 34 | F55: 국내성도 | G55: 국내_부녀 | H55: 00350330-00205 | I55: 박지민 | J55: 00261114-00053 | K55: 00390826-00066 | L55: 00270104-00035 | M55: 00290520-00027 | P55: 3구역 | U55: 3부녀 | V55: 주숙자 | W55: Дю Светлана | X55: 여 | Y55: 21465 | Z55: =DATEDIF(Y55,TODAY(),"Y") -> 67 | AA55: 010-5567-8193 | AB55: @DyuSvetlana | AC55: 집사 | AD55: 총회등록 | AE55: 러시아 | AF55: 한국 | AG55: 서울특별시
C56: 36 | D56: 00390826-00069 | E56: =SUBTOTAL(103,$U$21:U56) -> 35 | F56: 국내성도 | G56: 국내_부녀 | H56: 00350330-00205 | I56: 박지민 | J56: 00261114-00053 | K56: 00390826-00066 | L56: 00270104-00035 | M56: 00290520-00027 | P56: 3구역 | U56: 3부녀 | V56: 이소피야 | W56: Ли София (LISOFIIA) | X56: 여 | Y56: 25896 | Z56: =DATEDIF(Y56,TODAY(),"Y") -> 55 | AA56: 010-8205-9722 | AB56: @Lisonehka | AC56: 성도 | AD56: 총회등록 | AE56: 키르기스스탄 | AF56: 한국 | AG56: 인천광역시 | AJ56: 147-1기
C57: 37 | D57: 00410325-00430 | E57: =SUBTOTAL(103,$U$21:U57) -> 36 | F57: 국내성도 | G57: 국내_부녀 | H57: 00350330-00205 | I57: 박지민 | J57: 00261114-00053 | K57: 00390826-00066 | L57: 00270104-00035 | M57: 00290520-00027 | P57: 3구역 | Q57: 새신자 | U57: 3부녀 | V57: 출리나율리야그리고리예브나 | W57: Чулина Юлия Григорьевна | X57: 여 | Y57: 35278 | Z57: =DATEDIF(Y57,TODAY(),"Y") -> 29 | AA57: 010-8441-1321 | AB57: @YuliaChulina | AC57: 성도 | AD57: 교회등록 | AE57: 러시아 | AF57: 한국 | AG57: 군산 | AJ57: 153-5기
C58: 38 | D58: 00400819-00001 | E58: =SUBTOTAL(103,$U$21:U58) -> 37 | F58: 국내성도 | G58: 국내_부녀 | H58: 00350330-00205 | I58: 박지민 | J58: 00261114-00053 | K58: 00390826-00066 | L58: 00270104-00035 | M58: 00290520-00027 | P58: 3구역 | U58: 3부녀 | V58: 두드키나스베틀라나미하일로브나 | W58: ДУДКИНА СВЕТЛАНА МИХАЙЛОВНА | X58: 여 | Y58: 22442 | Z58: =DATEDIF(Y58,TODAY(),"Y") -> 64 | AA58: 010-2213-7839 | AC58: 성도 | AD58: 입교 | AE58: 러시아 | AF58: 한국 | AG58: 경기도 | AI58: 출결제외해지(2025/3/1) | AJ58: 151-1기 | AK58: 신앙유약
D59: 00261114-00053 | E59: =SUBTOTAL(103,$U$21:U59) -> 37 | G59: 국내_부녀 | H59: 00350330-00205 | I59: 박지민 | J59: 00261114-00053 | K59: 00261114-00053 | L59: 00180613-00005 | M59: x | P59: 4구역 | R59: 임원 | S59: 부장 | T59: 구역장 | V59: 박지민 | X59: 남 | Y59: 31732 | Z59: =DATEDIF(Y59,TODAY(),"Y") -> 39 | AA59: 010-2058-7374 | AB59: @in2heaven | AC59: 교역 | AD59: 총회등록 | AF59: 한국 | AG59: 경기도
C60: 39 | D60: 00180613-00005 | E60: =SUBTOTAL(103,$U$21:U60) -> 38 | F60: 우크라이나(키이우) | G60: 국내_부녀 | H60: 00350330-00205 | I60: 박지민 | J60: 00261114-00053 | K60: 00261114-00053 | L60: 00180613-00005 | M60: x | P60: 4구역 | R60: 해외지역강사 | S60: 부장 | T60: 부구역장 | U60: 0교역 | V60: 이진모 | W60: Ли Джин Мо | X60: 남 | Y60: 28737 | Z60: =DATEDIF(Y60,TODAY(),"Y") -> 47 | AA60: 010-7562-1362 | AB60: @Ciskorea | AC60: 교역 | AD60: 총회등록 | AE60: 한국 | AF60: 한국
C61: 40 | D61: 00311023-00025 | E61: =SUBTOTAL(103,$U$21:U61) -> 39 | F61: 국내성도 | G61: 국내_부녀 | H61: 00350330-00205 | I61: 박지민 | J61: 00261114-00053 | K61: 00261114-00053 | L61: 00180613-00005 | M61: x | P61: 4구역 | R61: 구역장 | S61: 구역장 | U61: 1자문 | V61: 최트로핌 | W61: Цой Трофим | X61: 남 | Y61: 19202 | Z61: =DATEDIF(Y61,TODAY(),"Y") -> 73 | AA61: 010-8318-5207 | AC61: 집사 | AD61: 총회등록 | AE61: 우즈베키스탄 | AF61: 한국 | AG61: 경기도
C62: 41 | D62: 00311023-00026 | E62: =SUBTOTAL(103,$U$21:U62) -> 40 | F62: 국내성도 | G62: 국내_부녀 | H62: 00350330-00205 | I62: 박지민 | J62: 00261114-00053 | K62: 00261114-00053 | L62: 00180613-00005 | M62: x | P62: 4구역 | R62: 부구역장 | S62: 부구역장 | U62: 1자문 | V62: 최라리사 | W62: Цой Лариса | X62: 여 | Y62: 19466 | Z62: =DATEDIF(Y62,TODAY(),"Y") -> 72 | AA62: 010-8217-5304 | AB62: @Larisa5304 | AC62: 집사 | AD62: 총회등록 | AE62: 우즈베키스탄 | AF62: 한국 | AG62: 경기도
C63: 42 | D63: 00400530-00092 | E63: =SUBTOTAL(103,$U$21:U63) -> 41 | F63: 국내성도 | G63: 국내_부녀 | H63: 00350330-00205 | I63: 박지민 | J63: 00261114-00053 | K63: 00261114-00053 | L63: 00180613-00005 | M63: x | P63: 4구역 | U63: 1자문 | V63: 박모이세이 | W63: Пак Моисей | X63: 남 | Y63: 19784 | Z63: =DATEDIF(Y63,TODAY(),"Y") -> 71 | AA63: 010-4074-3821 | AC63: 성도 | AD63: 총회등록 | AE63: 우즈베키스탄 | AF63: 한국 | AG63: 경기도 | AJ63: 150-4기
C64: 43 | D64: 00360830-00342 | E64: =SUBTOTAL(103,$U$21:U64) -> 42 | F64: 국내성도 | G64: 국내_부녀 | H64: 00350330-00205 | I64: 박지민 | J64: 00261114-00053 | K64: 00261114-00053 | L64: 00180613-00005 | M64: x | P64: 4구역 | U64: 3부녀 | V64: 쿠즈올가 | W64: Кузь Ольга | X64: 여 | Y64: 22276 | Z64: =DATEDIF(Y64,TODAY(),"Y") -> 65 | AA64: 010-2186-2669 | AC64: 성도 | AD64: 총회등록 | AE64: 우크라이나 | AF64: 한국 | AG64: 서울특별시
C65: 44 | D65: 00360423-00596 | E65: =SUBTOTAL(103,$U$21:U65) -> 43 | F65: 카자흐스탄(알마티) | G65: 국내_부녀 | H65: 00350330-00205 | I65: 박지민 | J65: 00261114-00053 | K65: 00261114-00053 | L65: 00180613-00005 | M65: x | P65: 4구역 | U65: 3부녀 | V65: 강예카테리나 | W65: Кан Екатеринa | X65: 여 | Y65: 33959 | Z65: =DATEDIF(Y65,TODAY(),"Y") -> 33 | AA65: 77479550557/010-8088-0311(한국번호) | AC65: 성도 | AD65: 입교 | AE65: 카자흐스탄 | AF65: 카자흐스탄 | AG65: 알마티 | AI65: 출결제외해지(2025/3/1) | AK65: 신앙유약
C66: 45 | D66: 00330526-00005 | E66: =SUBTOTAL(103,$U$21:U66) -> 44 | F66: 카자흐스탄(알마티) | G66: 국내_청년 | H66: 00350330-00205 | I66: 박지민 | J66: 00261114-00053 | K66: 00261114-00053 | L66: 00180613-00005 | M66: x | P66: 4구역 | U66: 4청년 | V66: 한블라디슬라브 | W66: Хан Владислав | X66: 남 | Y66: 33674 | Z66: =DATEDIF(Y66,TODAY(),"Y") -> 33 | AA66: 010-7696-1311 | AC66: 문도 | AD66: 총회등록 | AE66: 우즈베키스탄 | AF66: 카자흐스탄 | AG66: 알마티 | AI66: 출결제외해지(2025/3/1)
C67: 46 | D67: 00281228-00434 | E67: =SUBTOTAL(103,$U$21:U67) -> 45 | F67: 국내성도 | G67: 국내_부녀 | H67: 00350330-00205 | I67: 이시우 | J67: 00350330-00205 | K67: 00281228-00434 | L67: 00230828-00053 | M67: x | P67: 5구역 | R67: 구역장 | S67: 구역장 | U67: 3부녀 | V67: 홍수정 | W67: Хонг Су Жонг | X67: 여 | Y67: 29276 | Z67: =DATEDIF(Y67,TODAY(),"Y") -> 45 | AA67: 010-6406-0466 | AC67: 집사 | AD67: 총회등록 | AE67: 한국 | AF67: 한국 | AG67: 경기도
C68: 47 | D68: 00230828-00053 | E68: =SUBTOTAL(103,$U$21:U68) -> 46 | F68: 국내성도 | G68: 국내_부녀 | H68: 00350330-00205 | I68: 이시우 | J68: 00350330-00205 | K68: 00281228-00434 | L68: 00230828-00053 | M68: x | P68: 5구역 | R68: 부구역장 | S68: 부구역장 | U68: 3부녀 | V68: 박소정 | W68: Пак Со Джон | X68: 여 | Y68: 30920 | Z68: =DATEDIF(Y68,TODAY(),"Y") -> 41 | AA68: 010-4316-0828 | AB68: @sojeong84 | AC68: 집사 | AD68: 총회등록 | AE68: 한국 | AF68: 한국 | AG68: 경기도
C69: 48 | D69: 00271115-00181 | E69: =SUBTOTAL(103,$U$21:U69) -> 47 | F69: 국내성도 | G69: 국내_부녀 | H69: 00350330-00205 | I69: 이시우 | J69: 00350330-00205 | K69: 00281228-00434 | L69: 00230828-00053 | M69: x | P69: 5구역 | R69: 기능과 | S69: 통번역팀장 | U69: 3부녀 | V69: 김옥사나 | W69: Ким Оксана | X69: 여 | Y69: 31700 | Z69: =DATEDIF(Y69,TODAY(),"Y") -> 39 | AA69: 010-5635-1510 | AB69: @Kim_Sana181 | AC69: 집사 | AD69: 총회등록 | AE69: 우즈베키스탄 | AF69: 한국 | AG69: 서울특별시
C70: 49 | D70: 00280103-00165 | E70: =SUBTOTAL(103,$U$21:U70) -> 48 | F70: 국내성도 | G70: 국내_부녀 | H70: 00350330-00205 | I70: 이시우 | J70: 00350330-00205 | K70: 00281228-00434 | L70: 00230828-00053 | M70: x | P70: 5구역 | R70: 기능과 | S70: 교육행정서기 | U70: 3부녀 | V70: 이지영 | X70: 여 | Y70: 30683 | Z70: =DATEDIF(Y70,TODAY(),"Y") -> 42 | AA70: 010-6701-0334 | AB70: @Yijiyeong | AC70: 집사 | AD70: 총회등록 | AE70: 한국 | AF70: 한국 | AG70: 경기도
C71: 50 | D71: 00231212-00123 | E71: =SUBTOTAL(103,$U$21:U71) -> 49 | F71: 국내성도 | G71: 국내_부녀 | H71: 00350330-00205 | I71: 이시우 | J71: 00350330-00205 | K71: 00281228-00434 | L71: 00230828-00053 | M71: x | P71: 5구역 | R71: 부서기 | S71: 부서기 | T71: 해선부서무 | U71: 3부녀 | V71: 임영선 | X71: 여 | Y71: 29107 | Z71: =DATEDIF(Y71,TODAY(),"Y") -> 46 | AA71: 010-7157-2339 | AB71: @execute25 | AC71: 집사 | AD71: 총회등록 | AE71: 한국 | AF71: 한국 | AG71: 서울특별시
C72: 51 | D72: 00371201-00514 | E72: =SUBTOTAL(103,$U$21:U72) -> 50 | F72: 국내성도 | G72: 국내_부녀 | H72: 00350330-00205 | I72: 이시우 | J72: 00350330-00205 | K72: 00281228-00434 | L72: 00230828-00053 | M72: x | P72: 5구역 | R72: 부서기 | S72: 부서기 | T72: 해선부서무 | U72: 3부녀 | V72: 안소연 | X72: 여 | Y72: 29445 | Z72: =DATEDIF(Y72,TODAY(),"Y") -> 45 | AA72: 010-3066-7285 | AB72: @SOYOUN37 | AC72: 집사 | AD72: 총회등록 | AE72: 한국 | AF72: 한국 | AG72: 서울특별시
C73: 52 | D73: 00301028-00368 | E73: =SUBTOTAL(103,$U$21:U73) -> 51 | F73: 국내성도 | G73: 국내_부녀 | H73: 00350330-00205 | I73: 이시우 | J73: 00350330-00205 | K73: 00281228-00434 | L73: 00230828-00053 | M73: x | P73: 5구역 | T73: HWPL | U73: 3부녀 | V73: 한송연 | X73: 여 | Y73: 29529 | Z73: =DATEDIF(Y73,TODAY(),"Y") -> 45 | AA73: 보안 | AC73: 집사 | AD73: 총회등록 | AE73: 한국 | AF73: 한국 | AG73: 서울특별시
C74: 53 | D74: 00180506-00010 | E74: =SUBTOTAL(103,$U$21:U74) -> 52 | F74: 국내성도 | G74: 국내_부녀 | H74: 00350330-00205 | I74: 이시우 | J74: 00350330-00205 | K74: 00281228-00434 | L74: 00180506-00010 | M74: x | P74: 5-2구역 | R74: 부구역장 | S74: 부구역장 | T74: 국제부교육부장 | U74: 3부녀 | V74: 김현진 | X74: 여 | Y74: 27958 | Z74: =DATEDIF(Y74,TODAY(),"Y") -> 49 | AA74: 010-2374-8001 | AB74: @JaceyKim | AC74: 집사 | AD74: 총회등록 | AE74: 한국 | AF74: 한국 | AG74: 경기도
C75: 54 | D75: 00280830-00123 | E75: =SUBTOTAL(103,$U$21:U75) -> 53 | F75: 국내성도 | G75: 국내_부녀 | H75: 00350330-00205 | I75: 이시우 | J75: 00350330-00205 | K75: 00281228-00434 | L75: 00180506-00010 | M75: x | P75: 5-2구역 | T75: 국제부청년서기 | U75: 3부녀 | V75: 이수현 | X75: 여 | Y75: 30623 | Z75: =DATEDIF(Y75,TODAY(),"Y") -> 42 | AA75: 010-7183-3854 | AB75: @suhyun2 | AC75: 집사 | AD75: 총회등록 | AE75: 한국 | AF75: 한국 | AG75: 서울특별시
C76: 55 | D76: 00231128-00010 | E76: =SUBTOTAL(103,$U$21:U76) -> 54 | F76: 국내성도 | G76: 국내_부녀 | H76: 00350330-00205 | I76: 이시우 | J76: 00350330-00205 | K76: 00281228-00434 | L76: 00180506-00010 | M76: x | P76: 5-2구역 | U76: 1자문 | V76: 김완희 | X76: 여 | Y76: 19533 | Z76: =DATEDIF(Y76,TODAY(),"Y") -> 72 | AA76: 010-9080-1384 | AB76: @wani380328 | AC76: 집사 | AD76: 총회등록 | AE76: 한국 | AF76: 한국 | AG76: 경기도
C77: 56 | D77: 00231009-00031 | E77: =SUBTOTAL(103,$U$21:U77) -> 55 | F77: 국내성도 | G77: 국내_부녀 | H77: 00350330-00205 | I77: 이시우 | J77: 00350330-00205 | K77: 00281228-00434 | L77: 00180506-00010 | M77: x | P77: 5-2구역 | U77: 3부녀 | V77: 김희영 | X77: 여 | Y77: 26302 | Z77: =DATEDIF(Y77,TODAY(),"Y") -> 54 | AA77: 010-8960-7214 | AB77: @scjhee | AC77: 집사 | AD77: 총회등록 | AE77: 한국 | AF77: 한국 | AG77: 경기도
C78: 57 | D78: 00270624-00034 | E78: =SUBTOTAL(103,$U$21:U78) -> 56 | F78: 국내성도 | G78: 국내_부녀 | H78: 00350330-00205 | I78: 이시우 | J78: 00350330-00205 | K78: 00281228-00434 | L78: 00180506-00010 | M78: x | P78: 5-2구역 | U78: 3부녀 | V78: 유지헌 | X78: 여 | Y78: 29493 | Z78: =DATEDIF(Y78,TODAY(),"Y") -> 45 | AA78: 010-9876-7374 | AB78: @lovingyjh57 | AC78: 집사 | AD78: 총회등록 | AE78: 한국 | AF78: 한국 | AG78: 경기도
C79: 58 | D79: 00240610-00045 | E79: =SUBTOTAL(103,$U$21:U79) -> 57 | F79: 국내성도 | G79: 국내_부녀 | H79: 00350330-00205 | I79: 이시우 | J79: 00350330-00205 | K79: 00281228-00434 | L79: 00180506-00010 | M79: x | P79: 5-2구역 | U79: 3부녀 | V79: 정희정 | X79: 여 | Y79: 28181 | Z79: =DATEDIF(Y79,TODAY(),"Y") -> 48 | AA79: 010-3590-6766 | AB79: @howareu2024 | AC79: 집사 | AD79: 총회등록 | AE79: 한국 | AF79: 한국 | AG79: 경기도
C80: 59 | D80: 00230515-00016 | E80: =SUBTOTAL(103,$U$21:U80) -> 58 | F80: 국내성도 | G80: 국내_부녀 | H80: 00350330-00205 | I80: 이시우 | J80: 00350330-00205 | K80: 00281228-00434 | L80: 00180506-00010 | M80: x | P80: 5-2구역 | U80: 3부녀 | V80: 이은정 | X80: 여 | Y80: 30002 | Z80: =DATEDIF(Y80,TODAY(),"Y") -> 43 | AA80: 010-3246-7458 | AB80: @blackpearl8800 | AC80: 집사 | AD80: 총회등록 | AE80: 한국 | AF80: 한국 | AG80: 경기도
C81: 60 | D81: 00240624-00014 | E81: =SUBTOTAL(103,$U$21:U81) -> 59 | F81: 국내성도 | G81: 국내_부녀 | H81: 00350330-00205 | I81: 이시우 | J81: 00350330-00205 | K81: 00281228-00434 | L81: 00180506-00010 | M81: x | P81: 5-2구역 | U81: 3부녀 | V81: 박은혜 | X81: 여 | Y81: 30562 | Z81: =DATEDIF(Y81,TODAY(),"Y") -> 42 | AA81: 010-7399-4505 | AC81: 집사 | AD81: 총회등록 | AE81: 한국 | AF81: 한국
C82: 61 | D82: 00360830-00341 | E82: =SUBTOTAL(103,$U$21:U82) -> 60 | F82: 국내성도 | G82: 국내_부녀 | H82: 00350330-00205 | I82: 차소연 | J82: 00341026-00033 | K82: 00360830-00341 | L82: 00410822-00001 | M82: x | P82: 7구역 | R82: 구역장 | S82: 구역장 | U82: 3부녀 | V82: 한엘자 | W82: Хан Эльза | X82: 여 | Y82: 20944 | Z82: =DATEDIF(Y82,TODAY(),"Y") -> 68 | AA82: 010-8939-1957 | AB82: @han_elza | AC82: 집사 | AD82: 총회등록 | AE82: 우즈베키스탄 | AF82: 한국 | AG82: 서울특별시
C83: 62 | D83: 00410822-00001 | E83: =SUBTOTAL(103,$U$21:U83) -> 61 | F83: 국내성도 | G83: 국내_부녀 | H83: 00350330-00205 | I83: 차소연 | J83: 00341026-00033 | K83: 00360830-00341 | L83: 00410822-00001 | M83: x | P83: 7구역 | Q83: 새신자 | R83: 부구역장 | S83: 부구역장 | U83: 3부녀 | V83: 박스베틀라나발레리야노브나 | W83: Pak Svetlana Valerlyanovna | X83: 여 | Y83: 23254 | Z83: =DATEDIF(Y83,TODAY(),"Y") -> 62 | AA83: 010-4766-1953 | AC83: 성도 | AD83: 교회등록 | AE83: 우즈베키스탄 | AF83: 한국 | AJ83: 155기 | AK83: D
C84: 63 | D84: 00410822-01058 | E84: =SUBTOTAL(103,$U$21:U84) -> 62 | F84: 해외개척 | G84: 국내_부녀 | H84: 00350330-00205 | I84: 차소연 | J84: 00341026-00033 | K84: 00360830-00341 | L84: 00410822-00001 | M84: x | P84: 7구역 | Q84: 새신자 | U84: 3부녀 | V84: 토포로브스카야류드밀라 | W84: Топоровская Людмила Александровна | X84: 여 | Y84: 22122 | Z84: =DATEDIF(Y84,TODAY(),"Y") -> 65 | AA84: 7-962-121-0324 | AC84: 성도 | AD84: 교회등록 | AE84: 러시아 | AF84: 러시아 | AG84: 사할린 | AJ84: 155-3기
C85: 64 | D85: 00410822-01063 | E85: =SUBTOTAL(103,$U$21:U85) -> 63 | F85: 해외개척 | G85: 국내_부녀 | H85: 00350330-00205 | I85: 차소연 | J85: 00341026-00033 | K85: 00360830-00341 | L85: 00410822-00001 | M85: x | P85: 7구역 | Q85: 새신자 | U85: 3부녀 | V85: 바그뉵나탈리야이바노브나 | W85: Багнюк Наталья Ивановна | X85: 여 | Y85: 23214 | Z85: =DATEDIF(Y85,TODAY(),"Y") -> 62 | AA85: 7-901-937-1421 | AC85: 성도 | AD85: 교회등록 | AE85: 러시아 | AF85: 러시아 | AG85: 사할린 | AJ85: 155-3기
C86: 65 | D86: 00410822-01066 | E86: =SUBTOTAL(103,$U$21:U86) -> 64 | F86: 해외개척 | G86: 국내_부녀 | H86: 00350330-00205 | I86: 차소연 | J86: 00341026-00033 | K86: 00360830-00341 | L86: 00410822-00001 | M86: x | P86: 7구역 | Q86: 새신자 | U86: 3부녀 | V86: 도로페예바올가이바노브나 | W86: Дорофеева Ольга Ивановна | X86: 여 | Y86: 24232 | Z86: =DATEDIF(Y86,TODAY(),"Y") -> 59 | AA86: 7-950-589-3071 | AC86: 성도 | AD86: 입교 | AE86: 러시아 | AF86: 러시아 | AG86: 케메로보 | AJ86: 155-3기
C87: 66 | D87: 00350330-00205 | E87: =SUBTOTAL(103,$U$21:U87) -> 65 | F87: 국내성도 | G87: 국내_청년 | H87: 00350330-00205 | I87: 이시우 | J87: 00350330-00205 | K87: 00350330-00205 | L87: x | M87: x | P87: 1구역 | R87: 임원 | S87: 총서기 | T87: 구역장 | U87: 4청년 | V87: 이시우 | W87: Ли Щи У | X87: 여 | Y87: 31799 | Z87: =DATEDIF(Y87,TODAY(),"Y") -> 39 | AA87: 010-4552-5245 | AB87: @sdnnbw | AC87: 문도 | AD87: 총회등록 | AE87: 한국 | AF87: 한국 | AG87: 서울특별시
C88: 67 | D88: 00361031-00488 | E88: =SUBTOTAL(103,$U$21:U88) -> 66 | F88: 국내성도 | G88: 국내_청년 | H88: 00350330-00205 | I88: 이시우 | J88: 00350330-00205 | K88: 00350330-00205 | L88: x | M88: x | P88: 1구역 | U88: 4청년 | V88: 주마리나 | W88: Дюгай Марина | X88: 여 | Y88: 33947 | Z88: =DATEDIF(Y88,TODAY(),"Y") -> 33 | AA88: 010-9287-0992 | AB88: @MarishaDyu | AC88: 문도 | AD88: 총회등록 | AE88: 우즈베키스탄 | AF88: 한국 | AG88: 경기도
C89: 68 | D89: 00371218-00468 | E89: =SUBTOTAL(103,$U$21:U89) -> 67 | F89: 국내성도 | G89: 국내_청년 | H89: 00350330-00205 | I89: 이시우 | J89: 00350330-00205 | K89: 00350330-00205 | L89: x | M89: x | P89: 1구역 | U89: 4청년 | V89: 김따띠야나게오르게브나 | W89: Ким Татьяна | X89: 여 | Y89: 33488 | Z89: =DATEDIF(Y89,TODAY(),"Y") -> 34 | AA89: 010-4390-0907 | AB89: @kjk_Tasha | AC89: 문도 | AD89: 총회등록 | AE89: 우즈베키스탄 | AF89: 한국 | AG89: 경기도
C90: 69 | D90: 00350330-00155 | E90: =SUBTOTAL(103,$U$21:U90) -> 68 | F90: 국내성도 | G90: 국내_청년 | H90: 00350330-00205 | I90: 이시우 | J90: 00350330-00205 | K90: 00350330-00205 | L90: x | M90: x | P90: 1구역 | R90: 팀장 | S90: 새신자팀장 | U90: 4청년 | V90: 배알리나 | W90: Бе Алина | X90: 여 | Y90: 34403 | Z90: =DATEDIF(Y90,TODAY(),"Y") -> 31 | AA90: 010-6370-4971 | AB90: @uamd94 | AC90: 문도 | AD90: 총회등록 | AE90: 러시아 | AF90: 한국 | AG90: 서울특별시
C91: 70 | D91: 00300617-00077 | E91: =SUBTOTAL(103,$U$21:U91) -> 69 | F91: 국내성도 | G91: 국내_청년 | H91: 00350330-00205 | I91: 이시우 | J91: 00350330-00205 | K91: 00350330-00205 | L91: x | M91: x | P91: 1구역 | R91: 기능과 | S91: 기획부과장 | T91: HWPL | U91: 4청년 | V91: 김요환 | X91: 남 | Y91: 33643 | Z91: =DATEDIF(Y91,TODAY(),"Y") -> 33 | AA91: 보안 | AC91: 문도 | AD91: 총회등록 | AE91: 한국 | AF91: 한국 | AG91: 서울특별시
A92: 가편성중 | C92: 71 | D92: 00230416-00002 | E92: =SUBTOTAL(103,$U$21:U92) -> 70 | G92: 국내_청년 | H92: 00350330-00206 | I92: 이시우 | J92: 00350330-00206 | K92: 00350330-00206 | L92: x | M92: x | P92: 1구역 | U92: 4청년 | V92: 배병건 | X92: 남 | Y92: 34445 | Z92: =DATEDIF(Y92,TODAY(),"Y") -> 31 | AB92: @philiippok | AC92: 문도 | AD92: 총회등록 | AE92: 한국 | AF92: 우즈베키스탄 | AG92: 아미르테무르
C93: 72 | D93: 00350330-00154 | E93: =SUBTOTAL(103,$U$21:U93) -> 70 | G93: 국내_청년 | H93: 00350330-00205 | I93: 이시우 | J93: 00350330-00205 | K93: 00350330-00205 | L93: x | M93: x | P93: 1구역 | R93: 구역장 | S93: 팀장 | T93: 구역장 | V93: 스미르노바예브게니야 | W93: Смирнова Евгения | X93: 여 | Y93: 33065 | Z93: =DATEDIF(Y93,TODAY(),"Y") -> 35 | AA93: 010-6654-0035 | AB93: @onlyniia | AC93: 문도 | AD93: 총회등록 | AE93: 러시아 | AF93: 한국 | AG93: 서울특별시 | AH93: 중복
C94: 73 | D94: 00301028-00371 | E94: =SUBTOTAL(103,$U$21:U94) -> 71 | F94: 국내성도 | G94: 국내_청년 | H94: 00350330-00205 | I94: 이시우 | J94: 00350330-00205 | K94: 00301028-00371 | L94: 00340624-00331 | M94: x | P94: 2구역 | R94: 임원 | S94: 지역장 | T94: 구역장 | U94: 4청년 | V94: 진실혜 | W94: Чжин Щиль Хе | X94: 여 | Y94: 31978 | Z94: =DATEDIF(Y94,TODAY(),"Y") -> 38 | AA94: 010-2949-9771 | AB94: @NEARandDEAR | AC94: 문도 | AD94: 총회등록 | AE94: 한국 | AF94: 한국 | AG94: 서울특별시
C95: 74 | D95: 00340624-00331 | E95: =SUBTOTAL(103,$U$21:U95) -> 72 | F95: 국내성도 | G95: 국내_청년 | H95: 00350330-00205 | I95: 이시우 | J95: 00350330-00205 | K95: 00301028-00371 | L95: 00340624-00331 | M95: x | P95: 2구역 | R95: 부구역장 | S95: 부구역장 | U95: 4청년 | V95: 한올가 | W95: Хан Ольга | X95: 여 | Y95: 32578 | Z95: =DATEDIF(Y95,TODAY(),"Y") -> 36 | AA95: 010-3012-6255 | AC95: 문도 | AD95: 총회등록 | AE95: 러시아 | AF95: 한국 | AG95: 서울특별시
C96: 75 | D96: 00361105-00044 | E96: =SUBTOTAL(103,$U$21:U96) -> 73 | F96: 국내성도 | G96: 국내_청년 | H96: 00350330-00205 | I96: 이시우 | J96: 00350330-00205 | K96: 00350330-00205 | L96: x | M96: x | P96: 1구역 | T96: 국제부서무 | U96: 4청년 | V96: 이정주 | X96: 여 | Y96: 34867 | Z96: =DATEDIF(Y96,TODAY(),"Y") -> 30 | AA96: 010-4940-5463 | AB96: @satorijei | AC96: 문도 | AD96: 총회등록 | AE96: 일본 | AF96: 한국 | AG96: 서울특별시
C97: 76 | D97: 00291224-00082 | E97: =SUBTOTAL(103,$U$21:U97) -> 74 | F97: 국내성도 | G97: 국내_청년 | H97: 00350330-00205 | I97: 이시우 | J97: 00350330-00205 | K97: 00301028-00371 | L97: 00340624-00331 | M97: x | P97: 2구역 | R97: 기능과 | T97: HWPL | U97: 4청년 | V97: 박지호 | X97: 남 | Y97: 33136 | Z97: =DATEDIF(Y97,TODAY(),"Y") -> 35 | AA97: 010-9057-2977 | AB97: @G1_Alex | AC97: 문도 | AD97: 총회등록 | AE97: 한국 | AF97: 한국 | AG97: 경기도
C98: 77 | D98: 00360829-00137 | E98: =SUBTOTAL(103,$U$21:U98) -> 75 | F98: 국내성도 | G98: 국내_청년 | H98: 00350330-00205 | I98: 이시우 | J98: 00350330-00205 | K98: 00301028-00371 | L98: 00340624-00331 | M98: x | P98: 2구역 | T98: HWPL | U98: 4청년 | V98: 박혜주 | X98: 여 | Y98: 36359 | Z98: =DATEDIF(Y98,TODAY(),"Y") -> 26 | AA98: 010-6419-3607 | AB98: @HyejuPark | AC98: 문도 | AD98: 총회등록 | AE98: 한국 | AF98: 한국 | AG98: 서울특별시 | AK98: 가구역편성
C99: 78 | D99: 00310314-00231 | E99: =SUBTOTAL(103,$U$21:U99) -> 76 | F99: 국내성도 | G99: 국내_청년 | H99: 00350330-00205 | I99: 이시우 | J99: 00350330-00205 | K99: 00301028-00371 | L99: 00340624-00331 | M99: x | P99: 2구역 | R99: 팀장 | S99: 청년회팀장 | T99: 구역장 | U99: 4청년 | V99: 자카르첸코마리야 | W99: Захарченко Мария | X99: 여 | Y99: 34746 | Z99: =DATEDIF(Y99,TODAY(),"Y") -> 30 | AA99: 010-4467-2226 | AB99: @mary_wp | AC99: 문도 | AD99: 총회등록 | AE99: 우크라이나 | AF99: 한국 | AG99: 서울특별시
C100: 79 | D100: 00301028-00336 | E100: =SUBTOTAL(103,$U$21:U100) -> 77 | F100: 국내성도 | G100: 국내_청년 | H100: 00350330-00205 | I100: 이시우 | J100: 00350330-00205 | K100: 00301028-00371 | L100: 00340624-00331 | M100: x | P100: 2구역 | U100: 4청년 | V100: 남마르가리따 | W100: Нам Маргарита | X100: 여 | Y100: 32025 | Z100: =DATEDIF(Y100,TODAY(),"Y") -> 38 | AA100: 010-9291-9908 | AC100: 문도 | AD100: 입교 | AE100: 우즈베키스탄 | AF100: 한국 | AG100: 서울특별시 | AI100: 출결제외해지(2023/03/14) | AK100: 신앙유약
C101: 80 | D101: 00371218-00471 | E101: =SUBTOTAL(103,$U$21:U101) -> 78 | F101: 국내성도 | G101: 국내_청년 | H101: 00350330-00205 | I101: 이시우 | J101: 00350330-00205 | K101: 00301028-00371 | L101: 00340624-00331 | M101: x | P101: 2구역 | U101: 4청년 | V101: 박알리나루슬라노브나 | W101: Пак Алина | X101: 여 | Y101: 37287 | Z101: =DATEDIF(Y101,TODAY(),"Y") -> 24 | AA101: 010-9757-3012 | AC101: 문도 | AD101: 총회등록 | AE101: 카자흐스탄 | AF101: 한국 | AG101: 서울특별시
C102: 81 | D102: 00300725-00026 | E102: =SUBTOTAL(103,$U$21:U102) -> 79 | F102: 러시아(크림공화국) | G102: 크림공화국 | H102: 00300725-00026 | I102: 이다리야A | J102: 00300725-00026 | K102: 00300725-00026 | L102: 00310314-00223 | M102: x | P102: 1구역 | R102: 해외지역강사 | S102: 팀장 | T102: 구역장 | U102: 1자문 | V102: 이다리야A | W102: Ли Дарья(лидер) | X102: 여 | Y102: 18512 | Z102: =DATEDIF(Y102,TODAY(),"Y") -> 75 | AA102: 7-978-604-30-83 | AB102: @Dariya0609 | AC102: 집사 | AD102: 총회등록 | AE102: 러시아 | AF102: 러시아(크림) | AG102: 크림반도 옥탸브리스크
C103: 82 | D103: 00310314-00223 | E103: =SUBTOTAL(103,$U$21:U103) -> 80 | F103: 러시아(크림공화국) | G103: 크림공화국 | H103: 00300725-00026 | I103: 이다리야A | J103: 00300725-00026 | K103: 00300725-00026 | L103: 00310314-00223 | M103: x | P103: 1구역 | R103: 구역장 | S103: 새신자구역장 | T103: 부구역장 | U103: 1자문 | V103: 우사초브빅토르 | W103: Усачев Виктор | X103: 남 | Y103: 19232 | Z103: =DATEDIF(Y103,TODAY(),"Y") -> 73 | AA103: 38)066-167-5845/7978-745-06-30 | AB103: @vikcrimea | AC103: 집사 | AD103: 총회등록 | AE103: 러시아 | AF103: 러시아(크림) | AG103: 크림반도 옥탸브리스크
C104: 83 | D104: 00310314-00224 | E104: =SUBTOTAL(103,$U$21:U104) -> 81 | F104: 러시아(크림공화국) | G104: 크림공화국 | H104: 00300725-00026 | I104: 이다리야A | J104: 00300725-00026 | K104: 00300725-00026 | L104: 00310314-00223 | M104: x | P104: 1구역 | R104: 구역장 | S104: 새신자구역장 | U104: 1자문 | V104: 모르구노바올가 | W104: Моргунова Ольга | X104: 여 | Y104: 19598 | Z104: =DATEDIF(Y104,TODAY(),"Y") -> 72 | AA104: 7978-801-61-93 | AB104: @Omore70 | AC104: 집사 | AD104: 총회등록 | AE104: 러시아 | AF104: 러시아(크림) | AG104: 크림반도 얄타
C105: 84 | D105: 00371218-00464 | E105: =SUBTOTAL(103,$U$21:U105) -> 82 | F105: 러시아(크림공화국) | G105: 크림공화국 | H105: 00300725-00026 | I105: 이다리야A | J105: 00300725-00026 | K105: 00300725-00026 | L105: 00310314-00223 | M105: x | P105: 1구역 | R105: 구역장 | S105: 새신자구역장 | U105: 2장년 | V105: 셰르바코프드미트리발레리예비치 | W105: Щербаков Дмитрий | X105: 남 | Y105: 31834 | Z105: =DATEDIF(Y105,TODAY(),"Y") -> 38 | AA105: 7978-013-80-16 | AB105: @pilegrim2020 | AC105: 집사 | AD105: 총회등록 | AE105: 러시아 | AF105: 러시아(크림) | AG105: 예이스크
C106: 85 | D106: 00310314-00225 | E106: =SUBTOTAL(103,$U$21:U106) -> 83 | F106: 러시아(크림공화국) | G106: 크림공화국 | H106: 00300725-00026 | I106: 이다리야A | J106: 00300725-00026 | K106: 00300725-00026 | L106: 00310314-00223 | M106: x | P106: 1구역 | R106: 팀장 | S106: 새신자팀장 | U106: 1자문 | V106: 최타이시아 | W106: Цой Таисия | X106: 여 | Y106: 20283 | Z106: =DATEDIF(Y106,TODAY(),"Y") -> 70 | AA106: 7978-940-32-85 | AB106: @TaisiaTcoj | AC106: 집사 | AD106: 총회등록 | AE106: 러시아 | AF106: 러시아(크림) | AG106: 크림반도 옥탸브리스크
C107: 86 | D107: 00361031-00504 | E107: =SUBTOTAL(103,$U$21:U107) -> 84 | F107: 러시아(크림공화국) | G107: 크림공화국 | H107: 00300725-00026 | I107: 이다리야A | J107: 00300725-00026 | K107: 00300725-00026 | L107: 00310314-00223 | M107: x | P107: 1구역 | R107: 팀장 | S107: 새신자팀장 | U107: 3부녀 | V107: 셰르바코바아나스타시야 | W107: Щербакова Анастасия | X107: 여 | Y107: 29437 | Z107: =DATEDIF(Y107,TODAY(),"Y") -> 45 | AA107: 7-978-816-63-53 | AB107: @nashe80 | AC107: 집사 | AD107: 총회등록 | AE107: 러시아 | AF107: 러시아(크림) | AG107: 크림반도 얄타
C108: 87 | D108: 00340624-00329 | E108: =SUBTOTAL(103,$U$21:U108) -> 85 | F108: 러시아(크림공화국) | G108: 크림공화국 | H108: 00300725-00026 | I108: 이다리야A | J108: 00300725-00026 | K108: 00300725-00026 | L108: 00310314-00223 | M108: x | P108: 1구역 | R108: 구역장 | S108: 새신자구역장 | U108: 3부녀 | V108: 실리나나탈리야 | W108: Силина Наталья | X108: 여 | Y108: 29090 | Z108: =DATEDIF(Y108,TODAY(),"Y") -> 46 | AA108: 7978-565-78-36 | AB108: @niknatz | AC108: 집사 | AD108: 총회등록 | AE108: 러시아 | AF108: 러시아(크림) | AG108: 크림반도 얄타
C109: 88 | D109: 00330526-00003 | E109: =SUBTOTAL(103,$U$21:U109) -> 86 | F109: 러시아(크림공화국) | G109: 크림공화국 | H109: 00300725-00026 | I109: 이다리야A | J109: 00300725-00026 | K109: 00300725-00026 | L109: 00310314-00223 | M109: x | P109: 1구역 | R109: 구역장 | S109: 새신자구역장 | U109: 3부녀 | V109: 셀륜안토니나 | W109: Селюн Антонина | X109: 여 | Y109: 24204 | Z109: =DATEDIF(Y109,TODAY(),"Y") -> 59 | AA109: 7978-968-15-02 | AB109: @Selyuntonya | AC109: 집사 | AD109: 총회등록 | AE109: 러시아 | AF109: 러시아(크림) | AG109: 크림반도 옥탸브리스크
C110: 89 | D110: 00360423-00594 | E110: =SUBTOTAL(103,$U$21:U110) -> 87 | F110: 러시아(크림공화국) | G110: 크림공화국 | H110: 00300725-00026 | I110: 이다리야A | J110: 00300725-00026 | K110: 00300725-00026 | L110: 00310314-00223 | M110: x | P110: 1구역 | R110: 구역장 | S110: 새신자구역장 | U110: 3부녀 | V110: 페트리쉬나타티아나 | W110: Петришина Татьяна | X110: 여 | Y110: 25307 | Z110: =DATEDIF(Y110,TODAY(),"Y") -> 56 | AA110: 7978-509-07-52 | AB110: @Petrishina69 | AC110: 집사 | AD110: 총회등록 | AE110: 러시아 | AF110: 러시아(크림) | AG110: 크림반도 옥탸브리스크
C111: 90 | D111: 00360423-00591 | E111: =SUBTOTAL(103,$U$21:U111) -> 88 | F111: 러시아(크림공화국) | G111: 크림공화국 | H111: 00300725-00026 | I111: 이다리야A | J111: 00300725-00026 | K111: 00360423-00591 | L111: 00371218-00452 | P111: 2구역 | R111: 구역장 | S111: 구역장 | U111: 1자문 | V111: 칸니베츠류드밀라 | W111: Канивец Людмила | X111: 여 | Y111: 18745 | Z111: =DATEDIF(Y111,TODAY(),"Y") -> 74 | AA111: 7978-778-74-31 | AB111: @Varvara-8 | AC111: 집사 | AD111: 총회등록 | AE111: 러시아 | AF111: 러시아(크림) | AG111: 크림반도 옥탸브리스크
C112: 91 | D112: 00371218-00452 | E112: =SUBTOTAL(103,$U$21:U112) -> 89 | F112: 러시아(크림공화국) | G112: 크림공화국 | H112: 00300725-00026 | I112: 이다리야A | J112: 00300725-00026 | K112: 00360423-00591 | L112: 00371218-00452 | P112: 2구역 | R112: 부구역장 | S112: 부구역장 | U112: 1자문 | V112: 사모쉬키나이리나니콜라예브나 | W112: Самошкина Ирина Николаевна | X112: 여 | Y112: 18004 | Z112: =DATEDIF(Y112,TODAY(),"Y") -> 76 | AA112: 7978-760-75-02 | AB112: @VvSs49 | AC112: 집사 | AD112: 총회등록 | AE112: 러시아 | AF112: 러시아(크림) | AG112: 크림반도 얄타
...

Sheet 42.3월(조직개편전) 취합마스터파일
A1: 7285
AF2: 국가별 지역 관할
AF3: 러시아 | AG3: 사할린
AG4: 사하공화국 (야쿠티야),야쿠츠크
AF7: 카자흐스탄 | AG7: 아스타나
AG8: 카라간다
AF11: 해외개척지역 | AG11: 벨라루스,폴란드,루마니아
C19: 642 | D19: 총인원 | E19: =SUBTOTAL(103,$F$21:F710) -> 642
C20: 번호 | D20: 고유번호 | E20: 인원수 | F20: 지역 | G20: 팀 | H20: 지역총괄팀장 | I20: 담당팀장 | J20: 팀장 | K20: 구역장 | L20: 부구역장(1) | M20: 부구역장(2) | N20: 부구역장(3) | O20: 부구역장(4) | P20: 구역 | Q20: 새신자 | R20: 행정직책 | S20: 직책 | T20: 겸직 | U20: 부서 | V20: 이름(KR) | W20: 이름(RU) | X20: 성별 | Y20: 생년월일 | Z20: (만)나이 | AA20: 전화번호 | AB20: 텔레사용자명 | AC20: 직분 | AD20: 등록상태 | AE20: 국적 | AF20: 국가 | AG20: 도시명 | AH20: 출결 여부 | AI20: 사유/기간 | AJ20: 센터기수 | AK20: 기타사항 | AL20: 체크 | AM20: 체크2
C21: 1 | D21: 00360527-00006 | E21: =SUBTOTAL(103,$U$21:U21) -> 1 | F21: 국내성도 | G21: 국내_장년 | H21: 00350330-00205 | I21: 김세진 | J21: 00360527-00006 | K21: 00360830-00345 | L21: x | M21: x | P21: 1구역 | R21: 팀장 | S21: 국내총괄팀장 | T21: 구역장 | U21: 2장년 | V21: 김세진 | W21: Ким Сергей | X21: 남 | Y21: 32431 | Z21: =DATEDIF(Y21,TODAY(),"Y") -> 37 | AA21: 010-6640-3437 | AB21: @execute25 | AC21: 집사 | AD21: 총회등록 | AE21: 우즈베키스탄/한국(국적취득) | AF21: 한국 | AG21: 서울특별시
C22: 2 | D22: 00360830-00345 | E22: =SUBTOTAL(103,$U$21:U22) -> 2 | F22: 국내성도 | G22: 국내_장년 | H22: 00350330-00205 | I22: 김세진 | J22: 00360527-00006 | K22: 00360830-00345 | L22: x | M22: x | P22: 1구역 | R22: 구역장 | S22: 구역장 | U22: 2장년 | V22: 허드미트리 | W22: Хе Дмитрий | X22: 남 | Y22: 32370 | Z22: =DATEDIF(Y22,TODAY(),"Y") -> 37 | AA22: 010-9575-8815 | AB22: @Dmitriyhe | AC22: 집사 | AD22: 총회등록 | AE22: 우즈베키스탄 | AF22: 한국 | AG22: 서울특별시
C23: 3 | D23: 00291129-00211 | E23: =SUBTOTAL(103,$U$21:U23) -> 3 | F23: 해외개척 | G23: 국내_장년 | H23: 00350330-00205 | I23: 김세진 | J23: 00360527-00006 | K23: 00360830-00345 | L23: x | M23: x | P23: 1구역 | U23: 2장년 | V23: 김에두아르드 | W23: Ким Эдуард | X23: 남 | Y23: 29900 | Z23: =DATEDIF(Y23,TODAY(),"Y") -> 44 | AA23: 010-2426-2496/(1(506)-898-3709) | AC23: 집사 | AD23: 총회등록 | AE23: 우크라이나 | AF23: 캐나다 | AG23: 프레더릭턴
C24: 4 | D24: 00360830-00344 | E24: =SUBTOTAL(103,$U$21:U24) -> 4 | F24: 국내성도 | G24: 국내_장년 | H24: 00350330-00205 | I24: 김세진 | J24: 00360527-00006 | K24: 00360830-00345 | L24: x | M24: x | P24: 1구역 | U24: 2장년 | V24: 이드미트리 | W24: Ли Дмитрий | X24: 남 | Y24: 32279 | Z24: =DATEDIF(Y24,TODAY(),"Y") -> 37 | AA24: 010-2351-0933 | AC24: 집사 | AD24: 총회등록 | AE24: 우즈베키스탄 | AF24: 한국 | AG24: 서울특별시
C25: 5 | D25: 00320813-00008 | E25: =SUBTOTAL(103,$U$21:U25) -> 5 | F25: 국내성도 | G25: 국내_장년 | H25: 00350330-00205 | I25: 김세진 | J25: 00360527-00006 | K25: 00360830-00345 | L25: x | M25: x | P25: 1구역 | U25: 2장년 | V25: 박뱌체슬라브 | W25: Пак Вячеслав | X25: 남 | Y25: 31456 | Z25: =DATEDIF(Y25,TODAY(),"Y") -> 39 | AA25: 010-4374-0713 | AC25: 집사 | AD25: 총회등록 | AE25: 우즈베키스탄 | AF25: 한국 | AG25: 서울특별시
C26: 6 | D26: 00371218-00469 | E26: =SUBTOTAL(103,$U$21:U26) -> 6 | F26: 국내성도 | G26: 국내_장년 | H26: 00350330-00205 | I26: 김세진 | J26: 00360527-00006 | K26: 00360830-00345 | L26: x | M26: x | P26: 1구역 | U26: 2장년 | V26: 한세묜세묘노비치 | W26: Хан Семён | X26: 남 | Y26: 33599 | Z26: =DATEDIF(Y26,TODAY(),"Y") -> 34 | AA26: 010-8433-2802 | AC26: 집사 | AD26: 총회등록 | AE26: 우즈베키스탄 | AF26: 한국 | AG26: 서울특별시
C27: 7 | D27: 00360810-00494 | E27: =SUBTOTAL(103,$U$21:U27) -> 7 | F27: 국내성도 | G27: 국내_장년 | H27: 00350330-00205 | I27: 김세진 | J27: 00360527-00006 | K27: 00360830-00345 | L27: x | M27: x | P27: 1구역 | U27: 2장년 | V27: 오가이디미트리 | W27: Огай Дмитрий | X27: 남 | Y27: 31780 | Z27: =DATEDIF(Y27,TODAY(),"Y") -> 39 | AA27: 010-4333-4896 | AC27: 집사 | AD27: 총회등록 | AE27: 우즈베키스탄 | AF27: 한국 | AG27: 전라남도
C28: 8 | D28: 00371217-01048 | E28: =SUBTOTAL(103,$U$21:U28) -> 8 | F28: 국내성도 | G28: 국내_장년 | H28: 00350330-00205 | I28: 김세진 | J28: 00360527-00006 | K28: 00360830-00345 | L28: x | M28: x | P28: 1구역 | R28: 팀장 | S28: 새신자팀장 | T28: 구역장 | U28: 2장년 | V28: 강블라디미르파블로비치 | W28: Кан Владимир | X28: 남 | Y28: 33031 | Z28: =DATEDIF(Y28,TODAY(),"Y") -> 35 | AA28: 010-5820-6557 | AC28: 집사 | AD28: 총회등록 | AE28: 러시아 | AF28: 한국 | AG28: 서울특별시
C29: 9 | D29: 00390826-00075 | E29: =SUBTOTAL(103,$U$21:U29) -> 9 | F29: 국내성도 | G29: 국내_청년 | H29: 00350330-00205 | I29: 김세진 | J29: 00360527-00006 | K29: 00390826-00075 | L29: x | M29: x | P29: 2구역 | R29: 구역장 | S29: 구역장 | U29: 4청년 | V29: 김세르게이발레리예비치 | W29: Ким Сергей Валерьевич | X29: 남 | Y29: 32305 | Z29: =DATEDIF(Y29,TODAY(),"Y") -> 37 | AA29: 010-8441-1728 | AB29: @k_i_m_sergey | AC29: 문도 | AD29: 총회등록 | AE29: 러시아 | AF29: 한국 | AG29: 경기도 | AJ29: 147-1기
C30: 10 | D30: 00311023-00027 | E30: =SUBTOTAL(103,$U$21:U30) -> 10 | F30: 국내성도 | G30: 국내_청년 | H30: 00350330-00205 | I30: 김세진 | J30: 00360527-00006 | K30: 00390826-00075 | L30: x | M30: x | P30: 2구역 | U30: 4청년 | V30: 주유리 | W30: Дю Юрий | X30: 남 | Y30: 32377 | Z30: =DATEDIF(Y30,TODAY(),"Y") -> 37 | AA30: 010-3141-8193 | AC30: 문도 | AD30: 총회등록 | AE30: 러시아 | AF30: 한국 | AG30: 서울특별시
C31: 11 | D31: 00390826-00117 | E31: =SUBTOTAL(103,$U$21:U31) -> 11 | F31: 국내성도 | G31: 국내_청년 | H31: 00350330-00205 | I31: 김세진 | J31: 00360527-00006 | K31: 00390826-00075 | L31: x | M31: x | P31: 2구역 | U31: 4청년 | V31: 손이고르아루투로비치 | W31: Сон Игорь Артурович | X31: 남 | Y31: 36739 | Z31: =DATEDIF(Y31,TODAY(),"Y") -> 25 | AA31: 010-97112243 | AC31: 성도 | AD31: 총회등록 | AE31: 우즈베키스탄 | AF31: 한국 | AG31: 서울특별시 | AJ31: 147-4기
C32: 12 | D32: 00360830-00347 | E32: =SUBTOTAL(103,$U$21:U32) -> 12 | F32: 국내성도 | G32: 국내_청년 | H32: 00350330-00205 | I32: 김세진 | J32: 00360527-00006 | K32: 00390826-00075 | L32: x | M32: x | P32: 2구역 | U32: 4청년 | V32: 강파벨 | W32: Кан Павел | X32: 남 | Y32: 33538 | Z32: =DATEDIF(Y32,TODAY(),"Y") -> 34 | AA32: 010-5552-2710 | AC32: 성도 | AD32: 교회등록 | AE32: 카자흐스탄 | AF32: 한국 | AG32: 경상북도 | AI32: 출결제외해지(2025/3/1) | AK32: 신앙유약
C33: 13 | D33: 00400227-01416 | E33: =SUBTOTAL(103,$U$21:U33) -> 13 | F33: 국내성도 | G33: 국내_청년 | H33: 00350330-00205 | I33: 김세진 | J33: 00360527-00006 | K33: 00390826-00075 | L33: x | M33: x | P33: 2구역 | U33: 4청년 | V33: 김예브게니알렉산드로비치 | W33: Ким Евгений Александрович | X33: 남 | Y33: 33400 | Z33: =DATEDIF(Y33,TODAY(),"Y") -> 34 | AA33: 7-747-455-6934 | AC33: 성도 | AD33: 입교 | AE33: 카자흐스탄 | AF33: 카자흐스탄 | AG33: 알마티 | AI33: 출결제외해지(2025/3/1) | AJ33: 149-1기 | AK33: 신앙유약
C34: 14 | D34: 00261225-00087 | E34: =SUBTOTAL(103,$U$21:U34) -> 14 | F34: 국내성도 | G34: 국내_부녀 | H34: 00350330-00205 | I34: 차소연 | J34: 00341026-00033 | K34: 00290520-00027 | L34: 00290520-00027 | M34: x | P34: 1구역 | U34: 3부녀 | V34: 최승미 | W34: Цой Виктория(ЦойСынгМи) | X34: 여 | Y34: 31249 | Z34: =DATEDIF(Y34,TODAY(),"Y") -> 40 | AA34: 010-8921-3985 | AB34: @victoriachoi8 | AC34: 집사 | AD34: 총회등록 | AE34: 우즈베키스탄 | AF34: 한국 | AG34: 서울특별시
C35: 15 | D35: 00290520-00027 | E35: =SUBTOTAL(103,$U$21:U35) -> 15 | F35: 국내성도 | G35: 국내_부녀 | H35: 00350330-00205 | I35: 차소연 | J35: 00341026-00033 | K35: 00290520-00027 | L35: 00290520-00027 | M35: x | P35: 1구역 | R35: 부구역장 | S35: 부구역장 | U35: 3부녀 | V35: 정갈리나 | W35: Тен Галина | X35: 여 | Y35: 29183 | Z35: =DATEDIF(Y35,TODAY(),"Y") -> 46 | AA35: 010-5329-6884 | AB35: @Galina10j | AC35: 집사 | AD35: 총회등록 | AE35: 카자흐스탄 | AF35: 한국 | AG35: 서울특별시
C36: 16 | D36: 00361031-00487 | E36: =SUBTOTAL(103,$U$21:U36) -> 16 | F36: 국내성도 | G36: 국내_부녀 | H36: 00350330-00205 | I36: 차소연 | J36: 00341026-00033 | K36: 00290520-00027 | L36: 00290520-00027 | M36: x | P36: 1구역 | U36: 3부녀 | V36: 최릴리야 | W36: Цой Лилия | X36: 여 | Y36: 33815 | Z36: =DATEDIF(Y36,TODAY(),"Y") -> 33 | AA36: 010-7550-5848 | AC36: 집사 | AD36: 총회등록 | AE36: 우즈베키스탄 | AF36: 한국 | AG36: 인천광역시
C37: 17 | D37: 00311023-00028 | E37: =SUBTOTAL(103,$U$21:U37) -> 17 | F37: 국내성도 | G37: 국내_부녀 | H37: 00350330-00205 | I37: 차소연 | J37: 00341026-00033 | K37: 00290520-00027 | L37: 00290520-00027 | M37: x | P37: 1구역 | U37: 3부녀 | V37: 박옐레나 | W37: Пак Елена | X37: 여 | Y37: 32547 | Z37: =DATEDIF(Y37,TODAY(),"Y") -> 36 | AA37: 010-5615-2266 | AC37: 집사 | AD37: 총회등록 | AE37: 우즈베키스탄 | AF37: 한국 | AG37: 경기도
C38: 18 | D38: 00280508-00022 | E38: =SUBTOTAL(103,$U$21:U38) -> 18 | F38: 국내성도 | G38: 국내_부녀 | H38: 00350330-00205 | I38: 차소연 | J38: 00341026-00033 | K38: 00290520-00027 | L38: 00290520-00027 | M38: x | P38: 1구역 | U38: 3부녀 | V38: 엘리나바투크흐티나 | W38: Батухтина Элина | X38: 여 | Y38: 31504 | Z38: =DATEDIF(Y38,TODAY(),"Y") -> 39 | AA38: 010-4593-5238 | AC38: 문도 | AD38: 총회등록 | AE38: 우크라이나 | AF38: 한국 | AG38: 서울특별시 | AI38: 출결제외해지(2025/3/1) | AK38: 신앙유약
C39: 19 | D39: 00360830-00346 | E39: =SUBTOTAL(103,$U$21:U39) -> 19 | F39: 국내성도 | G39: 국내_부녀 | H39: 00350330-00205 | I39: 차소연 | J39: 00341026-00033 | K39: 00360830-00346 | L39: 00350330-00153 | M39: x | P39: 2구역 | R39: 구역장 | S39: 구역장 | U39: 3부녀 | V39: 김예카테리나 | W39: Ким Екатерина | X39: 여 | Y39: 33312 | Z39: =DATEDIF(Y39,TODAY(),"Y") -> 34 | AA39: 010-5877-6557 | AB39: @Rina_Kim_1 | AC39: 집사 | AD39: 총회등록 | AE39: 우즈베키스탄 | AF39: 한국 | AG39: 서울특별시
C40: 20 | D40: 00350330-00153 | E40: =SUBTOTAL(103,$U$21:U40) -> 20 | F40: 국내성도 | G40: 국내_부녀 | H40: 00350330-00205 | I40: 차소연 | J40: 00341026-00033 | K40: 00360830-00346 | L40: 00350330-00153 | M40: x | P40: 2구역 | R40: 부구역장 | S40: 부구역장 | U40: 3부녀 | V40: 문발레리야 | W40: Мун Валерия | X40: 여 | Y40: 32771 | Z40: =DATEDIF(Y40,TODAY(),"Y") -> 36 | AA40: 010-7296-2009 | AC40: 집사 | AD40: 총회등록 | AE40: 카자흐스탄 | AF40: 한국 | AG40: 서울특별시
C41: 21 | D41: 00371217-01047 | E41: =SUBTOTAL(103,$U$21:U41) -> 21 | F41: 국내성도 | G41: 국내_부녀 | H41: 00350330-00205 | I41: 차소연 | J41: 00341026-00033 | K41: 00360830-00346 | L41: 00350330-00153 | M41: x | P41: 2구역 | R41: 팀장 | S41: 새신자팀장 | T41: 구역장 | U41: 3부녀 | V41: 칸타코바안나일리니치나 | W41: Кантакова Анна | X41: 여 | Y41: 31722 | Z41: =DATEDIF(Y41,TODAY(),"Y") -> 39 | AA41: 010-2887-6167 | AB41: @annakantakova | AC41: 집사 | AD41: 총회등록 | AE41: 러시아 | AF41: 한국 | AG41: 서울특별시
C42: 22 | D42: 00340624-00330 | E42: =SUBTOTAL(103,$U$21:U42) -> 22 | F42: 국내성도 | G42: 국내_부녀 | H42: 00350330-00205 | I42: 차소연 | J42: 00341026-00033 | K42: 00360830-00346 | L42: 00350330-00153 | M42: x | P42: 2구역 | U42: 3부녀 | V42: 최유나 | W42: Цой Ольга | X42: 여 | Y42: 31062 | Z42: =DATEDIF(Y42,TODAY(),"Y") -> 41 | AA42: 010-2570-6278 | AC42: 집사 | AD42: 총회등록 | AE42: 한국 | AF42: 한국 | AG42: 서울특별시
C43: 23 | D43: 00270903-00002 | E43: =SUBTOTAL(103,$U$21:U43) -> 23 | F43: 국내성도 | G43: 국내_부녀 | H43: 00350330-00205 | I43: 차소연 | J43: 00341026-00033 | K43: 00360830-00346 | L43: 00350330-00153 | M43: x | P43: 2구역 | U43: 3부녀 | V43: 정류드밀라 | W43: Тен Людмила | X43: 여 | Y43: 30208 | Z43: =DATEDIF(Y43,TODAY(),"Y") -> 43 | AA43: 010-7624-7907 | AC43: 집사 | AD43: 총회등록 | AE43: 카자흐스탄 | AF43: 한국 | AG43: 서울특별시
C44: 24 | D44: 00310314-00227 | E44: =SUBTOTAL(103,$U$21:U44) -> 24 | F44: 국내성도 | G44: 국내_부녀 | H44: 00350330-00205 | I44: 차소연 | J44: 00341026-00033 | K44: 00360830-00346 | L44: 00350330-00153 | M44: x | P44: 2구역 | U44: 3부녀 | V44: 한옐레나 | W44: Хан Елена | X44: 여 | Y44: 31075 | Z44: =DATEDIF(Y44,TODAY(),"Y") -> 41 | AA44: 010-8285-1011 | AC44: 집사 | AD44: 총회등록 | AE44: 러시아 | AF44: 한국 | AG44: 서울특별시 | AI44: 출결제외해지(2025/3/1) | AK44: 신앙유약
C45: 25 | D45: 00320813-00009 | E45: =SUBTOTAL(103,$U$21:U45) -> 25 | F45: 국내성도 | G45: 국내_부녀 | H45: 00350330-00205 | I45: 차소연 | J45: 00341026-00033 | K45: 00360830-00346 | L45: 00350330-00153 | M45: x | P45: 2구역 | U45: 3부녀 | V45: 이다리야B | W45: Ли Дарья | X45: 여 | Y45: 31736 | Z45: =DATEDIF(Y45,TODAY(),"Y") -> 39 | AA45: 010-4045-1523 | AC45: 문도 | AD45: 총회등록 | AE45: 우즈베키스탄 | AF45: 한국 | AG45: 서울특별시 | AI45: 출결제외해지(2025/3/1) | AK45: 신앙유약
C46: 26 | D46: 00341026-00033 | E46: =SUBTOTAL(103,$U$21:U46) -> 26 | F46: 국내성도 | G46: 국내_부녀 | H46: 00350330-00205 | I46: 차소연 | J46: 00341026-00033 | K46: 00341026-00033 | L46: 00270104-00035 | M46: 00371218-00466 | P46: 3구역 | R46: 구역장 | S46: 팀장 | T46: 구역장 | U46: 3부녀 | V46: 차소연 | W46: Ча Лариса | X46: 여 | Y46: 30625 | Z46: =DATEDIF(Y46,TODAY(),"Y") -> 42 | AA46: 010-2882-8927 | AB46: @soyeon_83 | AC46: 집사 | AD46: 총회등록 | AE46: 한국 | AF46: 한국 | AG46: 전라남도
C47: 27 | D47: 00270104-00035 | E47: =SUBTOTAL(103,$U$21:U47) -> 27 | F47: 국내성도 | G47: 국내_부녀 | H47: 00350330-00205 | I47: 차소연 | J47: 00341026-00033 | K47: 00341026-00033 | L47: 00270104-00035 | M47: 00371218-00466 | P47: 3구역 | R47: 부구역장 | S47: 부구역장 | U47: 3부녀 | V47: 굴나라사드코바 | W47: Садыкова Гульнара | X47: 여 | Y47: 30935 | Z47: =DATEDIF(Y47,TODAY(),"Y") -> 41 | AA47: 010-6406-8815 | AB47: @Nara_Seoul | AC47: 집사 | AD47: 총회등록 | AE47: 키르기스스탄 | AF47: 한국 | AG47: 서울특별시
C48: 28 | D48: 00371218-00466 | E48: =SUBTOTAL(103,$U$21:U48) -> 28 | F48: 국내성도 | G48: 국내_부녀 | H48: 00350330-00205 | I48: 차소연 | J48: 00341026-00033 | K48: 00341026-00033 | L48: 00270104-00035 | M48: 00371218-00466 | P48: 3구역 | R48: 부구역장 | S48: 부구역장 | U48: 3부녀 | V48: 이이리나라디오노브나 | W48: Ли Ирина | X48: 여 | Y48: 33662 | Z48: =DATEDIF(Y48,TODAY(),"Y") -> 33 | AA48: 010-2394-2802 | AC48: 집사 | AD48: 총회등록 | AE48: 우즈베키스탄 | AF48: 한국 | AG48: 서울특별시
C49: 29 | D49: 00371218-00453 | E49: =SUBTOTAL(103,$U$21:U49) -> 29 | F49: 국내성도 | G49: 국내_부녀 | H49: 00350330-00205 | I49: 차소연 | J49: 00341026-00033 | K49: 00341026-00033 | L49: 00270104-00035 | M49: 00371218-00466 | P49: 3구역 | U49: 1자문 | V49: 김류드밀라 | W49: Ким Людмила | X49: 여 | Y49: 18173 | Z49: =DATEDIF(Y49,TODAY(),"Y") -> 76 | AA49: 010-9692-4972 | AC49: 성도 | AD49: 총회등록 | AE49: 우즈베키스탄 | AF49: 한국 | AG49: 경기도
C50: 30 | D50: 00350330-00148 | E50: =SUBTOTAL(103,$U$21:U50) -> 30 | F50: 국내성도 | G50: 국내_부녀 | H50: 00350330-00205 | I50: 차소연 | J50: 00341026-00033 | K50: 00341026-00033 | L50: 00270104-00035 | M50: 00371218-00466 | P50: 3구역 | U50: 3부녀 | V50: 주숙자 | W50: Дю Светлана | X50: 여 | Y50: 21465 | Z50: =DATEDIF(Y50,TODAY(),"Y") -> 67 | AA50: 010-5567-8193 | AC50: 집사 | AD50: 총회등록 | AE50: 러시아 | AF50: 한국 | AG50: 서울특별시
C51: 31 | D51: 00390826-00066 | E51: =SUBTOTAL(103,$U$21:U51) -> 31 | F51: 국내성도 | G51: 국내_부녀 | H51: 00350330-00205 | I51: 차소연 | J51: 00341026-00033 | K51: 00341026-00033 | L51: 00270104-00035 | M51: 00371218-00466 | P51: 3구역 | U51: 3부녀 | V51: 박이리나빅토로브나 | W51: Пак Ирина Викторовна | X51: 여 | Y51: 24988 | Z51: =DATEDIF(Y51,TODAY(),"Y") -> 57 | AA51: 010-5201-5526 | AB51: @ari2822 | AC51: 성도 | AD51: 교회등록 | AE51: 키르기스스탄 | AF51: 한국 | AG51: 충청북도 | AJ51: 147-1기
C52: 32 | D52: 00390826-00069 | E52: =SUBTOTAL(103,$U$21:U52) -> 32 | F52: 국내성도 | G52: 국내_부녀 | H52: 00350330-00205 | I52: 차소연 | J52: 00341026-00033 | K52: 00341026-00033 | L52: 00270104-00035 | M52: 00371218-00466 | P52: 3구역 | U52: 3부녀 | V52: 이소피야 | W52: Ли София (LISOFIIA) | X52: 여 | Y52: 25896 | Z52: =DATEDIF(Y52,TODAY(),"Y") -> 55 | AA52: 010-8205-9722 | AC52: 성도 | AD52: 총회등록 | AE52: 키르기스스탄 | AF52: 한국 | AG52: 인천광역시 | AJ52: 147-1기
C53: 33 | D53: 00410325-00429 | E53: =SUBTOTAL(103,$U$21:U53) -> 33 | F53: 우즈베키스탄(타슈켄트) | G53: 국내_부녀 | H53: 00350330-00205 | I53: 차소연 | J53: 00341026-00033 | K53: 00341026-00033 | L53: 00270104-00035 | M53: 00371218-00466 | P53: 3구역 | Q53: 새신자 | U53: 1자문 | V53: 박인가니콜라예브나 | W53: PAK IN-GA NIKOLAYEVNA | X53: 여 | Y53: 19444 | Z53: =DATEDIF(Y53,TODAY(),"Y") -> 72 | AA53: 010-9589-6878 | AC53: 성도 | AD53: 입교 | AE53: 우즈베키스탄 | AF53: 한국 | AG53: 광주 | AJ53: 153-5기
C54: 34 | D54: 00410325-00430 | E54: =SUBTOTAL(103,$U$21:U54) -> 34 | F54: 국내성도 | G54: 국내_부녀 | H54: 00350330-00205 | I54: 차소연 | J54: 00341026-00033 | K54: 00341026-00033 | L54: 00270104-00035 | M54: 00371218-00466 | P54: 3구역 | Q54: 새신자 | U54: 3부녀 | V54: 출리나율리야그리고리예브나 | W54: Чулина Юлия Григорьевна | X54: 여 | Y54: 35278 | Z54: =DATEDIF(Y54,TODAY(),"Y") -> 29 | AA54: 010-8441-1321 | AC54: 성도 | AD54: 교회등록 | AE54: 러시아 | AF54: 한국 | AG54: 군산 | AJ54: 153-5기
C55: 35 | D55: 00400227-01414 | E55: =SUBTOTAL(103,$U$21:U55) -> 35 | F55: 국내성도 | G55: 국내_부녀 | H55: 00350330-00205 | I55: 차소연 | J55: 00341026-00033 | K55: 00341026-00033 | L55: 00270104-00035 | M55: 00371218-00466 | P55: 3구역 | U55: 4청년 | V55: 리알렉시나블라딜레노브나 | W55: Ли Алексина Владиленовна | X55: 여 | Y55: 33012 | Z55: =DATEDIF(Y55,TODAY(),"Y") -> 35 | AA55: 010-4244-3010 | AC55: 성도 | AD55: 교회등록 | AE55: 카자흐스탄 | AF55: 한국 | AJ55: 149-1기
C56: 36 | D56: 00400819-00001 | E56: =SUBTOTAL(103,$U$21:U56) -> 36 | F56: 국내성도 | G56: 국내_부녀 | H56: 00350330-00205 | I56: 차소연 | J56: 00341026-00033 | K56: 00341026-00033 | L56: 00270104-00035 | M56: 00371218-00466 | P56: 3구역 | U56: 3부녀 | V56: 두드키나스베틀라나미하일로브나 | W56: ДУДКИНА СВЕТЛАНА МИХАЙЛОВНА | X56: 여 | Y56: 22442 | Z56: =DATEDIF(Y56,TODAY(),"Y") -> 64 | AA56: 010-2213-7839 | AC56: 성도 | AD56: 입교 | AE56: 러시아 | AF56: 한국 | AG56: 경기도 | AI56: 출결제외해지(2025/3/1) | AJ56: 151-1기 | AK56: 신앙유약
C57: 37 | D57: 00400227-01392 | E57: =SUBTOTAL(103,$U$21:U57) -> 37 | F57: 국내성도 | G57: 국내_부녀 | H57: 00350330-00205 | I57: 차소연 | J57: 00341026-00033 | K57: 00341026-00033 | L57: 00270104-00035 | M57: 00371218-00466 | P57: 3구역 | U57: 3부녀 | V57: 리스베틀라나아나톨리예브나 | W57: Ли Светлана Анатольевна | X57: 여 | Y57: 23079 | Z57: =DATEDIF(Y57,TODAY(),"Y") -> 62 | AA57: 010-2117-9127 | AC57: 성도 | AD57: 입교 | AE57: 카자흐스탄 | AF57: 한국 | AG57: 경기도 | AI57: 출결제외해지(2025/3/1) | AJ57: 149-1기 | AK57: 신앙유약
C58: 38 | D58: 00400530-00093 | E58: =SUBTOTAL(103,$U$21:U58) -> 38 | F58: 국내성도 | G58: 국내_부녀 | H58: 00350330-00205 | I58: 차소연 | J58: 00341026-00033 | K58: 00341026-00033 | L58: 00270104-00035 | M58: 00371218-00466 | P58: 3구역 | U58: 1자문 | V58: 이림마니콜라예브나 | W58: Ли Римма Николаевна | X58: 여 | Y58: 19818 | Z58: =DATEDIF(Y58,TODAY(),"Y") -> 71 | AA58: 998-90-290-3254 | AC58: 성도 | AD58: 입교 | AE58: 우즈베키스탄 | AF58: 한국 | AG58: 경기도 | AI58: 출결제외해지(2025/3/1) | AJ58: 150-4기 | AK58: 신앙유약
B59: 취합X | C59: 39 | D59: 00350720-00084 | E59: =SUBTOTAL(103,$U$21:U59) -> 38 | G59: 국내_부녀 | H59: 00350330-00205 | I59: 차소연 | J59: 00341026-00033 | K59: 00341026-00033 | P59: 3-2구역 | T59: 베드로지파 | V59: 최라리라 | W59: Цой Лариса | X59: 여 | Z59: =DATEDIF(Y59,TODAY(),"Y") -> 126
B60: 취합X | C60: 40 | D60: 00360416-00114 | E60: =SUBTOTAL(103,$U$21:U60) -> 38 | G60: 국내_부녀 | H60: 00350330-00205 | I60: 차소연 | J60: 00341026-00033 | K60: 00341026-00033 | P60: 3-2구역 | T60: 베드로지파 | V60: 채인나 | W60: Цай Инна | Z60: =DATEDIF(Y60,TODAY(),"Y") -> 126
B61: 취합X | C61: 41 | D61: 00361022-00117 | E61: =SUBTOTAL(103,$U$21:U61) -> 38 | G61: 국내_부녀 | H61: 00350330-00205 | I61: 차소연 | J61: 00341026-00033 | K61: 00341026-00033 | P61: 3-2구역 | T61: 베드로지파 | V61: 보흐크세니아 | W61: Вох Ксения | Z61: =DATEDIF(Y61,TODAY(),"Y") -> 126
B62: 취합X | C62: 42 | D62: 00390623-00107 | E62: =SUBTOTAL(103,$U$21:U62) -> 38 | G62: 국내_부녀 | H62: 00350330-00205 | I62: 차소연 | J62: 00341026-00033 | K62: 00341026-00033 | P62: 3-2구역 | T62: 베드로지파 | V62: 김이솔다 | W62: Ким Изольда | X62: 여 | Z62: =DATEDIF(Y62,TODAY(),"Y") -> 126 | AC62: 성도 | AD62: 입교 | AF62: 한국
C63: 43 | D63: 00180613-00005 | E63: =SUBTOTAL(103,$U$21:U63) -> 39 | F63: 우크라이나(키이우) | G63: 국내_부녀 | H63: 00350330-00205 | I63: 차소연 | J63: 00341026-00033 | K63: 00180613-00005 | L63: 00261114-00053 | M63: x | P63: 4구역 | R63: 해외지역강사 | S63: 부장 | T63: 구역장 | U63: 0교역 | V63: 이진모 | W63: Ли Джин Мо | X63: 남 | Y63: 28737 | Z63: =DATEDIF(Y63,TODAY(),"Y") -> 47 | AA63: 010-7562-1362 | AB63: @Ciskorea | AC63: 교역 | AD63: 총회등록 | AE63: 한국 | AF63: 한국
C64: 44 | D64: 00261114-00053 | E64: =SUBTOTAL(103,$U$21:U64) -> 39 | G64: 국내_부녀 | H64: 00350330-00205 | I64: 차소연 | J64: 00341026-00033 | K64: 00180613-00005 | L64: 00261114-00053 | M64: x | P64: 4구역 | R64: 임원 | S64: 부장 | T64: 부구역장 | V64: 박지민 | X64: 남 | Y64: 31732 | Z64: =DATEDIF(Y64,TODAY(),"Y") -> 39 | AA64: 010-2058-7374 | AB64: @in2heaven | AC64: 교역 | AD64: 총회등록 | AF64: 한국 | AG64: 경기도
C65: 45 | D65: 00311023-00025 | E65: =SUBTOTAL(103,$U$21:U65) -> 40 | F65: 국내성도 | G65: 국내_부녀 | H65: 00350330-00205 | I65: 차소연 | J65: 00341026-00033 | K65: 00180613-00005 | L65: 00261114-00053 | M65: x | P65: 4구역 | R65: 구역장 | S65: 구역장 | U65: 1자문 | V65: 최트로핌 | W65: Цой Трофим | X65: 남 | Y65: 19202 | Z65: =DATEDIF(Y65,TODAY(),"Y") -> 73 | AA65: 010-8318-5207 | AC65: 집사 | AD65: 총회등록 | AE65: 우즈베키스탄 | AF65: 한국 | AG65: 경기도
C66: 46 | D66: 00311023-00026 | E66: =SUBTOTAL(103,$U$21:U66) -> 41 | F66: 국내성도 | G66: 국내_부녀 | H66: 00350330-00205 | I66: 차소연 | J66: 00341026-00033 | K66: 00180613-00005 | L66: 00261114-00053 | M66: x | P66: 4구역 | R66: 부구역장 | S66: 부구역장 | U66: 1자문 | V66: 최라리사 | W66: Цой Лариса | X66: 여 | Y66: 19466 | Z66: =DATEDIF(Y66,TODAY(),"Y") -> 72 | AA66: 010-8217-5304 | AC66: 집사 | AD66: 총회등록 | AE66: 우즈베키스탄 | AF66: 한국 | AG66: 경기도
C67: 47 | D67: 00400530-00092 | E67: =SUBTOTAL(103,$U$21:U67) -> 42 | F67: 국내성도 | G67: 국내_부녀 | H67: 00350330-00205 | I67: 차소연 | J67: 00341026-00033 | K67: 00180613-00005 | L67: 00261114-00053 | M67: x | P67: 4구역 | U67: 1자문 | V67: 박모이세이 | W67: Пак Моисей | X67: 남 | Y67: 19784 | Z67: =DATEDIF(Y67,TODAY(),"Y") -> 71 | AA67: 010-4074-3821 | AC67: 성도 | AD67: 교회등록 | AE67: 우즈베키스탄 | AF67: 한국 | AG67: 경기도 | AJ67: 150-4기
C68: 48 | D68: 00360830-00342 | E68: =SUBTOTAL(103,$U$21:U68) -> 43 | F68: 국내성도 | G68: 국내_부녀 | H68: 00350330-00205 | I68: 차소연 | J68: 00341026-00033 | K68: 00180613-00005 | L68: 00261114-00053 | M68: x | P68: 4구역 | U68: 3부녀 | V68: 쿠즈올가 | W68: Кузь Ольга | X68: 여 | Y68: 22276 | Z68: =DATEDIF(Y68,TODAY(),"Y") -> 65 | AA68: 010-2186-2669 | AC68: 성도 | AD68: 총회등록 | AE68: 우크라이나 | AF68: 한국 | AG68: 서울특별시
C69: 49 | D69: 00360423-00596 | E69: =SUBTOTAL(103,$U$21:U69) -> 44 | F69: 해외개척 | G69: 국내_부녀 | H69: 00350330-00205 | I69: 차소연 | J69: 00341026-00033 | K69: 00180613-00005 | L69: 00261114-00053 | M69: x | P69: 4구역 | U69: 3부녀 | V69: 강예카테리나 | W69: Кан Екатеринa | X69: 여 | Y69: 33959 | Z69: =DATEDIF(Y69,TODAY(),"Y") -> 33 | AA69: 77479550557/010-8088-0311(한국번호) | AC69: 성도 | AD69: 입교 | AE69: 카자흐스탄 | AF69: 카자흐스탄 | AG69: 알마티 | AI69: 출결제외해지(2025/3/1) | AK69: 신앙유약
C70: 50 | D70: 00281228-00434 | E70: =SUBTOTAL(103,$U$21:U70) -> 45 | F70: 국내성도 | G70: 국내_부녀 | H70: 00350330-00205 | I70: 차소연 | J70: 00341026-00033 | K70: 00281228-00434 | L70: 00230828-00053 | M70: x | P70: 5구역 | R70: 구역장 | S70: 구역장 | U70: 3부녀 | V70: 홍수정 | W70: Хонг Су Жонг | X70: 여 | Y70: 29276 | Z70: =DATEDIF(Y70,TODAY(),"Y") -> 45 | AA70: 010-6406-0466 | AC70: 집사 | AD70: 총회등록 | AE70: 한국 | AF70: 한국 | AG70: 경기도
C71: 51 | D71: 00230828-00053 | E71: =SUBTOTAL(103,$U$21:U71) -> 46 | F71: 국내성도 | G71: 국내_부녀 | H71: 00350330-00205 | I71: 차소연 | J71: 00341026-00033 | K71: 00281228-00434 | L71: 00230828-00053 | M71: x | P71: 5구역 | R71: 부구역장 | S71: 부구역장 | U71: 3부녀 | V71: 박소정 | W71: Пак Со Джон | X71: 여 | Y71: 30920 | Z71: =DATEDIF(Y71,TODAY(),"Y") -> 41 | AA71: 010-4316-0828 | AB71: @sojeong84 | AC71: 집사 | AD71: 총회등록 | AE71: 한국 | AF71: 한국 | AG71: 경기도
C72: 52 | D72: 00271115-00181 | E72: =SUBTOTAL(103,$U$21:U72) -> 47 | F72: 국내성도 | G72: 국내_부녀 | H72: 00350330-00205 | I72: 차소연 | J72: 00341026-00033 | K72: 00281228-00434 | L72: 00230828-00053 | M72: x | P72: 5구역 | R72: 기능과 | S72: 통번역팀장 | U72: 3부녀 | V72: 김옥사나 | W72: Ким Оксана | X72: 여 | Y72: 31700 | Z72: =DATEDIF(Y72,TODAY(),"Y") -> 39 | AA72: 010-5635-1510 | AB72: @Kim_Sana181 | AC72: 집사 | AD72: 총회등록 | AE72: 우즈베키스탄 | AF72: 한국 | AG72: 서울특별시
C73: 53 | D73: 00280103-00165 | E73: =SUBTOTAL(103,$U$21:U73) -> 48 | F73: 국내성도 | G73: 국내_부녀 | H73: 00350330-00205 | I73: 차소연 | J73: 00341026-00033 | K73: 00281228-00434 | L73: 00230828-00053 | M73: x | P73: 5구역 | R73: 기능과 | S73: 교육행정서기 | U73: 3부녀 | V73: 이지영 | X73: 여 | Y73: 30683 | Z73: =DATEDIF(Y73,TODAY(),"Y") -> 42 | AA73: 010-6701-0334 | AB73: @Yijiyeong | AC73: 집사 | AD73: 총회등록 | AE73: 한국 | AF73: 한국 | AG73: 경기도
C74: 54 | D74: 00231212-00123 | E74: =SUBTOTAL(103,$U$21:U74) -> 49 | F74: 국내성도 | G74: 국내_부녀 | H74: 00350330-00205 | I74: 차소연 | J74: 00341026-00033 | K74: 00281228-00434 | L74: 00230828-00053 | M74: x | P74: 5구역 | R74: 부서기 | S74: 부서기 | T74: 해선부서무 | U74: 3부녀 | V74: 임영선 | X74: 여 | Y74: 29107 | Z74: =DATEDIF(Y74,TODAY(),"Y") -> 46 | AA74: 010-7157-2339 | AB74: @execute25 | AC74: 집사 | AD74: 총회등록 | AE74: 한국 | AF74: 한국 | AG74: 서울특별시
C75: 55 | D75: 00371201-00514 | E75: =SUBTOTAL(103,$U$21:U75) -> 50 | F75: 국내성도 | G75: 국내_부녀 | H75: 00350330-00205 | I75: 차소연 | J75: 00341026-00033 | K75: 00281228-00434 | L75: 00230828-00053 | M75: x | P75: 5구역 | R75: 부서기 | S75: 부서기 | T75: 해선부서무 | U75: 3부녀 | V75: 안소연 | X75: 여 | Y75: 29445 | Z75: =DATEDIF(Y75,TODAY(),"Y") -> 45 | AA75: 010-3066-7285 | AB75: @SOYOUN37 | AC75: 집사 | AD75: 총회등록 | AE75: 한국 | AF75: 한국 | AG75: 서울특별시
C76: 56 | D76: 00300725-00027 | E76: =SUBTOTAL(103,$U$21:U76) -> 51 | F76: 국내성도 | G76: 국내_부녀 | H76: 00350330-00205 | I76: 차소연 | J76: 00341026-00033 | K76: 00281228-00434 | L76: 00230828-00053 | M76: x | P76: 5구역 | U76: 3부녀 | V76: 김스베틀라나 | W76: Ким Светлана | X76: 여 | Y76: 31496 | Z76: =DATEDIF(Y76,TODAY(),"Y") -> 39 | AC76: 집사 | AD76: 총회등록 | AE76: 우크라이나 | AF76: 캐나다 | AG76: 프레더릭턴 | AH76: 출결제외 | AI76: 해외출국(24-03-08) | AK76: 신앙유약
C77: 57 | D77: 00180506-00010 | E77: =SUBTOTAL(103,$U$21:U77) -> 52 | F77: 국내성도 | G77: 국내_부녀 | H77: 00350330-00205 | I77: 차소연 | J77: 00341026-00033 | K77: 00180506-00010 | L77: 00280830-00123 | M77: x | P77: 6구역 | R77: 구역장 | S77: 구역장 | T77: 국제부교육부장 | U77: 3부녀 | V77: 김현진 | X77: 여 | Y77: 27958 | Z77: =DATEDIF(Y77,TODAY(),"Y") -> 49 | AA77: 010-2374-8001 | AB77: @JaceyKim | AC77: 집사 | AD77: 총회등록 | AE77: 한국 | AF77: 한국 | AG77: 경기도
C78: 58 | D78: 00280830-00123 | E78: =SUBTOTAL(103,$U$21:U78) -> 53 | F78: 국내성도 | G78: 국내_부녀 | H78: 00350330-00205 | I78: 차소연 | J78: 00341026-00033 | K78: 00180506-00010 | L78: 00280830-00123 | M78: x | P78: 6구역 | R78: 부구역장 | S78: 부구역장 | T78: 국제부청년서기 | U78: 3부녀 | V78: 이수현 | X78: 여 | Y78: 30623 | Z78: =DATEDIF(Y78,TODAY(),"Y") -> 42 | AA78: 010-7183-3854 | AB78: @suhyun2 | AC78: 집사 | AD78: 총회등록 | AE78: 한국 | AF78: 한국 | AG78: 서울특별시
C79: 59 | D79: 00231128-00010 | E79: =SUBTOTAL(103,$U$21:U79) -> 54 | F79: 국내성도 | G79: 국내_부녀 | H79: 00350330-00205 | I79: 차소연 | J79: 00341026-00033 | K79: 00180506-00010 | L79: 00280830-00123 | M79: x | P79: 6구역 | U79: 1자문 | V79: 김완희 | X79: 여 | Y79: 19533 | Z79: =DATEDIF(Y79,TODAY(),"Y") -> 72 | AA79: 010-9080-1384 | AB79: @wani380328 | AC79: 집사 | AD79: 총회등록 | AE79: 한국 | AF79: 한국 | AG79: 경기도
C80: 60 | D80: 00231009-00031 | E80: =SUBTOTAL(103,$U$21:U80) -> 55 | F80: 국내성도 | G80: 국내_부녀 | H80: 00350330-00205 | I80: 차소연 | J80: 00341026-00033 | K80: 00180506-00010 | L80: 00280830-00123 | M80: x | P80: 6구역 | U80: 3부녀 | V80: 김희영 | X80: 여 | Y80: 26302 | Z80: =DATEDIF(Y80,TODAY(),"Y") -> 54 | AA80: 010-8960-7214 | AB80: @scjhee | AC80: 집사 | AD80: 총회등록 | AE80: 한국 | AF80: 한국 | AG80: 경기도
C81: 61 | D81: 00270624-00034 | E81: =SUBTOTAL(103,$U$21:U81) -> 56 | F81: 국내성도 | G81: 국내_부녀 | H81: 00350330-00205 | I81: 차소연 | J81: 00341026-00033 | K81: 00180506-00010 | L81: 00280830-00123 | M81: x | P81: 6구역 | U81: 3부녀 | V81: 유지헌 | X81: 여 | Y81: 29493 | Z81: =DATEDIF(Y81,TODAY(),"Y") -> 45 | AA81: 010-9876-7374 | AB81: @lovingyjh57 | AC81: 집사 | AD81: 총회등록 | AE81: 한국 | AF81: 한국 | AG81: 경기도
C82: 62 | D82: 00240610-00045 | E82: =SUBTOTAL(103,$U$21:U82) -> 57 | F82: 국내성도 | G82: 국내_부녀 | H82: 00350330-00205 | I82: 차소연 | J82: 00341026-00033 | K82: 00180506-00010 | L82: 00280830-00123 | M82: x | P82: 6구역 | U82: 3부녀 | V82: 정희정 | X82: 여 | Y82: 28181 | Z82: =DATEDIF(Y82,TODAY(),"Y") -> 48 | AA82: 010-3590-6766 | AB82: @howareu2024 | AC82: 집사 | AD82: 총회등록 | AE82: 한국 | AF82: 한국 | AG82: 경기도
C83: 63 | D83: 00230515-00016 | E83: =SUBTOTAL(103,$U$21:U83) -> 58 | F83: 국내성도 | G83: 국내_부녀 | H83: 00350330-00205 | I83: 차소연 | J83: 00341026-00033 | K83: 00180506-00010 | L83: 00280830-00123 | M83: x | P83: 6구역 | U83: 3부녀 | V83: 이은정 | X83: 여 | Y83: 30002 | Z83: =DATEDIF(Y83,TODAY(),"Y") -> 43 | AA83: 010-3246-7458 | AB83: @blackpearl8800 | AC83: 집사 | AD83: 총회등록 | AE83: 한국 | AF83: 한국 | AG83: 경기도
C84: 64 | D84: 00360830-00341 | E84: =SUBTOTAL(103,$U$21:U84) -> 59 | F84: 국내성도 | G84: 국내_부녀 | H84: 00350330-00205 | I84: 차소연 | J84: 00341026-00033 | K84: 00360830-00341 | L84: 00410822-00001 | M84: x | P84: 7구역 | R84: 구역장 | S84: 구역장 | U84: 3부녀 | V84: 한엘자 | W84: Хан Эльза | X84: 여 | Y84: 20944 | Z84: =DATEDIF(Y84,TODAY(),"Y") -> 68 | AA84: 010-8939-1957 | AB84: @han_elza | AC84: 집사 | AD84: 총회등록 | AE84: 우즈베키스탄 | AF84: 한국 | AG84: 서울특별시
C85: 65 | D85: 00410822-00001 | E85: =SUBTOTAL(103,$U$21:U85) -> 60 | F85: 국내성도 | G85: 국내_부녀 | H85: 00350330-00205 | I85: 차소연 | J85: 00341026-00033 | K85: 00360830-00341 | L85: 00410822-00001 | M85: x | P85: 7구역 | Q85: 새신자 | R85: 부구역장 | S85: 부구역장 | U85: 3부녀 | V85: 박스베틀라나발레리야노브나 | W85: Pak Svetlana Valerlyanovna | X85: 여 | Y85: 23254 | Z85: =DATEDIF(Y85,TODAY(),"Y") -> 62 | AA85: 010-4766-1953 | AC85: 성도 | AD85: 교회등록 | AE85: 우즈베키스탄 | AF85: 한국 | AJ85: 155기 | AK85: D
C86: 66 | D86: 00410822-01058 | E86: =SUBTOTAL(103,$U$21:U86) -> 61 | F86: 해외개척 | G86: 국내_부녀 | H86: 00350330-00205 | I86: 차소연 | J86: 00341026-00033 | K86: 00360830-00341 | L86: 00410822-00001 | M86: x | P86: 7구역 | Q86: 새신자 | U86: 3부녀 | V86: 토포로브스카야류드밀라 | W86: Топоровская Людмила Александровна | X86: 여 | Y86: 22122 | Z86: =DATEDIF(Y86,TODAY(),"Y") -> 65 | AA86: 7-962-121-0324 | AC86: 성도 | AD86: 교회등록 | AE86: 러시아 | AF86: 러시아 | AG86: 사할린 | AJ86: 155-3기
C87: 67 | D87: 00410822-01063 | E87: =SUBTOTAL(103,$U$21:U87) -> 62 | F87: 해외개척 | G87: 국내_부녀 | H87: 00350330-00205 | I87: 차소연 | J87: 00341026-00033 | K87: 00360830-00341 | L87: 00410822-00001 | M87: x | P87: 7구역 | Q87: 새신자 | U87: 3부녀 | V87: 바그뉵나탈리야이바노브나 | W87: Багнюк Наталья Ивановна | X87: 여 | Y87: 23214 | Z87: =DATEDIF(Y87,TODAY(),"Y") -> 62 | AA87: 7-901-937-1421 | AC87: 성도 | AD87: 교회등록 | AE87: 러시아 | AF87: 러시아 | AG87: 사할린 | AJ87: 155-3기
C88: 68 | D88: 00410822-01066 | E88: =SUBTOTAL(103,$U$21:U88) -> 63 | F88: 해외개척 | G88: 국내_부녀 | H88: 00350330-00205 | I88: 차소연 | J88: 00341026-00033 | K88: 00360830-00341 | L88: 00410822-00001 | M88: x | P88: 7구역 | Q88: 새신자 | U88: 3부녀 | V88: 도로페예바올가이바노브나 | W88: Дорофеева Ольга Ивановна | X88: 여 | Y88: 24232 | Z88: =DATEDIF(Y88,TODAY(),"Y") -> 59 | AA88: 7-950-589-3071 | AC88: 성도 | AD88: 입교 | AE88: 러시아 | AF88: 러시아 | AG88: 케메로보 | AJ88: 155-3기
C89: 69 | D89: 00350330-00205 | E89: =SUBTOTAL(103,$U$21:U89) -> 64 | F89: 국내성도 | G89: 국내_청년 | H89: 00350330-00205 | I89: 자카르첸코마리야 | J89: 00310314-00231 | K89: 00350330-00205 | L89: 00291224-00082 | M89: x | P89: 1구역 | R89: 임원 | S89: 총서기 | T89: 구역장 | U89: 4청년 | V89: 이시우 | W89: Ли Щи У | X89: 여 | Y89: 31799 | Z89: =DATEDIF(Y89,TODAY(),"Y") -> 39 | AA89: 010-4552-5245 | AB89: @sdnnbw | AC89: 문도 | AD89: 총회등록 | AE89: 한국 | AF89: 한국 | AG89: 서울특별시
C90: 70 | D90: 00291224-00082 | E90: =SUBTOTAL(103,$U$21:U90) -> 65 | F90: 국내성도 | G90: 국내_청년 | H90: 00350330-00205 | I90: 자카르첸코마리야 | J90: 00310314-00231 | K90: 00350330-00205 | L90: 00291224-00082 | M90: x | P90: 1구역 | R90: 기능과 | S90: 부구역장 | T90: CIS교육부과장 | U90: 4청년 | V90: 박지호 | X90: 남 | Y90: 33136 | Z90: =DATEDIF(Y90,TODAY(),"Y") -> 35 | AA90: 010-9057-2977 | AB90: @G1_Alex | AC90: 문도 | AD90: 총회등록 | AE90: 한국 | AF90: 한국 | AG90: 경기도
C91: 71 | D91: 00361031-00488 | E91: =SUBTOTAL(103,$U$21:U91) -> 66 | F91: 국내성도 | G91: 국내_청년 | H91: 00350330-00205 | I91: 자카르첸코마리야 | J91: 00310314-00231 | K91: 00350330-00205 | L91: 00291224-00082 | M91: x | P91: 1구역 | U91: 4청년 | V91: 주마리나 | W91: Дюгай Марина | X91: 여 | Y91: 33947 | Z91: =DATEDIF(Y91,TODAY(),"Y") -> 33 | AA91: 010-9287-0992 | AB91: @MarishaDyu | AC91: 문도 | AD91: 총회등록 | AE91: 우즈베키스탄 | AF91: 한국 | AG91: 경기도
C92: 72 | D92: 00371218-00468 | E92: =SUBTOTAL(103,$U$21:U92) -> 67 | F92: 국내성도 | G92: 국내_청년 | H92: 00350330-00205 | I92: 자카르첸코마리야 | J92: 00310314-00231 | K92: 00350330-00205 | L92: 00291224-00082 | M92: x | P92: 1구역 | U92: 4청년 | V92: 김따띠야나게오르게브나 | W92: Ким Татьяна | X92: 여 | Y92: 33488 | Z92: =DATEDIF(Y92,TODAY(),"Y") -> 34 | AA92: 010-4390-0907 | AB92: @kjk_Tasha | AC92: 문도 | AD92: 총회등록 | AE92: 우즈베키스탄 | AF92: 한국 | AG92: 경기도
C93: 73 | D93: 00350330-00155 | E93: =SUBTOTAL(103,$U$21:U93) -> 68 | F93: 국내성도 | G93: 국내_청년 | H93: 00350330-00205 | I93: 자카르첸코마리야 | J93: 00310314-00231 | K93: 00350330-00205 | L93: 00291224-00082 | M93: x | P93: 1구역 | R93: 팀장 | S93: 새신자팀장 | U93: 4청년 | V93: 배알리나 | W93: Бе Алина | X93: 여 | Y93: 34403 | Z93: =DATEDIF(Y93,TODAY(),"Y") -> 31 | AA93: 010-6370-4971 | AB93: @uamd94 | AC93: 문도 | AD93: 총회등록 | AE93: 러시아 | AF93: 한국 | AG93: 서울특별시
C94: 74 | D94: 00361105-00044 | E94: =SUBTOTAL(103,$U$21:U94) -> 69 | F94: 국내성도 | G94: 국내_청년 | H94: 00350330-00205 | I94: 자카르첸코마리야 | J94: 00310314-00231 | K94: 00350330-00205 | L94: 00291224-00082 | M94: x | P94: 1구역 | T94: 국제부서무 | U94: 4청년 | V94: 이정주 | X94: 여 | Y94: 34867 | Z94: =DATEDIF(Y94,TODAY(),"Y") -> 30 | AA94: 010-4940-5463 | AB94: @satorijei | AC94: 문도 | AD94: 총회등록 | AE94: 일본 | AF94: 한국 | AG94: 서울특별시
C95: 75 | D95: 00350330-00154 | E95: =SUBTOTAL(103,$U$21:U95) -> 69 | G95: 국내_청년 | H95: 00350330-00205 | I95: 자카르첸코마리야 | J95: 00310314-00231 | K95: 00350330-00205 | L95: 00291224-00082 | M95: x | P95: 1구역 | R95: 구역장 | S95: 팀장 | T95: 구역장 | V95: 스미르노바예브게니야 | W95: Смирнова Евгения | X95: 여 | Y95: 33065 | Z95: =DATEDIF(Y95,TODAY(),"Y") -> 35 | AA95: 010-6654-0035 | AB95: @onlyniia | AC95: 문도 | AD95: 총회등록 | AE95: 러시아 | AF95: 한국 | AG95: 서울특별시 | AH95: 중복
C96: 76 | D96: 00301028-00371 | E96: =SUBTOTAL(103,$U$21:U96) -> 70 | F96: 국내성도 | G96: 국내_청년 | H96: 00350330-00205 | I96: 자카르첸코마리야 | J96: 00310314-00231 | K96: 00301028-00371 | L96: 00340624-00331 | M96: x | P96: 2구역 | R96: 임원 | S96: 지역장 | T96: 구역장 | U96: 4청년 | V96: 진실혜 | W96: Чжин Щиль Хе | X96: 여 | Y96: 31978 | Z96: =DATEDIF(Y96,TODAY(),"Y") -> 38 | AA96: 010-2949-9771 | AB96: @NEARandDEAR | AC96: 문도 | AD96: 총회등록 | AE96: 한국 | AF96: 한국 | AG96: 서울특별시
C97: 77 | D97: 00340624-00331 | E97: =SUBTOTAL(103,$U$21:U97) -> 71 | F97: 국내성도 | G97: 국내_청년 | H97: 00350330-00205 | I97: 자카르첸코마리야 | J97: 00310314-00231 | K97: 00301028-00371 | L97: 00340624-00331 | M97: x | P97: 2구역 | R97: 부구역장 | S97: 부구역장 | U97: 4청년 | V97: 한올가 | W97: Хан Ольга | X97: 여 | Y97: 32578 | Z97: =DATEDIF(Y97,TODAY(),"Y") -> 36 | AA97: 010-3012-6255 | AC97: 문도 | AD97: 총회등록 | AE97: 러시아 | AF97: 한국 | AG97: 서울특별시
C98: 78 | D98: 00300823-00110 | E98: =SUBTOTAL(103,$U$21:U98) -> 72 | F98: 국내성도 | G98: 국내_청년 | H98: 00350330-00205 | I98: 자카르첸코마리야 | J98: 00310314-00231 | K98: 00301028-00371 | L98: 00340624-00331 | M98: x | P98: 2구역 | U98: 4청년 | V98: 김올가 | W98: Ким Ольга | X98: 여 | Y98: 33222 | Z98: =DATEDIF(Y98,TODAY(),"Y") -> 35 | AA98: 010-2206-1590 | AC98: 문도 | AD98: 총회등록 | AE98: 우즈베키스탄 | AF98: 한국 | AG98: 서울특별시 | AI98: 출결제외해지(2025/3/1) | AK98: 신앙유약(24/03/27)
C99: 79 | D99: 00301028-00336 | E99: =SUBTOTAL(103,$U$21:U99) -> 73 | F99: 국내성도 | G99: 국내_청년 | H99: 00350330-00205 | I99: 자카르첸코마리야 | J99: 00310314-00231 | K99: 00301028-00371 | L99: 00340624-00331 | M99: x | P99: 2구역 | U99: 4청년 | V99: 남마르가리따 | W99: Нам Маргарита | X99: 여 | Y99: 32025 | Z99: =DATEDIF(Y99,TODAY(),"Y") -> 38 | AA99: 010-9291-9908 | AC99: 문도 | AD99: 총회등록 | AE99: 우즈베키스탄 | AF99: 한국 | AG99: 서울특별시 | AI99: 출결제외해지(2025/3/1) | AK99: 신앙유약
C100: 80 | D100: 00330526-00005 | E100: =SUBTOTAL(103,$U$21:U100) -> 74 | F100: 해외개척 | G100: 국내_청년 | H100: 00350330-00205 | I100: 자카르첸코마리야 | J100: 00310314-00231 | K100: 00301028-00371 | L100: 00340624-00331 | M100: x | P100: 2구역 | U100: 4청년 | V100: 한블라디슬라브 | W100: Хан Владислав | X100: 남 | Y100: 33674 | Z100: =DATEDIF(Y100,TODAY(),"Y") -> 33 | AA100: 010-7696-1311 | AC100: 문도 | AD100: 총회등록 | AE100: 우즈베키스탄 | AF100: 카자흐스탄 | AG100: 알마티 | AI100: 출결제외해지(2025/3/1)
C101: 81 | D101: 00310314-00231 | E101: =SUBTOTAL(103,$U$21:U101) -> 75 | F101: 국내성도 | G101: 국내_청년 | H101: 00350330-00205 | I101: 자카르첸코마리야 | J101: 00310314-00231 | K101: 00310314-00231 | L101: x | M101: x | P101: 3구역 | R101: 팀장 | S101: 청년회팀장 | T101: 구역장 | U101: 4청년 | V101: 자카르첸코마리야 | W101: Захарченко Мария | X101: 여 | Y101: 34746 | Z101: =DATEDIF(Y101,TODAY(),"Y") -> 30 | AA101: 010-4467-2226 | AB101: @mary_wp | AC101: 문도 | AD101: 총회등록 | AE101: 우크라이나 | AF101: 한국 | AG101: 서울특별시
C102: 82 | D102: 00350820-00002 | E102: =SUBTOTAL(103,$U$21:U102) -> 76 | F102: 러시아(모스크바) | G102: 국내_청년 | H102: 00350330-00205 | I102: 자카르첸코마리야 | J102: 00310314-00231 | K102: 00310314-00231 | L102: x | M102: x | P102: 3구역 | U102: 4청년 | V102: 똔키흐발레리야 | W102: Тонких Валерия | X102: 여 | Y102: 34094 | Z102: =DATEDIF(Y102,TODAY(),"Y") -> 32 | AA102: 79299344309 | AC102: 문도 | AD102: 총회등록 | AE102: 러시아 | AF102: 러시아 | AG102: 모스크바
C103: 83 | D103: 00371218-00473 | E103: =SUBTOTAL(103,$U$21:U103) -> 77 | F103: 우크라이나(키이우) | G103: 국내_청년 | H103: 00350330-00205 | I103: 자카르첸코마리야 | J103: 00310314-00231 | K103: 00310314-00231 | L103: x | M103: x | P103: 3구역 | U103: 4청년 | V103: 포보로즈뉴크드므트로올렉산드로브츠 | W103: Дмитрий Поворознюк | X103: 남 | Y103: 36875 | Z103: =DATEDIF(Y103,TODAY(),"Y") -> 25 | AA103: 380988779801 | AB103: @Dima_Povorozniuk | AC103: 성도 | AD103: 총회등록 | AE103: 우크라이나 | AF103: 우크라이나 | AG103: 키예프
C104: 84 | D104: 00390826-00077 | E104: =SUBTOTAL(103,$U$21:U104) -> 78 | F104: 우크라이나(키이우) | G104: 국내_청년 | H104: 00350330-00205 | I104: 자카르첸코마리야 | J104: 00310314-00231 | K104: 00310314-00231 | L104: x | M104: x | P104: 3구역 | U104: 4청년 | V104: 멜느크세르기발레리요브츠 | W104: Мельник Сергій Валерійович | X104: 남 | Y104: 36083 | Z104: =DATEDIF(Y104,TODAY(),"Y") -> 27 | AA104: 38-068-345-4752 | AC104: 문도 | AD104: 총회등록 | AE104: 우크라이나 | AF104: 체코 | AG104: 믈라다볼레슬라프 | AJ104: 147-1기
C105: 85 | D105: 00371218-00471 | E105: =SUBTOTAL(103,$U$21:U105) -> 79 | F105: 국내성도 | G105: 국내_청년 | H105: 00350330-00205 | I105: 자카르첸코마리야 | J105: 00310314-00231 | K105: 00310314-00231 | L105: x | M105: x | P105: 3구역 | U105: 4청년 | V105: 박알리나루슬라노브나 | W105: Пак Алина | X105: 여 | Y105: 37287 | Z105: =DATEDIF(Y105,TODAY(),"Y") -> 24 | AA105: 010-9757-3012 | AC105: 문도 | AD105: 총회등록 | AE105: 카자흐스탄 | AF105: 한국 | AG105: 서울특별시
C106: 86 | D106: 00391111-00165 | E106: =SUBTOTAL(103,$U$21:U106) -> 80 | F106: 해외개척 | G106: 국내_청년 | H106: 00350330-00205 | I106: 자카르첸코마리야 | J106: 00310314-00231 | K106: 00310314-00231 | L106: x | M106: x | P106: 3구역 | R106: 구역장 | S106: 새신자구역장 | U106: 4청년 | V106: 틴옐레나비탈리예브나 | W106: Тин Елена | X106: 여 | Y106: 36505 | Z106: =DATEDIF(Y106,TODAY(),"Y") -> 26 | AA106: 010-5936-0014 | AC106: 문도 | AD106: 총회등록 | AE106: 카자흐스탄 | AF106: 한국 | AG106: 경기도 | AJ106: 148-1기
C107: 87 | D107: 00300725-00026 | E107: =SUBTOTAL(103,$U$21:U107) -> 81 | F107: 러시아(크림공화국) | G107: 크림공화국 | H107: 00300725-00026 | I107: 이다리야A | J107: 00300725-00026 | K107: 00300725-00026 | L107: 00310314-00223 | M107: x | P107: 1구역 | R107: 해외지역강사 | S107: 팀장 | T107: 구역장 | U107: 1자문 | V107: 이다리야A | W107: Ли Дарья(лидер) | X107: 여 | Y107: 18512 | Z107: =DATEDIF(Y107,TODAY(),"Y") -> 75 | AA107: 7-978-604-30-83 | AB107: @Dariya0609 | AC107: 집사 | AD107: 총회등록 | AE107: 러시아 | AF107: 러시아(크림) | AG107: 크림반도 옥탸브리스크
C108: 88 | D108: 00310314-00223 | E108: =SUBTOTAL(103,$U$21:U108) -> 82 | F108: 러시아(크림공화국) | G108: 크림공화국 | H108: 00300725-00026 | I108: 이다리야A | J108: 00300725-00026 | K108: 00300725-00026 | L108: 00310314-00223 | M108: x | P108: 1구역 | R108: 구역장 | S108: 새신자구역장 | T108: 부구역장 | U108: 1자문 | V108: 우사초브빅토르 | W108: Усачев Виктор | X108: 남 | Y108: 19232 | Z108: =DATEDIF(Y108,TODAY(),"Y") -> 73 | AA108: 38)066-167-5845/7978-745-06-30 | AB108: @vikcrimea | AC108: 집사 | AD108: 총회등록 | AE108: 러시아 | AF108: 러시아(크림) | AG108: 크림반도 옥탸브리스크
C109: 89 | D109: 00310314-00224 | E109: =SUBTOTAL(103,$U$21:U109) -> 83 | F109: 러시아(크림공화국) | G109: 크림공화국 | H109: 00300725-00026 | I109: 이다리야A | J109: 00300725-00026 | K109: 00300725-00026 | L109: 00310314-00223 | M109: x | P109: 1구역 | R109: 구역장 | S109: 새신자구역장 | U109: 1자문 | V109: 모르구노바올가 | W109: Моргунова Ольга | X109: 여 | Y109: 19598 | Z109: =DATEDIF(Y109,TODAY(),"Y") -> 72 | AA109: 7978-801-61-93 | AC109: 집사 | AD109: 총회등록 | AE109: 러시아 | AF109: 러시아(크림) | AG109: 크림반도 얄타
C110: 90 | D110: 00371218-00464 | E110: =SUBTOTAL(103,$U$21:U110) -> 84 | F110: 러시아(크림공화국) | G110: 크림공화국 | H110: 00300725-00026 | I110: 이다리야A | J110: 00300725-00026 | K110: 00300725-00026 | L110: 00310314-00223 | M110: x | P110: 1구역 | R110: 구역장 | S110: 새신자구역장 | U110: 2장년 | V110: 셰르바코프드미트리발레리예비치 | W110: Щербаков Дмитрий | X110: 남 | Y110: 31834 | Z110: =DATEDIF(Y110,TODAY(),"Y") -> 38 | AA110: 7978-013-80-16 | AC110: 집사 | AD110: 총회등록 | AE110: 러시아 | AF110: 러시아(크림) | AG110: 예이스크
C111: 91 | D111: 00310314-00225 | E111: =SUBTOTAL(103,$U$21:U111) -> 85 | F111: 러시아(크림공화국) | G111: 크림공화국 | H111: 00300725-00026 | I111: 이다리야A | J111: 00300725-00026 | K111: 00300725-00026 | L111: 00310314-00223 | M111: x | P111: 1구역 | R111: 팀장 | S111: 새신자팀장 | U111: 1자문 | V111: 최타이시아 | W111: Цой Таисия | X111: 여 | Y111: 20283 | Z111: =DATEDIF(Y111,TODAY(),"Y") -> 70 | AA111: 7978-940-32-85 | AB111: @TaisiaTcoj | AC111: 집사 | AD111: 총회등록 | AE111: 러시아 | AF111: 러시아(크림) | AG111: 크림반도 옥탸브리스크
...

Sheet 총인원 누적관리_(총서기만작성)
B1: =NOW() -> 46053.008
C3: : 개편전 | D3: ↓값붙여넣기★ | E3: 손대지말것↓ | G3: : 개편 후 자동집계 | J3: 개편 실시간 반영 ↓
C4: 지역명 | D4: 45687 | E4: 일치여부 | H4: 조직개편전 | I4: 새신자 | J4: 행정적용후 | BR4: 사용순서
C5: 국내성도 | D5: 65 | E5: =IF(D5=J5,"일치","불일치") -> #REF! | G5: 국내성도 | H5: 69 | J5: =COUNTIF(#REF!,'총인원 누적관리_(총서기만작성)'!$G5) -> #REF! | BR5: 1 개편전 일치여부 열에
C6: 러시아(모스크바) | D6: 179 | E6: =IF(D6=J6,"일치","불일치") -> #REF! | G6: 러시아(모스크바) | H6: 73 | I6: 1 | J6: =COUNTIF(#REF!,'총인원 누적관리_(총서기만작성)'!$G6) -> #REF! | BR6: 불일치 | BS6: 인 경우 파란 박스 ① 데이터 복사 → 빨간 박스 ② 값으로 붙여넣기
C7: 카자흐스탄(알마티) | D7: 95 | E7: =IF(D7=J7,"일치","불일치") -> #REF! | G7: 카자흐스탄(알마티) | H7: 60 | I7: 1 | J7: =COUNTIF(#REF!,'총인원 누적관리_(총서기만작성)'!$G7) -> #REF!
C8: 우크라이나(키이우) | D8: 151 | E8: =IF(D8=J8,"일치","불일치") -> #REF! | G8: 우크라이나(키이우) | H8: 55 | J8: =COUNTIF(#REF!,'총인원 누적관리_(총서기만작성)'!$G8) -> #REF! | BR8: 2 [표3] 누적관리 표에 날짜와 성도 수 값으로 붙여넣기
C9: 러시아(크림공화국) | D9: 90 | E9: =IF(D9=J9,"일치","불일치") -> #REF! | G9: 러시아(크림공화국) | H9: 50 | J9: =COUNTIF(#REF!,'총인원 누적관리_(총서기만작성)'!$G9) -> #REF!
C10: 우즈베키스탄(타슈켄트) | D10: 68 | E10: =IF(D10=J10,"일치","불일치") -> #REF! | G10: 우즈베키스탄(타슈켄트) | H10: 51 | J10: =COUNTIF(#REF!,'총인원 누적관리_(총서기만작성)'!$G10) -> #REF!
C11: 카자흐스탄(악토베) | D11: 50 | E11: =IF(D11=J11,"일치","불일치") -> #REF! | G11: 카자흐스탄(악토베) | H11: 49 | J11: =COUNTIF(#REF!,'총인원 누적관리_(총서기만작성)'!$G11) -> #REF!
D12: 0 | E12: =IF(D12=J12,"일치","불일치") -> #REF! | J12: =COUNTIF(#REF!,'총인원 누적관리_(총서기만작성)'!$G12) -> #REF!
D13: 0 | E13: =IF(D13=J13,"일치","불일치") -> #REF! | J13: =COUNTIF(#REF!,'총인원 누적관리_(총서기만작성)'!$G13) -> #REF!
C14: 해외개척 | D14: 0 | E14: =IF(D14=J14,"일치","불일치") -> #REF! | G14: 해외개척 | H14: 235 | I14: 29 | J14: =COUNTIF(#REF!,'총인원 누적관리_(총서기만작성)'!$G14) -> #REF!
C15: 총합계 | D15: 698 | E15: =IF(D15=J15,"일치","불일치") -> #REF! | G15: 총합계 | H15: 642 | I15: 35 | J15: =SUM(J5:J14) -> #REF!
D16: ② | H16: ② | J16: ①
C19: [표3] 누적관리 | D19: ③
C20: 누적 관리 | D20: 45677 | E20: 45713 | F20: 45722 | G20: 45730 | H20: 45736 | I20: 45758 | J20: 45772 | K20: 45773 | L20: 45801 | M20: 45810 | N20: 45821 | O20: 45839 | P20: 45846 | Q20: 45862 | R20: 45887 | S20: 45888 | T20: 45891 | U20: 45905 | V20: 45913
C21: 국내성도 | D21: 69 | E21: 69 | F21: 69 | G21: 69 | H21: 69 | I21: 69 | J21: 67 | K21: 68 | L21: 70 | M21: 71 | N21: 71 | O21: 70 | P21: 69 | Q21: 67 | R21: 67 | S21: 67 | T21: 67 | U21: 66 | V21: 65
C22: 러시아(모스크바) | D22: 73 | E22: 73 | F22: 74 | G22: 74 | H22: 76 | I22: 76 | J22: 76 | K22: 76 | L22: 76 | M22: 76 | N22: 85 | O22: 85 | P22: 85 | Q22: 85 | R22: 193 | S22: 195 | T22: 179 | U22: 179 | V22: 179
C23: 카자흐스탄(알마티) | D23: 60 | E23: 60 | F23: 61 | G23: 61 | H23: 61 | I23: 74 | J23: 74 | K23: 74 | L23: 74 | M23: 74 | N23: 79 | O23: 79 | P23: 79 | Q23: 81 | R23: 81 | S23: 81 | T23: 95 | U23: 95 | V23: 95
C24: 우크라이나(키이우) | D24: 55 | E24: 55 | F24: 55 | G24: 55 | H24: 55 | I24: 127 | J24: 127 | K24: 127 | L24: 127 | M24: 127 | N24: 132 | O24: 132 | P24: 132 | Q24: 132 | R24: 140 | S24: 142 | T24: 151 | U24: 151 | V24: 151
C25: 러시아(크림공화국) | D25: 50 | E25: 50 | F25: 50 | G25: 50 | H25: 50 | I25: 50 | J25: 50 | K25: 50 | L25: 50 | M25: 50 | N25: 50 | O25: 50 | P25: 50 | Q25: 50 | R25: 87 | S25: 88 | T25: 90 | U25: 90 | V25: 90
C26: 우즈베키스탄(타슈켄트) | D26: 51 | E26: 51 | F26: 51 | G26: 51 | H26: 51 | I26: 51 | J26: 51 | K26: 51 | L26: 51 | M26: 51 | N26: 51 | O26: 51 | P26: 51 | Q26: 51 | R26: 67 | S26: 67 | T26: 68 | U26: 68 | V26: 68
C27: 카자흐스탄(악토베) | D27: 49 | E27: 49 | F27: 49 | G27: 48 | H27: 48 | I27: 60 | J27: 60 | K27: 60 | L27: 60 | M27: 60 | N27: 60 | O27: 60 | P27: 60 | Q27: 60 | R27: 60 | S27: 60 | T27: 50 | U27: 50 | V27: 50
U28: 0 | V28: 0
U29: 0 | V29: 0
C30: 해외개척 | D30: 236 | E30: 235 | F30: 264 | G30: 264 | H30: 262 | I30: 165 | J30: 165 | K30: 165 | L30: 165 | M30: 165 | N30: 174 | O30: 174 | P30: 174 | Q30: 174 | R30: 5 | S30: 0 | V30: 0
C31: 총합계 | D31: 643 | E31: 642 | F31: 673 | G31: 672 | H31: 672 | I31: =SUM(I21:I30) -> 672 | J31: =SUM(J21:J30) -> 670 | K31: =SUM(K21:K30) -> 671 | L31: =SUM(L21:L30) -> 673 | M31: =SUM(M21:M30) -> 674 | N31: =SUM(N21:N30) -> 702 | O31: =SUM(O21:O30) -> 701 | P31: =SUM(P21:P30) -> 700 | ... S31: =SUM(S21:S30) -> 700 | T31: 700 | U31: 699 | V31: 698
